vendor_name,vendor_category,quotation_title,guest_count,category_code,district_tier,per_person_pricing,base_unit_price,vendor_rating,is_spotlight,package_complexity,cost_tier,estimated_total_lkr,min_guest_count,max_guest_count,min_total_lkr,max_total_lkr,action_if_bad
Synthetic Photography & Videography,Photography & Videography,Luxury package,278,3,1,0,9452418,4.0,0,4,luxury,9452418,200,800,6000000,15000000,Luxury predictions usually mean 400+ pax at Rs. 10k+ pp or flagship hotels. Re-check guest count and category.
Synthetic Photography & Videography,Photography & Videography,Budget package,53,3,1,0,94594,4.4,0,3,budget,94594,50,350,25000,499999,"Look for per-person packages under Rs. 5,000 or flat vendors under Rs. 500k. Reduce guest count or pick a suburban district."
Synthetic Caters,Caters,Premium package,539,2,1,1,10433,4.3,1,3,premium,5623387,150,600,2000000,5999999,"Premium tier needs Colombo metro or top-rated vendors. If over budget, drop spotlight vendors or reduce pax."
Synthetic Jewellary,Jewellary,Mid package,334,7,2,0,541055,4.6,0,3,mid,541055,100,450,500000,1999999,You are between budget and premium. Compare 2–3 venue quotes. Keep guest count near 150–250 for mid-range halls.
Synthetic Jewellary,Jewellary,Premium package,294,7,1,0,5203470,4.3,0,3,premium,5203470,150,600,2000000,5999999,"Premium tier needs Colombo metro or top-rated vendors. If over budget, drop spotlight vendors or reduce pax."
Synthetic Caters,Caters,Premium package,350,2,2,1,12569,4.6,0,2,premium,4399150,150,600,2000000,5999999,"Premium tier needs Colombo metro or top-rated vendors. If over budget, drop spotlight vendors or reduce pax."
Synthetic Bridal Service,Bridal Service,Mid package,161,5,3,0,1517589,4.2,0,3,mid,1517589,100,450,500000,1999999,You are between budget and premium. Compare 2–3 venue quotes. Keep guest count near 150–250 for mid-range halls.
Synthetic Groom service,Groom service,Luxury package,506,6,2,0,8614137,4.6,1,2,luxury,8614137,200,800,6000000,15000000,Luxury predictions usually mean 400+ pax at Rs. 10k+ pp or flagship hotels. Re-check guest count and category.
Erosveil,Photography & Videography,Wedding Package 03,200,3,3,0,123000,4.6,0,1,budget,123000,50,350,25000,499999,"Look for per-person packages under Rs. 5,000 or flat vendors under Rs. 500k. Reduce guest count or pick a suburban district."
Synthetic Floral & Deco,Floral & Deco,Premium package,161,4,2,0,2959835,4.9,1,1,premium,2959835,150,600,2000000,5999999,"Premium tier needs Colombo metro or top-rated vendors. If over budget, drop spotlight vendors or reduce pax."
Ring Tales,Photography & Videography,Content package - reels / TikTok,200,3,3,0,35000,4.7,0,1,budget,35000,50,350,25000,499999,"Look for per-person packages under Rs. 5,000 or flat vendors under Rs. 500k. Reduce guest count or pick a suburban district."
Synthetic Floral & Deco,Floral & Deco,Premium package,491,4,1,0,4613103,4.7,0,4,premium,4613103,150,600,2000000,5999999,"Premium tier needs Colombo metro or top-rated vendors. If over budget, drop spotlight vendors or reduce pax."
Synthetic Caters,Caters,Premium package,570,2,2,1,11814,4.6,0,5,premium,6733980,150,600,2000000,5999999,"Premium tier needs Colombo metro or top-rated vendors. If over budget, drop spotlight vendors or reduce pax."
Synthetic Venue & Res. Halls,Venue & Res. Halls,Mid package,147,1,3,1,5721,4.2,0,2,mid,840987,100,450,500000,1999999,You are between budget and premium. Compare 2–3 venue quotes. Keep guest count near 150–250 for mid-range halls.
Synthetic Jewellary,Jewellary,Budget package,189,7,3,0,362314,4.3,0,1,budget,362314,50,350,25000,499999,"Look for per-person packages under Rs. 5,000 or flat vendors under Rs. 500k. Reduce guest count or pick a suburban district."
Synthetic Floral & Deco,Floral & Deco,Budget package,93,4,1,0,81024,4.1,0,2,budget,81024,50,350,25000,499999,"Look for per-person packages under Rs. 5,000 or flat vendors under Rs. 500k. Reduce guest count or pick a suburban district."
Synthetic Photography & Videography,Photography & Videography,Mid package,106,3,2,0,1293525,4.5,0,2,mid,1293525,100,450,500000,1999999,You are between budget and premium. Compare 2–3 venue quotes. Keep guest count near 150–250 for mid-range halls.
A Lasting Impression LK,Photography & Videography,Wedding-day coverage,200,3,3,0,55500,4.6,0,1,budget,55500,50,350,25000,499999,"Look for per-person packages under Rs. 5,000 or flat vendors under Rs. 500k. Reduce guest count or pick a suburban district."
Synthetic Venue & Res. Halls,Venue & Res. Halls,Luxury package,287,1,2,1,16522,4.3,1,2,luxury,4741814,200,800,6000000,15000000,Luxury predictions usually mean 400+ pax at Rs. 10k+ pp or flagship hotels. Re-check guest count and category.
Synthetic Venue & Res. Halls,Venue & Res. Halls,Luxury package,243,1,3,1,14800,4.2,0,3,luxury,3596400,200,800,6000000,15000000,Luxury predictions usually mean 400+ pax at Rs. 10k+ pp or flagship hotels. Re-check guest count and category.
Synthetic Photography & Videography,Photography & Videography,Mid package,362,3,2,0,754144,4.0,0,1,mid,754144,100,450,500000,1999999,You are between budget and premium. Compare 2–3 venue quotes. Keep guest count near 150–250 for mid-range halls.
Synthetic Cakes,Cakes,Luxury package,338,8,2,0,9585451,4.8,1,4,luxury,9585451,200,800,6000000,15000000,Luxury predictions usually mean 400+ pax at Rs. 10k+ pp or flagship hotels. Re-check guest count and category.
Synthetic Jewellary,Jewellary,Luxury package,321,7,3,0,11143681,4.8,0,3,luxury,11143681,200,800,6000000,15000000,Luxury predictions usually mean 400+ pax at Rs. 10k+ pp or flagship hotels. Re-check guest count and category.
Synthetic Floral & Deco,Floral & Deco,Premium package,309,4,2,0,3704437,4.4,0,2,premium,3704437,150,600,2000000,5999999,"Premium tier needs Colombo metro or top-rated vendors. If over budget, drop spotlight vendors or reduce pax."
Synthetic Photography & Videography,Photography & Videography,Luxury package,481,3,2,0,11468923,4.1,0,2,luxury,11468923,200,800,6000000,15000000,Luxury predictions usually mean 400+ pax at Rs. 10k+ pp or flagship hotels. Re-check guest count and category.
Studio Wow Images,Photography & Videography,Platinum Package 01,200,3,1,0,265000,4.6,0,1,budget,265000,50,350,25000,499999,"Look for per-person packages under Rs. 5,000 or flat vendors under Rs. 500k. Reduce guest count or pick a suburban district."
Synthetic Groom service,Groom service,Premium package,337,6,1,0,3093357,3.8,1,1,premium,3093357,150,600,2000000,5999999,"Premium tier needs Colombo metro or top-rated vendors. If over budget, drop spotlight vendors or reduce pax."
Synthetic Bridal Service,Bridal Service,Mid package,366,5,3,0,1061185,4.5,0,5,mid,1061185,100,450,500000,1999999,You are between budget and premium. Compare 2–3 venue quotes. Keep guest count near 150–250 for mid-range halls.
Synthetic Cakes,Cakes,Mid package,232,8,2,0,926301,4.2,0,2,mid,926301,100,450,500000,1999999,You are between budget and premium. Compare 2–3 venue quotes. Keep guest count near 150–250 for mid-range halls.
DI Photography,Photography & Videography,Videography wedding ceremony 2 cam,200,3,3,0,65000,4.6,0,1,budget,65000,50,350,25000,499999,"Look for per-person packages under Rs. 5,000 or flat vendors under Rs. 500k. Reduce guest count or pick a suburban district."
Synthetic Bridal Service,Bridal Service,Mid package,373,5,2,0,1295887,4.8,0,5,mid,1295887,100,450,500000,1999999,You are between budget and premium. Compare 2–3 venue quotes. Keep guest count near 150–250 for mid-range halls.
Synthetic Jewellary,Jewellary,Mid package,447,7,1,0,1653649,4.7,0,2,mid,1653649,100,450,500000,1999999,You are between budget and premium. Compare 2–3 venue quotes. Keep guest count near 150–250 for mid-range halls.
Synthetic Groom service,Groom service,Mid package,447,6,1,0,1083348,4.5,0,1,mid,1083348,100,450,500000,1999999,You are between budget and premium. Compare 2–3 venue quotes. Keep guest count near 150–250 for mid-range halls.
Synthetic Photography & Videography,Photography & Videography,Mid package,411,3,3,0,1504763,4.3,0,2,mid,1504763,100,450,500000,1999999,You are between budget and premium. Compare 2–3 venue quotes. Keep guest count near 150–250 for mid-range halls.
Synthetic Caters,Caters,Premium package,439,2,2,1,11666,4.7,0,3,premium,5121374,150,600,2000000,5999999,"Premium tier needs Colombo metro or top-rated vendors. If over budget, drop spotlight vendors or reduce pax."
Synthetic Caters,Caters,Budget package,306,2,3,1,4121,4.4,0,4,budget,1261026,50,350,25000,499999,"Look for per-person packages under Rs. 5,000 or flat vendors under Rs. 500k. Reduce guest count or pick a suburban district."
Synthetic Groom service,Groom service,Luxury package,270,6,3,0,8735909,4.0,0,1,luxury,8735909,200,800,6000000,15000000,Luxury predictions usually mean 400+ pax at Rs. 10k+ pp or flagship hotels. Re-check guest count and category.
Synthetic Bridal Service,Bridal Service,Premium package,286,5,1,0,2703556,4.6,0,3,premium,2703556,150,600,2000000,5999999,"Premium tier needs Colombo metro or top-rated vendors. If over budget, drop spotlight vendors or reduce pax."
Synthetic Photography & Videography,Photography & Videography,Premium package,182,3,2,0,2660726,4.2,1,3,premium,2660726,150,600,2000000,5999999,"Premium tier needs Colombo metro or top-rated vendors. If over budget, drop spotlight vendors or reduce pax."
Synthetic Venue & Res. Halls,Venue & Res. Halls,Budget package,79,1,3,1,4264,4.0,0,4,budget,336856,50,350,25000,499999,"Look for per-person packages under Rs. 5,000 or flat vendors under Rs. 500k. Reduce guest count or pick a suburban district."
The Ceylon Bliss,Photography & Videography,Wedding-day coverage,200,3,2,0,64500,4.7,0,1,budget,64500,50,350,25000,499999,"Look for per-person packages under Rs. 5,000 or flat vendors under Rs. 500k. Reduce guest count or pick a suburban district."
Synthetic Caters,Caters,Luxury package,547,2,1,1,16274,4.4,0,1,luxury,8901878,200,800,6000000,15000000,Luxury predictions usually mean 400+ pax at Rs. 10k+ pp or flagship hotels. Re-check guest count and category.
Synthetic Bridal Service,Bridal Service,Budget package,158,5,1,0,433806,3.9,0,2,budget,433806,50,350,25000,499999,"Look for per-person packages under Rs. 5,000 or flat vendors under Rs. 500k. Reduce guest count or pick a suburban district."
Synthetic Bridal Service,Bridal Service,Mid package,225,5,1,0,767007,4.5,0,3,mid,767007,100,450,500000,1999999,You are between budget and premium. Compare 2–3 venue quotes. Keep guest count near 150–250 for mid-range halls.
Synthetic Groom service,Groom service,Luxury package,608,6,2,0,7801488,4.4,0,2,luxury,7801488,200,800,6000000,15000000,Luxury predictions usually mean 400+ pax at Rs. 10k+ pp or flagship hotels. Re-check guest count and category.
Synthetic Cakes,Cakes,Mid package,378,8,1,0,1407813,4.3,0,5,mid,1407813,100,450,500000,1999999,You are between budget and premium. Compare 2–3 venue quotes. Keep guest count near 150–250 for mid-range halls.
The Barnhouse Sri Lanka,Venue & Res. Halls,All Inclusive Wedding Menu,150,1,2,1,9000,4.7,1,2,mid,1350000,100,450,500000,1999999,You are between budget and premium. Compare 2–3 venue quotes. Keep guest count near 150–250 for mid-range halls.
Synthetic Venue & Res. Halls,Venue & Res. Halls,Mid package,436,1,2,0,516116,4.2,0,2,mid,516116,100,450,500000,1999999,You are between budget and premium. Compare 2–3 venue quotes. Keep guest count near 150–250 for mid-range halls.
Authetic Weddings,Photography & Videography,Casual Session Basic,200,3,3,0,40000,4.5,0,1,budget,40000,50,350,25000,499999,"Look for per-person packages under Rs. 5,000 or flat vendors under Rs. 500k. Reduce guest count or pick a suburban district."
Synthetic Groom service,Groom service,Luxury package,279,6,3,0,6910113,4.7,0,4,luxury,6910113,200,800,6000000,15000000,Luxury predictions usually mean 400+ pax at Rs. 10k+ pp or flagship hotels. Re-check guest count and category.
Synthetic Cakes,Cakes,Luxury package,206,8,2,0,6353854,4.6,0,1,luxury,6353854,200,800,6000000,15000000,Luxury predictions usually mean 400+ pax at Rs. 10k+ pp or flagship hotels. Re-check guest count and category.
Synthetic Cakes,Cakes,Budget package,249,8,2,0,95963,4.7,0,2,budget,95963,50,350,25000,499999,"Look for per-person packages under Rs. 5,000 or flat vendors under Rs. 500k. Reduce guest count or pick a suburban district."
Synthetic Floral & Deco,Floral & Deco,Premium package,196,4,2,0,3681798,3.9,1,3,premium,3681798,150,600,2000000,5999999,"Premium tier needs Colombo metro or top-rated vendors. If over budget, drop spotlight vendors or reduce pax."
Ceylon Blooms,Floral & Deco,Wedding package,200,4,3,0,30000,4.4,0,1,budget,30000,50,350,25000,499999,"Look for per-person packages under Rs. 5,000 or flat vendors under Rs. 500k. Reduce guest count or pick a suburban district."
Synthetic Cakes,Cakes,Mid package,416,8,3,0,796837,4.9,0,2,mid,796837,100,450,500000,1999999,You are between budget and premium. Compare 2–3 venue quotes. Keep guest count near 150–250 for mid-range halls.
Synthetic Venue & Res. Halls,Venue & Res. Halls,Luxury package,434,1,1,1,20061,4.6,0,4,luxury,8706474,200,800,6000000,15000000,Luxury predictions usually mean 400+ pax at Rs. 10k+ pp or flagship hotels. Re-check guest count and category.
Synthetic Floral & Deco,Floral & Deco,Premium package,265,4,1,0,3454873,4.6,0,1,premium,3454873,150,600,2000000,5999999,"Premium tier needs Colombo metro or top-rated vendors. If over budget, drop spotlight vendors or reduce pax."
Synthetic Venue & Res. Halls,Venue & Res. Halls,Luxury package,596,1,1,0,11094921,4.1,0,2,luxury,11094921,200,800,6000000,15000000,Luxury predictions usually mean 400+ pax at Rs. 10k+ pp or flagship hotels. Re-check guest count and category.
Synthetic Caters,Caters,Premium package,177,2,2,1,12429,4.3,1,1,premium,2199933,150,600,2000000,5999999,"Premium tier needs Colombo metro or top-rated vendors. If over budget, drop spotlight vendors or reduce pax."
Synthetic Bridal Service,Bridal Service,Budget package,67,5,2,0,168844,4.4,0,5,budget,168844,50,350,25000,499999,"Look for per-person packages under Rs. 5,000 or flat vendors under Rs. 500k. Reduce guest count or pick a suburban district."
Synthetic Photography & Videography,Photography & Videography,Premium package,524,3,1,0,5040610,4.2,1,4,premium,5040610,150,600,2000000,5999999,"Premium tier needs Colombo metro or top-rated vendors. If over budget, drop spotlight vendors or reduce pax."
Synthetic Floral & Deco,Floral & Deco,Mid package,264,4,1,0,1102976,4.0,0,3,mid,1102976,100,450,500000,1999999,You are between budget and premium. Compare 2–3 venue quotes. Keep guest count near 150–250 for mid-range halls.
Synthetic Venue & Res. Halls,Venue & Res. Halls,Luxury package,270,1,2,1,12650,4.9,0,3,luxury,3415500,200,800,6000000,15000000,Luxury predictions usually mean 400+ pax at Rs. 10k+ pp or flagship hotels. Re-check guest count and category.
Synthetic Jewellary,Jewellary,Premium package,469,7,3,0,3422757,4.5,0,5,premium,3422757,150,600,2000000,5999999,"Premium tier needs Colombo metro or top-rated vendors. If over budget, drop spotlight vendors or reduce pax."
Synthetic Jewellary,Jewellary,Luxury package,378,7,2,0,9477681,4.5,1,2,luxury,9477681,200,800,6000000,15000000,Luxury predictions usually mean 400+ pax at Rs. 10k+ pp or flagship hotels. Re-check guest count and category.
Synthetic Floral & Deco,Floral & Deco,Luxury package,644,4,2,0,6796362,3.9,1,4,luxury,6796362,200,800,6000000,15000000,Luxury predictions usually mean 400+ pax at Rs. 10k+ pp or flagship hotels. Re-check guest count and category.
Synthetic Groom service,Groom service,Mid package,407,6,1,0,692330,4.7,0,1,mid,692330,100,450,500000,1999999,You are between budget and premium. Compare 2–3 venue quotes. Keep guest count near 150–250 for mid-range halls.
Synthetic Photography & Videography,Photography & Videography,Luxury package,349,3,2,0,11491474,4.5,1,5,luxury,11491474,200,800,6000000,15000000,Luxury predictions usually mean 400+ pax at Rs. 10k+ pp or flagship hotels. Re-check guest count and category.
Brides Mark,Bridal Service,Bridal saree rent,120,5,2,0,35000,4.6,1,1,budget,35000,50,350,25000,499999,"Look for per-person packages under Rs. 5,000 or flat vendors under Rs. 500k. Reduce guest count or pick a suburban district."
Synthetic Venue & Res. Halls,Venue & Res. Halls,Premium package,499,1,1,1,9156,4.6,0,2,premium,4568844,150,600,2000000,5999999,"Premium tier needs Colombo metro or top-rated vendors. If over budget, drop spotlight vendors or reduce pax."
Synthetic Bridal Service,Bridal Service,Premium package,432,5,1,0,3976899,3.9,0,4,premium,3976899,150,600,2000000,5999999,"Premium tier needs Colombo metro or top-rated vendors. If over budget, drop spotlight vendors or reduce pax."
Synthetic Bridal Service,Bridal Service,Budget package,316,5,1,0,170318,3.9,0,4,budget,170318,50,350,25000,499999,"Look for per-person packages under Rs. 5,000 or flat vendors under Rs. 500k. Reduce guest count or pick a suburban district."
Synthetic Jewellary,Jewellary,Premium package,314,7,2,0,5004199,4.5,1,2,premium,5004199,150,600,2000000,5999999,"Premium tier needs Colombo metro or top-rated vendors. If over budget, drop spotlight vendors or reduce pax."
Synthetic Venue & Res. Halls,Venue & Res. Halls,Premium package,500,1,2,1,9318,4.0,0,1,premium,4659000,150,600,2000000,5999999,"Premium tier needs Colombo metro or top-rated vendors. If over budget, drop spotlight vendors or reduce pax."
Synthetic Groom service,Groom service,Mid package,126,6,2,0,1114209,4.7,0,3,mid,1114209,100,450,500000,1999999,You are between budget and premium. Compare 2–3 venue quotes. Keep guest count near 150–250 for mid-range halls.
Synthetic Venue & Res. Halls,Venue & Res. Halls,Budget package,250,1,2,1,3572,4.8,0,5,budget,893000,50,350,25000,499999,"Look for per-person packages under Rs. 5,000 or flat vendors under Rs. 500k. Reduce guest count or pick a suburban district."
Synthetic Photography & Videography,Photography & Videography,Luxury package,701,3,2,0,6775506,4.9,0,1,luxury,6775506,200,800,6000000,15000000,Luxury predictions usually mean 400+ pax at Rs. 10k+ pp or flagship hotels. Re-check guest count and category.
Synthetic Cakes,Cakes,Mid package,428,8,2,0,1427662,4.6,0,3,mid,1427662,100,450,500000,1999999,You are between budget and premium. Compare 2–3 venue quotes. Keep guest count near 150–250 for mid-range halls.
Synthetic Caters,Caters,Budget package,261,2,2,0,227939,4.5,0,5,budget,227939,50,350,25000,499999,"Look for per-person packages under Rs. 5,000 or flat vendors under Rs. 500k. Reduce guest count or pick a suburban district."
Synthetic Floral & Deco,Floral & Deco,Luxury package,600,4,1,0,10060645,4.3,1,3,luxury,10060645,200,800,6000000,15000000,Luxury predictions usually mean 400+ pax at Rs. 10k+ pp or flagship hotels. Re-check guest count and category.
Myrrah Weddings,Photography & Videography,All In One Photo + Video,200,3,3,0,250000,4.7,1,1,budget,250000,50,350,25000,499999,"Look for per-person packages under Rs. 5,000 or flat vendors under Rs. 500k. Reduce guest count or pick a suburban district."
Synthetic Bridal Service,Bridal Service,Mid package,309,5,3,0,1660303,4.6,0,3,mid,1660303,100,450,500000,1999999,You are between budget and premium. Compare 2–3 venue quotes. Keep guest count near 150–250 for mid-range halls.
Synthetic Floral & Deco,Floral & Deco,Premium package,324,4,3,0,3440755,4.3,0,4,premium,3440755,150,600,2000000,5999999,"Premium tier needs Colombo metro or top-rated vendors. If over budget, drop spotlight vendors or reduce pax."
Synthetic Photography & Videography,Photography & Videography,Luxury package,608,3,1,0,11811902,4.0,0,3,luxury,11811902,200,800,6000000,15000000,Luxury predictions usually mean 400+ pax at Rs. 10k+ pp or flagship hotels. Re-check guest count and category.
Synthetic Venue & Res. Halls,Venue & Res. Halls,Luxury package,628,1,1,1,17559,4.6,1,1,luxury,11027052,200,800,6000000,15000000,Luxury predictions usually mean 400+ pax at Rs. 10k+ pp or flagship hotels. Re-check guest count and category.
Synthetic Groom service,Groom service,Premium package,412,6,1,0,4620581,3.9,0,4,premium,4620581,150,600,2000000,5999999,"Premium tier needs Colombo metro or top-rated vendors. If over budget, drop spotlight vendors or reduce pax."
Synthetic Cakes,Cakes,Luxury package,490,8,1,0,7506369,4.4,0,1,luxury,7506369,200,800,6000000,15000000,Luxury predictions usually mean 400+ pax at Rs. 10k+ pp or flagship hotels. Re-check guest count and category.
Synthetic Bridal Service,Bridal Service,Budget package,170,5,3,0,213675,4.5,0,2,budget,213675,50,350,25000,499999,"Look for per-person packages under Rs. 5,000 or flat vendors under Rs. 500k. Reduce guest count or pick a suburban district."
Synthetic Caters,Caters,Budget package,240,2,1,1,5915,4.3,0,1,budget,1419600,50,350,25000,499999,"Look for per-person packages under Rs. 5,000 or flat vendors under Rs. 500k. Reduce guest count or pick a suburban district."
Synthetic Floral & Deco,Floral & Deco,Luxury package,460,4,3,0,7353914,4.3,0,5,luxury,7353914,200,800,6000000,15000000,Luxury predictions usually mean 400+ pax at Rs. 10k+ pp or flagship hotels. Re-check guest count and category.
Synthetic Venue & Res. Halls,Venue & Res. Halls,Luxury package,781,1,1,1,12859,4.6,0,1,luxury,10042879,200,800,6000000,15000000,Luxury predictions usually mean 400+ pax at Rs. 10k+ pp or flagship hotels. Re-check guest count and category.
Synthetic Photography & Videography,Photography & Videography,Luxury package,281,3,3,0,10837323,4.1,0,4,luxury,10837323,200,800,6000000,15000000,Luxury predictions usually mean 400+ pax at Rs. 10k+ pp or flagship hotels. Re-check guest count and category.
Nuwara Eliya Flower Centre,Floral & Deco,Wedding package,200,4,1,0,25000,4.6,0,1,budget,25000,50,350,25000,499999,"Look for per-person packages under Rs. 5,000 or flat vendors under Rs. 500k. Reduce guest count or pick a suburban district."
Synthetic Caters,Caters,Budget package,344,2,3,0,356073,4.5,0,4,budget,356073,50,350,25000,499999,"Look for per-person packages under Rs. 5,000 or flat vendors under Rs. 500k. Reduce guest count or pick a suburban district."
Synthetic Floral & Deco,Floral & Deco,Luxury package,513,4,2,0,11450022,4.1,0,2,luxury,11450022,200,800,6000000,15000000,Luxury predictions usually mean 400+ pax at Rs. 10k+ pp or flagship hotels. Re-check guest count and category.
Synthetic Bridal Service,Bridal Service,Luxury package,526,5,1,0,9085570,4.0,0,3,luxury,9085570,200,800,6000000,15000000,Luxury predictions usually mean 400+ pax at Rs. 10k+ pp or flagship hotels. Re-check guest count and category.
Synthetic Jewellary,Jewellary,Mid package,267,7,1,0,900833,4.1,0,2,mid,900833,100,450,500000,1999999,You are between budget and premium. Compare 2–3 venue quotes. Keep guest count near 150–250 for mid-range halls.
Synthetic Photography & Videography,Photography & Videography,Premium package,393,3,2,0,2353329,3.9,1,3,premium,2353329,150,600,2000000,5999999,"Premium tier needs Colombo metro or top-rated vendors. If over budget, drop spotlight vendors or reduce pax."
Grand Minaro Crystal Ballroom,Venue & Res. Halls,Platinum Package 150 pax,150,1,3,1,1265000,4.8,1,1,luxury,189750000,200,800,6000000,15000000,Luxury predictions usually mean 400+ pax at Rs. 10k+ pp or flagship hotels. Re-check guest count and category.
Synthetic Photography & Videography,Photography & Videography,Luxury package,234,3,2,0,6707252,4.7,0,5,luxury,6707252,200,800,6000000,15000000,Luxury predictions usually mean 400+ pax at Rs. 10k+ pp or flagship hotels. Re-check guest count and category.
Synthetic Venue & Res. Halls,Venue & Res. Halls,Mid package,333,1,3,0,1558090,4.3,0,2,mid,1558090,100,450,500000,1999999,You are between budget and premium. Compare 2–3 venue quotes. Keep guest count near 150–250 for mid-range halls.
Synthetic Photography & Videography,Photography & Videography,Mid package,426,3,2,0,1350077,4.7,0,1,mid,1350077,100,450,500000,1999999,You are between budget and premium. Compare 2–3 venue quotes. Keep guest count near 150–250 for mid-range halls.
Synthetic Cakes,Cakes,Budget package,270,8,3,0,244733,4.2,0,3,budget,244733,50,350,25000,499999,"Look for per-person packages under Rs. 5,000 or flat vendors under Rs. 500k. Reduce guest count or pick a suburban district."
Synthetic Groom service,Groom service,Premium package,418,6,2,0,4383383,4.4,0,2,premium,4383383,150,600,2000000,5999999,"Premium tier needs Colombo metro or top-rated vendors. If over budget, drop spotlight vendors or reduce pax."
Synthetic Jewellary,Jewellary,Budget package,166,7,1,0,84394,4.6,0,4,budget,84394,50,350,25000,499999,"Look for per-person packages under Rs. 5,000 or flat vendors under Rs. 500k. Reduce guest count or pick a suburban district."
Synthetic Caters,Caters,Mid package,117,2,3,0,1217929,4.4,0,5,mid,1217929,100,450,500000,1999999,You are between budget and premium. Compare 2–3 venue quotes. Keep guest count near 150–250 for mid-range halls.
Synthetic Photography & Videography,Photography & Videography,Mid package,120,3,3,0,1195367,4.0,0,4,mid,1195367,100,450,500000,1999999,You are between budget and premium. Compare 2–3 venue quotes. Keep guest count near 150–250 for mid-range halls.
Synthetic Floral & Deco,Floral & Deco,Budget package,266,4,2,0,273241,4.5,0,1,budget,273241,50,350,25000,499999,"Look for per-person packages under Rs. 5,000 or flat vendors under Rs. 500k. Reduce guest count or pick a suburban district."
Synthetic Groom service,Groom service,Mid package,406,6,1,0,1102778,4.4,0,3,mid,1102778,100,450,500000,1999999,You are between budget and premium. Compare 2–3 venue quotes. Keep guest count near 150–250 for mid-range halls.
Mahaweli Reach Hotel,Venue & Res. Halls,Wedding package,150,1,2,0,1000000,4.6,0,1,mid,1000000,100,450,500000,1999999,You are between budget and premium. Compare 2–3 venue quotes. Keep guest count near 150–250 for mid-range halls.
Synthetic Jewellary,Jewellary,Mid package,430,7,1,0,1492997,4.5,0,2,mid,1492997,100,450,500000,1999999,You are between budget and premium. Compare 2–3 venue quotes. Keep guest count near 150–250 for mid-range halls.
Synthetic Bridal Service,Bridal Service,Premium package,175,5,1,0,2507199,4.0,1,3,premium,2507199,150,600,2000000,5999999,"Premium tier needs Colombo metro or top-rated vendors. If over budget, drop spotlight vendors or reduce pax."
Synthetic Bridal Service,Bridal Service,Premium package,584,5,3,0,5173825,4.6,0,1,premium,5173825,150,600,2000000,5999999,"Premium tier needs Colombo metro or top-rated vendors. If over budget, drop spotlight vendors or reduce pax."
Synthetic Jewellary,Jewellary,Luxury package,216,7,3,0,10230974,4.0,0,1,luxury,10230974,200,800,6000000,15000000,Luxury predictions usually mean 400+ pax at Rs. 10k+ pp or flagship hotels. Re-check guest count and category.
Synthetic Caters,Caters,Mid package,398,2,1,1,6531,4.8,0,1,mid,2599338,100,450,500000,1999999,You are between budget and premium. Compare 2–3 venue quotes. Keep guest count near 150–250 for mid-range halls.
Synthetic Cakes,Cakes,Budget package,139,8,2,0,141800,4.2,0,1,budget,141800,50,350,25000,499999,"Look for per-person packages under Rs. 5,000 or flat vendors under Rs. 500k. Reduce guest count or pick a suburban district."
Synthetic Venue & Res. Halls,Venue & Res. Halls,Premium package,462,1,2,1,13535,4.7,0,3,premium,6253170,150,600,2000000,5999999,"Premium tier needs Colombo metro or top-rated vendors. If over budget, drop spotlight vendors or reduce pax."
Synthetic Cakes,Cakes,Mid package,444,8,2,0,1782707,4.5,0,3,mid,1782707,100,450,500000,1999999,You are between budget and premium. Compare 2–3 venue quotes. Keep guest count near 150–250 for mid-range halls.
Synthetic Jewellary,Jewellary,Budget package,256,7,2,0,297377,4.2,0,5,budget,297377,50,350,25000,499999,"Look for per-person packages under Rs. 5,000 or flat vendors under Rs. 500k. Reduce guest count or pick a suburban district."
Synthetic Cakes,Cakes,Luxury package,713,8,3,0,10219436,4.7,0,5,luxury,10219436,200,800,6000000,15000000,Luxury predictions usually mean 400+ pax at Rs. 10k+ pp or flagship hotels. Re-check guest count and category.
Synthetic Floral & Deco,Floral & Deco,Luxury package,679,4,3,0,7180795,4.3,0,4,luxury,7180795,200,800,6000000,15000000,Luxury predictions usually mean 400+ pax at Rs. 10k+ pp or flagship hotels. Re-check guest count and category.
Synthetic Caters,Caters,Premium package,589,2,2,1,13432,4.8,1,2,premium,7911448,150,600,2000000,5999999,"Premium tier needs Colombo metro or top-rated vendors. If over budget, drop spotlight vendors or reduce pax."
Synthetic Photography & Videography,Photography & Videography,Premium package,538,3,1,0,2539668,4.5,0,2,premium,2539668,150,600,2000000,5999999,"Premium tier needs Colombo metro or top-rated vendors. If over budget, drop spotlight vendors or reduce pax."
Synthetic Photography & Videography,Photography & Videography,Budget package,188,3,2,0,310712,3.9,0,2,budget,310712,50,350,25000,499999,"Look for per-person packages under Rs. 5,000 or flat vendors under Rs. 500k. Reduce guest count or pick a suburban district."
Synthetic Caters,Caters,Budget package,96,2,3,1,5479,4.4,0,2,budget,525984,50,350,25000,499999,"Look for per-person packages under Rs. 5,000 or flat vendors under Rs. 500k. Reduce guest count or pick a suburban district."
Synthetic Venue & Res. Halls,Venue & Res. Halls,Luxury package,374,1,1,0,10942046,4.7,1,2,luxury,10942046,200,800,6000000,15000000,Luxury predictions usually mean 400+ pax at Rs. 10k+ pp or flagship hotels. Re-check guest count and category.
Synthetic Floral & Deco,Floral & Deco,Budget package,268,4,2,0,279870,4.5,0,4,budget,279870,50,350,25000,499999,"Look for per-person packages under Rs. 5,000 or flat vendors under Rs. 500k. Reduce guest count or pick a suburban district."
Synthetic Jewellary,Jewellary,Mid package,229,7,2,0,696291,4.8,0,3,mid,696291,100,450,500000,1999999,You are between budget and premium. Compare 2–3 venue quotes. Keep guest count near 150–250 for mid-range halls.
Synthetic Jewellary,Jewellary,Premium package,241,7,1,0,3443087,3.9,0,4,premium,3443087,150,600,2000000,5999999,"Premium tier needs Colombo metro or top-rated vendors. If over budget, drop spotlight vendors or reduce pax."
Synthetic Photography & Videography,Photography & Videography,Budget package,107,3,1,0,215488,4.8,0,4,budget,215488,50,350,25000,499999,"Look for per-person packages under Rs. 5,000 or flat vendors under Rs. 500k. Reduce guest count or pick a suburban district."
Synthetic Venue & Res. Halls,Venue & Res. Halls,Luxury package,477,1,1,1,19712,4.1,0,4,luxury,9402624,200,800,6000000,15000000,Luxury predictions usually mean 400+ pax at Rs. 10k+ pp or flagship hotels. Re-check guest count and category.
Synthetic Caters,Caters,Luxury package,258,2,1,1,19487,4.1,0,1,luxury,5027646,200,800,6000000,15000000,Luxury predictions usually mean 400+ pax at Rs. 10k+ pp or flagship hotels. Re-check guest count and category.
Synthetic Jewellary,Jewellary,Mid package,273,7,1,0,967566,4.3,0,4,mid,967566,100,450,500000,1999999,You are between budget and premium. Compare 2–3 venue quotes. Keep guest count near 150–250 for mid-range halls.
Grand Mondo Luxury Banquets,Venue & Res. Halls,Gold menu 200 pax (handwritten),150,1,3,0,1243800,4.7,1,1,mid,1243800,100,450,500000,1999999,You are between budget and premium. Compare 2–3 venue quotes. Keep guest count near 150–250 for mid-range halls.
Synthetic Venue & Res. Halls,Venue & Res. Halls,Mid package,408,1,1,0,926150,4.3,0,4,mid,926150,100,450,500000,1999999,You are between budget and premium. Compare 2–3 venue quotes. Keep guest count near 150–250 for mid-range halls.
Synthetic Caters,Caters,Premium package,396,2,1,1,10894,4.1,0,3,premium,4314024,150,600,2000000,5999999,"Premium tier needs Colombo metro or top-rated vendors. If over budget, drop spotlight vendors or reduce pax."
Synthetic Floral & Deco,Floral & Deco,Luxury package,225,4,2,0,6084652,4.0,0,4,luxury,6084652,200,800,6000000,15000000,Luxury predictions usually mean 400+ pax at Rs. 10k+ pp or flagship hotels. Re-check guest count and category.
Synthetic Venue & Res. Halls,Venue & Res. Halls,Luxury package,287,1,3,1,21057,4.3,0,4,luxury,6043359,200,800,6000000,15000000,Luxury predictions usually mean 400+ pax at Rs. 10k+ pp or flagship hotels. Re-check guest count and category.
Synthetic Cakes,Cakes,Luxury package,664,8,1,0,9532550,4.8,1,4,luxury,9532550,200,800,6000000,15000000,Luxury predictions usually mean 400+ pax at Rs. 10k+ pp or flagship hotels. Re-check guest count and category.
Synthetic Jewellary,Jewellary,Luxury package,209,7,1,0,11352237,4.0,0,1,luxury,11352237,200,800,6000000,15000000,Luxury predictions usually mean 400+ pax at Rs. 10k+ pp or flagship hotels. Re-check guest count and category.
Synthetic Floral & Deco,Floral & Deco,Premium package,329,4,2,0,3124902,4.0,0,1,premium,3124902,150,600,2000000,5999999,"Premium tier needs Colombo metro or top-rated vendors. If over budget, drop spotlight vendors or reduce pax."
Synthetic Groom service,Groom service,Budget package,78,6,2,0,422774,3.9,0,3,budget,422774,50,350,25000,499999,"Look for per-person packages under Rs. 5,000 or flat vendors under Rs. 500k. Reduce guest count or pick a suburban district."
Synthetic Floral & Deco,Floral & Deco,Luxury package,462,4,3,0,10477642,4.4,0,5,luxury,10477642,200,800,6000000,15000000,Luxury predictions usually mean 400+ pax at Rs. 10k+ pp or flagship hotels. Re-check guest count and category.
Synthetic Jewellary,Jewellary,Mid package,143,7,1,0,626014,4.6,0,5,mid,626014,100,450,500000,1999999,You are between budget and premium. Compare 2–3 venue quotes. Keep guest count near 150–250 for mid-range halls.
Synthetic Groom service,Groom service,Luxury package,656,6,2,0,10231587,4.4,0,5,luxury,10231587,200,800,6000000,15000000,Luxury predictions usually mean 400+ pax at Rs. 10k+ pp or flagship hotels. Re-check guest count and category.
Grand Mondo Luxury Banquets,Venue & Res. Halls,Platinum Menu,150,1,3,1,8500,4.7,1,1,mid,1275000,100,450,500000,1999999,You are between budget and premium. Compare 2–3 venue quotes. Keep guest count near 150–250 for mid-range halls.
Synthetic Caters,Caters,Mid package,257,2,3,1,6205,4.2,0,1,mid,1594685,100,450,500000,1999999,You are between budget and premium. Compare 2–3 venue quotes. Keep guest count near 150–250 for mid-range halls.
Synthetic Jewellary,Jewellary,Premium package,248,7,3,0,3948307,4.5,1,5,premium,3948307,150,600,2000000,5999999,"Premium tier needs Colombo metro or top-rated vendors. If over budget, drop spotlight vendors or reduce pax."
Synthetic Groom service,Groom service,Budget package,156,6,3,0,355812,4.8,0,4,budget,355812,50,350,25000,499999,"Look for per-person packages under Rs. 5,000 or flat vendors under Rs. 500k. Reduce guest count or pick a suburban district."
Yarara Photography,Photography & Videography,Wedding-day coverage,200,3,2,0,96000,4.7,0,1,budget,96000,50,350,25000,499999,"Look for per-person packages under Rs. 5,000 or flat vendors under Rs. 500k. Reduce guest count or pick a suburban district."
Synthetic Bridal Service,Bridal Service,Luxury package,296,5,3,0,8832225,3.8,0,2,luxury,8832225,200,800,6000000,15000000,Luxury predictions usually mean 400+ pax at Rs. 10k+ pp or flagship hotels. Re-check guest count and category.
Synthetic Floral & Deco,Floral & Deco,Mid package,359,4,3,0,1253564,4.7,0,1,mid,1253564,100,450,500000,1999999,You are between budget and premium. Compare 2–3 venue quotes. Keep guest count near 150–250 for mid-range halls.
Synthetic Caters,Caters,Mid package,251,2,1,1,9334,4.9,0,3,mid,2342834,100,450,500000,1999999,You are between budget and premium. Compare 2–3 venue quotes. Keep guest count near 150–250 for mid-range halls.
Synthetic Venue & Res. Halls,Venue & Res. Halls,Premium package,160,1,1,1,12891,4.5,0,3,premium,2062560,150,600,2000000,5999999,"Premium tier needs Colombo metro or top-rated vendors. If over budget, drop spotlight vendors or reduce pax."
Synthetic Groom service,Groom service,Budget package,91,6,3,0,277314,4.7,0,3,budget,277314,50,350,25000,499999,"Look for per-person packages under Rs. 5,000 or flat vendors under Rs. 500k. Reduce guest count or pick a suburban district."
Revival Ridge,Photography & Videography,Pre-shoot / engagement,200,3,3,0,35700,4.7,0,1,budget,35700,50,350,25000,499999,"Look for per-person packages under Rs. 5,000 or flat vendors under Rs. 500k. Reduce guest count or pick a suburban district."
Jetwing Beach,Venue & Res. Halls,Wedding package,150,1,2,0,1200000,4.6,0,1,mid,1200000,100,450,500000,1999999,You are between budget and premium. Compare 2–3 venue quotes. Keep guest count near 150–250 for mid-range halls.
Synthetic Cakes,Cakes,Luxury package,415,8,2,0,10212330,4.0,0,1,luxury,10212330,200,800,6000000,15000000,Luxury predictions usually mean 400+ pax at Rs. 10k+ pp or flagship hotels. Re-check guest count and category.
Synthetic Cakes,Cakes,Mid package,134,8,1,0,728979,4.3,0,3,mid,728979,100,450,500000,1999999,You are between budget and premium. Compare 2–3 venue quotes. Keep guest count near 150–250 for mid-range halls.
Synthetic Bridal Service,Bridal Service,Luxury package,492,5,1,0,6892286,4.3,0,4,luxury,6892286,200,800,6000000,15000000,Luxury predictions usually mean 400+ pax at Rs. 10k+ pp or flagship hotels. Re-check guest count and category.
Synthetic Venue & Res. Halls,Venue & Res. Halls,Mid package,250,1,2,1,8587,4.7,0,4,mid,2146750,100,450,500000,1999999,You are between budget and premium. Compare 2–3 venue quotes. Keep guest count near 150–250 for mid-range halls.
Synthetic Photography & Videography,Photography & Videography,Mid package,365,3,2,0,1066977,4.3,0,5,mid,1066977,100,450,500000,1999999,You are between budget and premium. Compare 2–3 venue quotes. Keep guest count near 150–250 for mid-range halls.
Hair Avenue,Bridal Service,Add-ons,120,5,3,0,1500,4.6,1,1,budget,1500,50,350,25000,499999,"Look for per-person packages under Rs. 5,000 or flat vendors under Rs. 500k. Reduce guest count or pick a suburban district."
Synthetic Jewellary,Jewellary,Premium package,571,7,2,0,4978629,4.5,0,4,premium,4978629,150,600,2000000,5999999,"Premium tier needs Colombo metro or top-rated vendors. If over budget, drop spotlight vendors or reduce pax."
Synthetic Jewellary,Jewellary,Luxury package,553,7,2,0,7567860,3.8,1,5,luxury,7567860,200,800,6000000,15000000,Luxury predictions usually mean 400+ pax at Rs. 10k+ pp or flagship hotels. Re-check guest count and category.
Synthetic Bridal Service,Bridal Service,Premium package,539,5,2,0,5469893,4.6,0,2,premium,5469893,150,600,2000000,5999999,"Premium tier needs Colombo metro or top-rated vendors. If over budget, drop spotlight vendors or reduce pax."
Synthetic Jewellary,Jewellary,Luxury package,776,7,3,0,11301189,4.3,1,4,luxury,11301189,200,800,6000000,15000000,Luxury predictions usually mean 400+ pax at Rs. 10k+ pp or flagship hotels. Re-check guest count and category.
Synthetic Caters,Caters,Premium package,380,2,2,1,12546,4.4,0,4,premium,4767480,150,600,2000000,5999999,"Premium tier needs Colombo metro or top-rated vendors. If over budget, drop spotlight vendors or reduce pax."
Blooming Affair,Floral & Deco,Wedding package,200,4,3,0,35000,4.5,0,1,budget,35000,50,350,25000,499999,"Look for per-person packages under Rs. 5,000 or flat vendors under Rs. 500k. Reduce guest count or pick a suburban district."
Synthetic Jewellary,Jewellary,Luxury package,744,7,1,0,8127075,4.2,0,2,luxury,8127075,200,800,6000000,15000000,Luxury predictions usually mean 400+ pax at Rs. 10k+ pp or flagship hotels. Re-check guest count and category.
Synthetic Bridal Service,Bridal Service,Premium package,374,5,2,0,4135085,3.8,0,3,premium,4135085,150,600,2000000,5999999,"Premium tier needs Colombo metro or top-rated vendors. If over budget, drop spotlight vendors or reduce pax."
Synthetic Caters,Caters,Mid package,201,2,3,0,845840,4.7,0,4,mid,845840,100,450,500000,1999999,You are between budget and premium. Compare 2–3 venue quotes. Keep guest count near 150–250 for mid-range halls.
Synthetic Groom service,Groom service,Luxury package,589,6,2,0,11927224,4.1,1,3,luxury,11927224,200,800,6000000,15000000,Luxury predictions usually mean 400+ pax at Rs. 10k+ pp or flagship hotels. Re-check guest count and category.
Synthetic Venue & Res. Halls,Venue & Res. Halls,Luxury package,333,1,1,1,15645,4.5,0,5,luxury,5209785,200,800,6000000,15000000,Luxury predictions usually mean 400+ pax at Rs. 10k+ pp or flagship hotels. Re-check guest count and category.
Synthetic Cakes,Cakes,Budget package,282,8,3,0,415487,4.1,0,2,budget,415487,50,350,25000,499999,"Look for per-person packages under Rs. 5,000 or flat vendors under Rs. 500k. Reduce guest count or pick a suburban district."
Synthetic Cakes,Cakes,Premium package,516,8,1,0,2130062,4.5,0,2,premium,2130062,150,600,2000000,5999999,"Premium tier needs Colombo metro or top-rated vendors. If over budget, drop spotlight vendors or reduce pax."
Synthetic Groom service,Groom service,Mid package,338,6,1,0,842518,4.5,0,2,mid,842518,100,450,500000,1999999,You are between budget and premium. Compare 2–3 venue quotes. Keep guest count near 150–250 for mid-range halls.
Synthetic Venue & Res. Halls,Venue & Res. Halls,Premium package,447,1,1,1,13373,3.9,1,4,premium,5977731,150,600,2000000,5999999,"Premium tier needs Colombo metro or top-rated vendors. If over budget, drop spotlight vendors or reduce pax."
Synthetic Jewellary,Jewellary,Mid package,403,7,2,0,978702,4.4,0,2,mid,978702,100,450,500000,1999999,You are between budget and premium. Compare 2–3 venue quotes. Keep guest count near 150–250 for mid-range halls.
Synthetic Cakes,Cakes,Luxury package,591,8,1,0,11309493,4.3,1,1,luxury,11309493,200,800,6000000,15000000,Luxury predictions usually mean 400+ pax at Rs. 10k+ pp or flagship hotels. Re-check guest count and category.
Synthetic Jewellary,Jewellary,Premium package,240,7,2,0,4940199,3.9,0,2,premium,4940199,150,600,2000000,5999999,"Premium tier needs Colombo metro or top-rated vendors. If over budget, drop spotlight vendors or reduce pax."
Synthetic Venue & Res. Halls,Venue & Res. Halls,Mid package,415,1,1,1,5995,4.3,0,3,mid,2487925,100,450,500000,1999999,You are between budget and premium. Compare 2–3 venue quotes. Keep guest count near 150–250 for mid-range halls.
Synthetic Cakes,Cakes,Luxury package,390,8,2,0,8703241,4.7,1,5,luxury,8703241,200,800,6000000,15000000,Luxury predictions usually mean 400+ pax at Rs. 10k+ pp or flagship hotels. Re-check guest count and category.
Synthetic Jewellary,Jewellary,Premium package,210,7,1,0,4467057,4.0,0,4,premium,4467057,150,600,2000000,5999999,"Premium tier needs Colombo metro or top-rated vendors. If over budget, drop spotlight vendors or reduce pax."
Synthetic Caters,Caters,Mid package,387,2,2,1,5960,4.8,0,5,mid,2306520,100,450,500000,1999999,You are between budget and premium. Compare 2–3 venue quotes. Keep guest count near 150–250 for mid-range halls.
Synthetic Jewellary,Jewellary,Mid package,395,7,1,0,1613332,4.6,0,4,mid,1613332,100,450,500000,1999999,You are between budget and premium. Compare 2–3 venue quotes. Keep guest count near 150–250 for mid-range halls.
Synthetic Photography & Videography,Photography & Videography,Luxury package,681,3,2,0,10658107,3.8,0,2,luxury,10658107,200,800,6000000,15000000,Luxury predictions usually mean 400+ pax at Rs. 10k+ pp or flagship hotels. Re-check guest count and category.
Synthetic Cakes,Cakes,Luxury package,795,8,1,0,9866241,4.7,0,5,luxury,9866241,200,800,6000000,15000000,Luxury predictions usually mean 400+ pax at Rs. 10k+ pp or flagship hotels. Re-check guest count and category.
Synthetic Photography & Videography,Photography & Videography,Premium package,249,3,3,0,2285048,4.3,0,3,premium,2285048,150,600,2000000,5999999,"Premium tier needs Colombo metro or top-rated vendors. If over budget, drop spotlight vendors or reduce pax."
Synthetic Bridal Service,Bridal Service,Premium package,267,5,1,0,4511318,4.1,0,1,premium,4511318,150,600,2000000,5999999,"Premium tier needs Colombo metro or top-rated vendors. If over budget, drop spotlight vendors or reduce pax."
Synthetic Cakes,Cakes,Mid package,297,8,1,0,1607788,4.6,0,1,mid,1607788,100,450,500000,1999999,You are between budget and premium. Compare 2–3 venue quotes. Keep guest count near 150–250 for mid-range halls.
Synthetic Venue & Res. Halls,Venue & Res. Halls,Budget package,275,1,3,0,159269,4.4,0,3,budget,159269,50,350,25000,499999,"Look for per-person packages under Rs. 5,000 or flat vendors under Rs. 500k. Reduce guest count or pick a suburban district."
Synthetic Cakes,Cakes,Premium package,313,8,1,0,3191052,4.5,0,2,premium,3191052,150,600,2000000,5999999,"Premium tier needs Colombo metro or top-rated vendors. If over budget, drop spotlight vendors or reduce pax."
Synthetic Floral & Deco,Floral & Deco,Budget package,297,4,2,0,260698,4.0,0,1,budget,260698,50,350,25000,499999,"Look for per-person packages under Rs. 5,000 or flat vendors under Rs. 500k. Reduce guest count or pick a suburban district."
Romance Wedding Photography,Photography & Videography,Evermore Chapter ( + homecoming),200,3,3,0,295000,4.8,1,1,budget,295000,50,350,25000,499999,"Look for per-person packages under Rs. 5,000 or flat vendors under Rs. 500k. Reduce guest count or pick a suburban district."
Synthetic Cakes,Cakes,Budget package,68,8,2,0,89738,3.9,0,3,budget,89738,50,350,25000,499999,"Look for per-person packages under Rs. 5,000 or flat vendors under Rs. 500k. Reduce guest count or pick a suburban district."
Synthetic Jewellary,Jewellary,Premium package,447,7,1,0,3048293,4.4,1,3,premium,3048293,150,600,2000000,5999999,"Premium tier needs Colombo metro or top-rated vendors. If over budget, drop spotlight vendors or reduce pax."
Synthetic Photography & Videography,Photography & Videography,Mid package,365,3,2,0,1273746,3.8,0,2,mid,1273746,100,450,500000,1999999,You are between budget and premium. Compare 2–3 venue quotes. Keep guest count near 150–250 for mid-range halls.
Synthetic Caters,Caters,Mid package,132,2,2,0,1524130,4.1,0,3,mid,1524130,100,450,500000,1999999,You are between budget and premium. Compare 2–3 venue quotes. Keep guest count near 150–250 for mid-range halls.
Synthetic Groom service,Groom service,Luxury package,734,6,3,0,7935218,4.8,0,5,luxury,7935218,200,800,6000000,15000000,Luxury predictions usually mean 400+ pax at Rs. 10k+ pp or flagship hotels. Re-check guest count and category.
Synthetic Caters,Caters,Luxury package,557,2,2,0,8768886,4.0,0,4,luxury,8768886,200,800,6000000,15000000,Luxury predictions usually mean 400+ pax at Rs. 10k+ pp or flagship hotels. Re-check guest count and category.
The Blue Water Hotel and Spa,Venue & Res. Halls,Option 01,150,1,2,1,9185,4.8,1,1,mid,1377750,100,450,500000,1999999,You are between budget and premium. Compare 2–3 venue quotes. Keep guest count near 150–250 for mid-range halls.
WEDDZ Studio,Photography & Videography,Pre-shoot / engagement,200,3,3,0,30000,4.5,0,1,budget,30000,50,350,25000,499999,"Look for per-person packages under Rs. 5,000 or flat vendors under Rs. 500k. Reduce guest count or pick a suburban district."
Synthetic Bridal Service,Bridal Service,Mid package,275,5,2,0,1139356,4.8,0,5,mid,1139356,100,450,500000,1999999,You are between budget and premium. Compare 2–3 venue quotes. Keep guest count near 150–250 for mid-range halls.
Synthetic Photography & Videography,Photography & Videography,Budget package,115,3,2,0,58196,4.1,0,5,budget,58196,50,350,25000,499999,"Look for per-person packages under Rs. 5,000 or flat vendors under Rs. 500k. Reduce guest count or pick a suburban district."
Synthetic Groom service,Groom service,Budget package,193,6,1,0,210789,4.5,0,5,budget,210789,50,350,25000,499999,"Look for per-person packages under Rs. 5,000 or flat vendors under Rs. 500k. Reduce guest count or pick a suburban district."
Synthetic Floral & Deco,Floral & Deco,Premium package,222,4,2,0,4330487,4.7,0,4,premium,4330487,150,600,2000000,5999999,"Premium tier needs Colombo metro or top-rated vendors. If over budget, drop spotlight vendors or reduce pax."
Synthetic Groom service,Groom service,Premium package,573,6,2,0,4179978,4.8,1,4,premium,4179978,150,600,2000000,5999999,"Premium tier needs Colombo metro or top-rated vendors. If over budget, drop spotlight vendors or reduce pax."
Synthetic Cakes,Cakes,Premium package,186,8,2,0,3009114,4.8,1,3,premium,3009114,150,600,2000000,5999999,"Premium tier needs Colombo metro or top-rated vendors. If over budget, drop spotlight vendors or reduce pax."
DI Photography,Photography & Videography,Homecoming Gold,200,3,3,0,85000,4.6,0,1,budget,85000,50,350,25000,499999,"Look for per-person packages under Rs. 5,000 or flat vendors under Rs. 500k. Reduce guest count or pick a suburban district."
Synthetic Jewellary,Jewellary,Luxury package,340,7,1,0,7304570,4.0,1,2,luxury,7304570,200,800,6000000,15000000,Luxury predictions usually mean 400+ pax at Rs. 10k+ pp or flagship hotels. Re-check guest count and category.
Erosveil,Photography & Videography,Wedding Package 01,200,3,3,0,76500,4.6,0,1,budget,76500,50,350,25000,499999,"Look for per-person packages under Rs. 5,000 or flat vendors under Rs. 500k. Reduce guest count or pick a suburban district."
Synthetic Cakes,Cakes,Budget package,93,8,3,0,146006,4.0,0,1,budget,146006,50,350,25000,499999,"Look for per-person packages under Rs. 5,000 or flat vendors under Rs. 500k. Reduce guest count or pick a suburban district."
Salon Nayana,Bridal Service,Wedding package,120,5,3,0,50000,4.6,1,1,budget,50000,50,350,25000,499999,"Look for per-person packages under Rs. 5,000 or flat vendors under Rs. 500k. Reduce guest count or pick a suburban district."
Synthetic Jewellary,Jewellary,Mid package,186,7,1,0,1746069,3.8,0,2,mid,1746069,100,450,500000,1999999,You are between budget and premium. Compare 2–3 venue quotes. Keep guest count near 150–250 for mid-range halls.
Synthetic Cakes,Cakes,Luxury package,585,8,2,0,11747518,4.2,1,5,luxury,11747518,200,800,6000000,15000000,Luxury predictions usually mean 400+ pax at Rs. 10k+ pp or flagship hotels. Re-check guest count and category.
Synthetic Caters,Caters,Premium package,519,2,1,1,12960,3.9,0,4,premium,6726240,150,600,2000000,5999999,"Premium tier needs Colombo metro or top-rated vendors. If over budget, drop spotlight vendors or reduce pax."
Synthetic Groom service,Groom service,Budget package,99,6,3,0,261287,4.9,0,5,budget,261287,50,350,25000,499999,"Look for per-person packages under Rs. 5,000 or flat vendors under Rs. 500k. Reduce guest count or pick a suburban district."
Synthetic Groom service,Groom service,Budget package,268,6,2,0,159790,4.6,0,5,budget,159790,50,350,25000,499999,"Look for per-person packages under Rs. 5,000 or flat vendors under Rs. 500k. Reduce guest count or pick a suburban district."
Synthetic Cakes,Cakes,Premium package,262,8,2,0,4033049,4.3,0,4,premium,4033049,150,600,2000000,5999999,"Premium tier needs Colombo metro or top-rated vendors. If over budget, drop spotlight vendors or reduce pax."
Synthetic Photography & Videography,Photography & Videography,Mid package,180,3,1,0,1763592,4.5,0,5,mid,1763592,100,450,500000,1999999,You are between budget and premium. Compare 2–3 venue quotes. Keep guest count near 150–250 for mid-range halls.
Silk Route Bridal,Bridal Service,Wedding package,120,5,3,0,30000,4.5,0,1,budget,30000,50,350,25000,499999,"Look for per-person packages under Rs. 5,000 or flat vendors under Rs. 500k. Reduce guest count or pick a suburban district."
Synthetic Caters,Caters,Mid package,210,2,2,1,5504,3.9,0,2,mid,1155840,100,450,500000,1999999,You are between budget and premium. Compare 2–3 venue quotes. Keep guest count near 150–250 for mid-range halls.
Synthetic Bridal Service,Bridal Service,Premium package,377,5,3,0,4842666,4.0,0,2,premium,4842666,150,600,2000000,5999999,"Premium tier needs Colombo metro or top-rated vendors. If over budget, drop spotlight vendors or reduce pax."
Synthetic Jewellary,Jewellary,Luxury package,353,7,2,0,6268616,3.9,1,2,luxury,6268616,200,800,6000000,15000000,Luxury predictions usually mean 400+ pax at Rs. 10k+ pp or flagship hotels. Re-check guest count and category.
Synthetic Photography & Videography,Photography & Videography,Luxury package,255,3,2,0,10897450,4.4,0,3,luxury,10897450,200,800,6000000,15000000,Luxury predictions usually mean 400+ pax at Rs. 10k+ pp or flagship hotels. Re-check guest count and category.
Synthetic Jewellary,Jewellary,Budget package,266,7,3,0,160631,4.2,0,4,budget,160631,50,350,25000,499999,"Look for per-person packages under Rs. 5,000 or flat vendors under Rs. 500k. Reduce guest count or pick a suburban district."
Eresh Jayanga Dias Photography,Photography & Videography,Package 01 - Wedding only,200,3,2,0,120000,4.6,0,1,budget,120000,50,350,25000,499999,"Look for per-person packages under Rs. 5,000 or flat vendors under Rs. 500k. Reduce guest count or pick a suburban district."
Synthetic Caters,Caters,Luxury package,244,2,3,1,14212,3.8,0,1,luxury,3467728,200,800,6000000,15000000,Luxury predictions usually mean 400+ pax at Rs. 10k+ pp or flagship hotels. Re-check guest count and category.
Synthetic Bridal Service,Bridal Service,Budget package,285,5,2,0,447748,4.3,0,5,budget,447748,50,350,25000,499999,"Look for per-person packages under Rs. 5,000 or flat vendors under Rs. 500k. Reduce guest count or pick a suburban district."
Synthetic Floral & Deco,Floral & Deco,Luxury package,539,4,2,0,7687280,4.8,1,4,luxury,7687280,200,800,6000000,15000000,Luxury predictions usually mean 400+ pax at Rs. 10k+ pp or flagship hotels. Re-check guest count and category.
Chinese Dragon Cafe Catering,Caters,Wedding package,150,2,3,0,80000,4.5,0,1,budget,80000,50,350,25000,499999,"Look for per-person packages under Rs. 5,000 or flat vendors under Rs. 500k. Reduce guest count or pick a suburban district."
Synthetic Groom service,Groom service,Luxury package,322,6,1,0,8776926,4.8,1,5,luxury,8776926,200,800,6000000,15000000,Luxury predictions usually mean 400+ pax at Rs. 10k+ pp or flagship hotels. Re-check guest count and category.
Synthetic Cakes,Cakes,Premium package,383,8,1,0,5305682,4.5,1,4,premium,5305682,150,600,2000000,5999999,"Premium tier needs Colombo metro or top-rated vendors. If over budget, drop spotlight vendors or reduce pax."
Synthetic Jewellary,Jewellary,Luxury package,735,7,2,0,9791753,4.9,1,5,luxury,9791753,200,800,6000000,15000000,Luxury predictions usually mean 400+ pax at Rs. 10k+ pp or flagship hotels. Re-check guest count and category.
Synthetic Bridal Service,Bridal Service,Budget package,238,5,2,0,338099,4.4,0,5,budget,338099,50,350,25000,499999,"Look for per-person packages under Rs. 5,000 or flat vendors under Rs. 500k. Reduce guest count or pick a suburban district."
City of Dreams / Cinnamon Life,Venue & Res. Halls,Wedding package,150,1,3,0,3000000,4.6,1,1,premium,3000000,150,600,2000000,5999999,"Premium tier needs Colombo metro or top-rated vendors. If over budget, drop spotlight vendors or reduce pax."
Synthetic Bridal Service,Bridal Service,Mid package,317,5,2,0,521426,4.6,0,3,mid,521426,100,450,500000,1999999,You are between budget and premium. Compare 2–3 venue quotes. Keep guest count near 150–250 for mid-range halls.
Synthetic Cakes,Cakes,Premium package,350,8,1,0,3039285,4.2,1,5,premium,3039285,150,600,2000000,5999999,"Premium tier needs Colombo metro or top-rated vendors. If over budget, drop spotlight vendors or reduce pax."
Cinnamon Bentota Beach,Venue & Res. Halls,Wedding package,150,1,2,0,1800000,4.7,1,1,mid,1800000,100,450,500000,1999999,You are between budget and premium. Compare 2–3 venue quotes. Keep guest count near 150–250 for mid-range halls.
Synthetic Jewellary,Jewellary,Mid package,331,7,2,0,1739092,4.5,0,5,mid,1739092,100,450,500000,1999999,You are between budget and premium. Compare 2–3 venue quotes. Keep guest count near 150–250 for mid-range halls.
Synthetic Cakes,Cakes,Luxury package,569,8,3,0,9095342,4.2,0,2,luxury,9095342,200,800,6000000,15000000,Luxury predictions usually mean 400+ pax at Rs. 10k+ pp or flagship hotels. Re-check guest count and category.
Galadari Hotel,Venue & Res. Halls,Wedding package,150,1,3,0,1200000,4.5,0,1,mid,1200000,100,450,500000,1999999,You are between budget and premium. Compare 2–3 venue quotes. Keep guest count near 150–250 for mid-range halls.
Synthetic Venue & Res. Halls,Venue & Res. Halls,Mid package,150,1,2,1,6904,4.5,0,1,mid,1035600,100,450,500000,1999999,You are between budget and premium. Compare 2–3 venue quotes. Keep guest count near 150–250 for mid-range halls.
Synthetic Jewellary,Jewellary,Premium package,434,7,3,0,2538073,4.1,0,4,premium,2538073,150,600,2000000,5999999,"Premium tier needs Colombo metro or top-rated vendors. If over budget, drop spotlight vendors or reduce pax."
Jethro Rathnayake,Photography & Videography,Pre-shoot / engagement,200,3,3,0,33000,4.8,1,1,budget,33000,50,350,25000,499999,"Look for per-person packages under Rs. 5,000 or flat vendors under Rs. 500k. Reduce guest count or pick a suburban district."
Synthetic Caters,Caters,Mid package,401,2,2,1,6856,4.0,0,5,mid,2749256,100,450,500000,1999999,You are between budget and premium. Compare 2–3 venue quotes. Keep guest count near 150–250 for mid-range halls.
Synthetic Cakes,Cakes,Luxury package,455,8,3,0,8087200,3.9,1,2,luxury,8087200,200,800,6000000,15000000,Luxury predictions usually mean 400+ pax at Rs. 10k+ pp or flagship hotels. Re-check guest count and category.
Synthetic Photography & Videography,Photography & Videography,Mid package,297,3,2,0,1277212,3.9,0,2,mid,1277212,100,450,500000,1999999,You are between budget and premium. Compare 2–3 venue quotes. Keep guest count near 150–250 for mid-range halls.
Synthetic Jewellary,Jewellary,Premium package,390,7,2,0,2375237,4.7,0,4,premium,2375237,150,600,2000000,5999999,"Premium tier needs Colombo metro or top-rated vendors. If over budget, drop spotlight vendors or reduce pax."
Courtyard by Marriott Colombo,Venue & Res. Halls,Diamond Dinner 2026 (nett pp),150,1,3,1,15964,4.8,1,1,premium,2394600,150,600,2000000,5999999,"Premium tier needs Colombo metro or top-rated vendors. If over budget, drop spotlight vendors or reduce pax."
Synthetic Venue & Res. Halls,Venue & Res. Halls,Budget package,110,1,2,0,286111,3.9,0,5,budget,286111,50,350,25000,499999,"Look for per-person packages under Rs. 5,000 or flat vendors under Rs. 500k. Reduce guest count or pick a suburban district."
Synthetic Caters,Caters,Premium package,540,2,3,1,11744,4.0,0,5,premium,6341760,150,600,2000000,5999999,"Premium tier needs Colombo metro or top-rated vendors. If over budget, drop spotlight vendors or reduce pax."
Synthetic Caters,Caters,Budget package,331,2,3,1,4724,4.4,0,4,budget,1563644,50,350,25000,499999,"Look for per-person packages under Rs. 5,000 or flat vendors under Rs. 500k. Reduce guest count or pick a suburban district."
Synthetic Jewellary,Jewellary,Premium package,228,7,2,0,5265763,4.3,1,5,premium,5265763,150,600,2000000,5999999,"Premium tier needs Colombo metro or top-rated vendors. If over budget, drop spotlight vendors or reduce pax."
Synthetic Photography & Videography,Photography & Videography,Premium package,305,3,3,0,5399756,4.8,0,1,premium,5399756,150,600,2000000,5999999,"Premium tier needs Colombo metro or top-rated vendors. If over budget, drop spotlight vendors or reduce pax."
Synthetic Groom service,Groom service,Mid package,173,6,3,0,611777,3.9,0,4,mid,611777,100,450,500000,1999999,You are between budget and premium. Compare 2–3 venue quotes. Keep guest count near 150–250 for mid-range halls.
Synthetic Groom service,Groom service,Mid package,114,6,2,0,1673885,4.1,0,3,mid,1673885,100,450,500000,1999999,You are between budget and premium. Compare 2–3 venue quotes. Keep guest count near 150–250 for mid-range halls.
Synthetic Floral & Deco,Floral & Deco,Luxury package,531,4,1,0,6674219,4.4,1,2,luxury,6674219,200,800,6000000,15000000,Luxury predictions usually mean 400+ pax at Rs. 10k+ pp or flagship hotels. Re-check guest count and category.
Synthetic Venue & Res. Halls,Venue & Res. Halls,Premium package,531,1,1,1,10395,4.3,0,5,premium,5519745,150,600,2000000,5999999,"Premium tier needs Colombo metro or top-rated vendors. If over budget, drop spotlight vendors or reduce pax."
Madushan Udayanga Photography,Photography & Videography,Golden Package 2026-2027,200,3,3,0,100000,4.5,0,1,budget,100000,50,350,25000,499999,"Look for per-person packages under Rs. 5,000 or flat vendors under Rs. 500k. Reduce guest count or pick a suburban district."
Synthetic Caters,Caters,Luxury package,636,2,3,1,13380,4.6,1,4,luxury,8509680,200,800,6000000,15000000,Luxury predictions usually mean 400+ pax at Rs. 10k+ pp or flagship hotels. Re-check guest count and category.
Artsy Romance,Photography & Videography,Wedding Gold,200,3,3,0,150000,4.6,0,1,budget,150000,50,350,25000,499999,"Look for per-person packages under Rs. 5,000 or flat vendors under Rs. 500k. Reduce guest count or pick a suburban district."
Synthetic Cakes,Cakes,Luxury package,730,8,2,0,7732446,4.4,0,2,luxury,7732446,200,800,6000000,15000000,Luxury predictions usually mean 400+ pax at Rs. 10k+ pp or flagship hotels. Re-check guest count and category.
Synthetic Groom service,Groom service,Premium package,320,6,3,0,2805361,3.9,1,2,premium,2805361,150,600,2000000,5999999,"Premium tier needs Colombo metro or top-rated vendors. If over budget, drop spotlight vendors or reduce pax."
Synthetic Floral & Deco,Floral & Deco,Luxury package,798,4,3,0,7461411,4.3,0,3,luxury,7461411,200,800,6000000,15000000,Luxury predictions usually mean 400+ pax at Rs. 10k+ pp or flagship hotels. Re-check guest count and category.
Synthetic Bridal Service,Bridal Service,Budget package,338,5,3,0,157158,4.6,0,3,budget,157158,50,350,25000,499999,"Look for per-person packages under Rs. 5,000 or flat vendors under Rs. 500k. Reduce guest count or pick a suburban district."
Yavinda Gayan Photography,Photography & Videography,Pre-shoot / engagement,200,3,3,0,31800,4.5,0,1,budget,31800,50,350,25000,499999,"Look for per-person packages under Rs. 5,000 or flat vendors under Rs. 500k. Reduce guest count or pick a suburban district."
Cool Planet,Groom service,Wedding package,120,6,3,0,12000,4.3,0,1,budget,12000,50,350,25000,499999,"Look for per-person packages under Rs. 5,000 or flat vendors under Rs. 500k. Reduce guest count or pick a suburban district."
Synthetic Groom service,Groom service,Premium package,169,6,2,0,2198861,4.6,0,3,premium,2198861,150,600,2000000,5999999,"Premium tier needs Colombo metro or top-rated vendors. If over budget, drop spotlight vendors or reduce pax."
Synthetic Floral & Deco,Floral & Deco,Premium package,344,4,1,0,3080153,4.1,0,3,premium,3080153,150,600,2000000,5999999,"Premium tier needs Colombo metro or top-rated vendors. If over budget, drop spotlight vendors or reduce pax."
Synthetic Floral & Deco,Floral & Deco,Luxury package,571,4,3,0,11908551,4.4,0,5,luxury,11908551,200,800,6000000,15000000,Luxury predictions usually mean 400+ pax at Rs. 10k+ pp or flagship hotels. Re-check guest count and category.
Synthetic Jewellary,Jewellary,Budget package,156,7,3,0,374023,4.7,0,5,budget,374023,50,350,25000,499999,"Look for per-person packages under Rs. 5,000 or flat vendors under Rs. 500k. Reduce guest count or pick a suburban district."
Synthetic Venue & Res. Halls,Venue & Res. Halls,Luxury package,420,1,2,1,21520,4.2,1,2,luxury,9038400,200,800,6000000,15000000,Luxury predictions usually mean 400+ pax at Rs. 10k+ pp or flagship hotels. Re-check guest count and category.
Synthetic Groom service,Groom service,Luxury package,574,6,3,0,7125546,4.5,0,2,luxury,7125546,200,800,6000000,15000000,Luxury predictions usually mean 400+ pax at Rs. 10k+ pp or flagship hotels. Re-check guest count and category.
Synthetic Venue & Res. Halls,Venue & Res. Halls,Luxury package,235,1,2,1,18590,4.0,0,3,luxury,4368650,200,800,6000000,15000000,Luxury predictions usually mean 400+ pax at Rs. 10k+ pp or flagship hotels. Re-check guest count and category.
Synthetic Cakes,Cakes,Mid package,378,8,3,0,894935,4.1,0,4,mid,894935,100,450,500000,1999999,You are between budget and premium. Compare 2–3 venue quotes. Keep guest count near 150–250 for mid-range halls.
Synthetic Venue & Res. Halls,Venue & Res. Halls,Budget package,111,1,2,1,4442,4.9,0,5,budget,493062,50,350,25000,499999,"Look for per-person packages under Rs. 5,000 or flat vendors under Rs. 500k. Reduce guest count or pick a suburban district."
Synthetic Photography & Videography,Photography & Videography,Premium package,191,3,3,0,2544410,4.0,0,4,premium,2544410,150,600,2000000,5999999,"Premium tier needs Colombo metro or top-rated vendors. If over budget, drop spotlight vendors or reduce pax."
Dinemore Catering,Caters,Wedding package,150,2,3,0,50000,4.4,0,1,budget,50000,50,350,25000,499999,"Look for per-person packages under Rs. 5,000 or flat vendors under Rs. 500k. Reduce guest count or pick a suburban district."
Synthetic Venue & Res. Halls,Venue & Res. Halls,Luxury package,524,1,3,0,11180906,4.3,1,3,luxury,11180906,200,800,6000000,15000000,Luxury predictions usually mean 400+ pax at Rs. 10k+ pp or flagship hotels. Re-check guest count and category.
Synthetic Groom service,Groom service,Premium package,258,6,1,0,4146757,3.9,0,1,premium,4146757,150,600,2000000,5999999,"Premium tier needs Colombo metro or top-rated vendors. If over budget, drop spotlight vendors or reduce pax."
Synthetic Floral & Deco,Floral & Deco,Mid package,281,4,3,0,807268,4.9,0,1,mid,807268,100,450,500000,1999999,You are between budget and premium. Compare 2–3 venue quotes. Keep guest count near 150–250 for mid-range halls.
Synthetic Cakes,Cakes,Premium package,499,8,2,0,2832524,3.9,1,2,premium,2832524,150,600,2000000,5999999,"Premium tier needs Colombo metro or top-rated vendors. If over budget, drop spotlight vendors or reduce pax."
Synthetic Caters,Caters,Premium package,545,2,3,1,11446,4.3,0,3,premium,6238070,150,600,2000000,5999999,"Premium tier needs Colombo metro or top-rated vendors. If over budget, drop spotlight vendors or reduce pax."
Ring Tales,Photography & Videography,Casual shoot 1,200,3,3,0,40000,4.7,0,1,budget,40000,50,350,25000,499999,"Look for per-person packages under Rs. 5,000 or flat vendors under Rs. 500k. Reduce guest count or pick a suburban district."
Synthetic Groom service,Groom service,Budget package,90,6,2,0,389468,4.4,0,5,budget,389468,50,350,25000,499999,"Look for per-person packages under Rs. 5,000 or flat vendors under Rs. 500k. Reduce guest count or pick a suburban district."
Synthetic Bridal Service,Bridal Service,Luxury package,463,5,2,0,9699465,4.4,0,4,luxury,9699465,200,800,6000000,15000000,Luxury predictions usually mean 400+ pax at Rs. 10k+ pp or flagship hotels. Re-check guest count and category.
Studio Fantasy,Photography & Videography,Engagement Package I,200,3,3,0,45000,4.5,0,1,budget,45000,50,350,25000,499999,"Look for per-person packages under Rs. 5,000 or flat vendors under Rs. 500k. Reduce guest count or pick a suburban district."
Tai Hsin Shiek Photography,Photography & Videography,Wedding-day coverage,200,3,3,0,60000,4.5,0,1,budget,60000,50,350,25000,499999,"Look for per-person packages under Rs. 5,000 or flat vendors under Rs. 500k. Reduce guest count or pick a suburban district."
Synthetic Caters,Caters,Premium package,599,2,2,1,10721,3.9,0,1,premium,6421879,150,600,2000000,5999999,"Premium tier needs Colombo metro or top-rated vendors. If over budget, drop spotlight vendors or reduce pax."
Synthetic Jewellary,Jewellary,Luxury package,288,7,3,0,6342353,3.8,1,1,luxury,6342353,200,800,6000000,15000000,Luxury predictions usually mean 400+ pax at Rs. 10k+ pp or flagship hotels. Re-check guest count and category.
Synthetic Photography & Videography,Photography & Videography,Premium package,365,3,3,0,2139599,4.4,1,2,premium,2139599,150,600,2000000,5999999,"Premium tier needs Colombo metro or top-rated vendors. If over budget, drop spotlight vendors or reduce pax."
Synthetic Jewellary,Jewellary,Luxury package,798,7,2,0,6576462,4.2,0,3,luxury,6576462,200,800,6000000,15000000,Luxury predictions usually mean 400+ pax at Rs. 10k+ pp or flagship hotels. Re-check guest count and category.
Synthetic Cakes,Cakes,Mid package,233,8,2,0,666468,4.4,0,3,mid,666468,100,450,500000,1999999,You are between budget and premium. Compare 2–3 venue quotes. Keep guest count near 150–250 for mid-range halls.
Synthetic Bridal Service,Bridal Service,Budget package,181,5,2,0,260022,4.6,0,1,budget,260022,50,350,25000,499999,"Look for per-person packages under Rs. 5,000 or flat vendors under Rs. 500k. Reduce guest count or pick a suburban district."
Romance Wedding Photography,Photography & Videography,Timeless Collection (wedding + pre),200,3,3,0,255000,4.8,1,1,budget,255000,50,350,25000,499999,"Look for per-person packages under Rs. 5,000 or flat vendors under Rs. 500k. Reduce guest count or pick a suburban district."
Synthetic Floral & Deco,Floral & Deco,Luxury package,354,4,2,0,6752308,3.9,0,4,luxury,6752308,200,800,6000000,15000000,Luxury predictions usually mean 400+ pax at Rs. 10k+ pp or flagship hotels. Re-check guest count and category.
Synthetic Photography & Videography,Photography & Videography,Luxury package,774,3,1,0,10155321,4.8,0,4,luxury,10155321,200,800,6000000,15000000,Luxury predictions usually mean 400+ pax at Rs. 10k+ pp or flagship hotels. Re-check guest count and category.
Synthetic Caters,Caters,Budget package,255,2,1,0,109805,4.0,0,4,budget,109805,50,350,25000,499999,"Look for per-person packages under Rs. 5,000 or flat vendors under Rs. 500k. Reduce guest count or pick a suburban district."
Synthetic Venue & Res. Halls,Venue & Res. Halls,Mid package,264,1,2,0,779731,3.9,0,2,mid,779731,100,450,500000,1999999,You are between budget and premium. Compare 2–3 venue quotes. Keep guest count near 150–250 for mid-range halls.
Warmly Weddings,Photography & Videography,Silver Wedding Package,200,3,3,0,190000,4.6,0,1,budget,190000,50,350,25000,499999,"Look for per-person packages under Rs. 5,000 or flat vendors under Rs. 500k. Reduce guest count or pick a suburban district."
Synthetic Groom service,Groom service,Luxury package,617,6,1,0,7902786,3.9,0,5,luxury,7902786,200,800,6000000,15000000,Luxury predictions usually mean 400+ pax at Rs. 10k+ pp or flagship hotels. Re-check guest count and category.
Synthetic Photography & Videography,Photography & Videography,Premium package,427,3,1,0,5095802,4.8,1,3,premium,5095802,150,600,2000000,5999999,"Premium tier needs Colombo metro or top-rated vendors. If over budget, drop spotlight vendors or reduce pax."
Synthetic Jewellary,Jewellary,Mid package,236,7,2,0,742428,4.9,0,2,mid,742428,100,450,500000,1999999,You are between budget and premium. Compare 2–3 venue quotes. Keep guest count near 150–250 for mid-range halls.
Synthetic Floral & Deco,Floral & Deco,Luxury package,531,4,2,0,11611212,4.9,0,4,luxury,11611212,200,800,6000000,15000000,Luxury predictions usually mean 400+ pax at Rs. 10k+ pp or flagship hotels. Re-check guest count and category.
Synthetic Jewellary,Jewellary,Premium package,381,7,1,0,5289552,4.5,0,4,premium,5289552,150,600,2000000,5999999,"Premium tier needs Colombo metro or top-rated vendors. If over budget, drop spotlight vendors or reduce pax."
Synthetic Floral & Deco,Floral & Deco,Premium package,540,4,1,0,2103711,4.2,1,1,premium,2103711,150,600,2000000,5999999,"Premium tier needs Colombo metro or top-rated vendors. If over budget, drop spotlight vendors or reduce pax."
Synthetic Photography & Videography,Photography & Videography,Mid package,348,3,2,0,1597731,3.9,0,2,mid,1597731,100,450,500000,1999999,You are between budget and premium. Compare 2–3 venue quotes. Keep guest count near 150–250 for mid-range halls.
Artsy Romance,Photography & Videography,Wedding Bronze,200,3,3,0,80000,4.6,0,1,budget,80000,50,350,25000,499999,"Look for per-person packages under Rs. 5,000 or flat vendors under Rs. 500k. Reduce guest count or pick a suburban district."
Synthetic Venue & Res. Halls,Venue & Res. Halls,Premium package,259,1,2,1,10461,4.4,0,5,premium,2709399,150,600,2000000,5999999,"Premium tier needs Colombo metro or top-rated vendors. If over budget, drop spotlight vendors or reduce pax."
Synthetic Caters,Caters,Luxury package,685,2,3,1,16014,4.2,1,5,luxury,10969590,200,800,6000000,15000000,Luxury predictions usually mean 400+ pax at Rs. 10k+ pp or flagship hotels. Re-check guest count and category.
Synthetic Caters,Caters,Premium package,505,2,1,1,10964,4.8,1,4,premium,5536820,150,600,2000000,5999999,"Premium tier needs Colombo metro or top-rated vendors. If over budget, drop spotlight vendors or reduce pax."
Synthetic Groom service,Groom service,Mid package,131,6,3,0,1309992,4.0,0,5,mid,1309992,100,450,500000,1999999,You are between budget and premium. Compare 2–3 venue quotes. Keep guest count near 150–250 for mid-range halls.
Synthetic Venue & Res. Halls,Venue & Res. Halls,Premium package,585,1,3,1,13712,4.3,1,1,premium,8021520,150,600,2000000,5999999,"Premium tier needs Colombo metro or top-rated vendors. If over budget, drop spotlight vendors or reduce pax."
Opal Rich Luxury Banquet & Hotel,Venue & Res. Halls,Classic Package (per person),300,1,2,1,3600,4.6,1,2,mid,1080000,100,450,500000,1999999,You are between budget and premium. Compare 2–3 venue quotes. Keep guest count near 150–250 for mid-range halls.
Synthetic Caters,Caters,Luxury package,799,2,1,1,12685,4.6,1,2,luxury,10135315,200,800,6000000,15000000,Luxury predictions usually mean 400+ pax at Rs. 10k+ pp or flagship hotels. Re-check guest count and category.
Synthetic Jewellary,Jewellary,Luxury package,699,7,1,0,6448158,4.6,0,4,luxury,6448158,200,800,6000000,15000000,Luxury predictions usually mean 400+ pax at Rs. 10k+ pp or flagship hotels. Re-check guest count and category.
Synthetic Groom service,Groom service,Luxury package,654,6,2,0,7968737,4.1,1,5,luxury,7968737,200,800,6000000,15000000,Luxury predictions usually mean 400+ pax at Rs. 10k+ pp or flagship hotels. Re-check guest count and category.
Synthetic Cakes,Cakes,Luxury package,508,8,2,0,7996949,4.0,0,5,luxury,7996949,200,800,6000000,15000000,Luxury predictions usually mean 400+ pax at Rs. 10k+ pp or flagship hotels. Re-check guest count and category.
Romance Wedding Photography,Photography & Videography,Forever Story,200,3,3,0,385000,4.8,1,1,budget,385000,50,350,25000,499999,"Look for per-person packages under Rs. 5,000 or flat vendors under Rs. 500k. Reduce guest count or pick a suburban district."
Synthetic Bridal Service,Bridal Service,Luxury package,750,5,2,0,7885184,4.2,0,5,luxury,7885184,200,800,6000000,15000000,Luxury predictions usually mean 400+ pax at Rs. 10k+ pp or flagship hotels. Re-check guest count and category.
VOWS Fine Art Wedding Studio,Photography & Videography,Wedding-day coverage,200,3,3,0,120000,4.8,1,1,budget,120000,50,350,25000,499999,"Look for per-person packages under Rs. 5,000 or flat vendors under Rs. 500k. Reduce guest count or pick a suburban district."
Synthetic Floral & Deco,Floral & Deco,Budget package,211,4,3,0,366866,4.5,0,2,budget,366866,50,350,25000,499999,"Look for per-person packages under Rs. 5,000 or flat vendors under Rs. 500k. Reduce guest count or pick a suburban district."
Synthetic Groom service,Groom service,Mid package,440,6,1,0,834295,4.5,0,1,mid,834295,100,450,500000,1999999,You are between budget and premium. Compare 2–3 venue quotes. Keep guest count near 150–250 for mid-range halls.
Grand Hotel Nuwara Eliya,Venue & Res. Halls,Wedding package,150,1,1,0,1000000,4.7,1,1,mid,1000000,100,450,500000,1999999,You are between budget and premium. Compare 2–3 venue quotes. Keep guest count near 150–250 for mid-range halls.
Synthetic Jewellary,Jewellary,Luxury package,214,7,3,0,8244276,4.3,0,4,luxury,8244276,200,800,6000000,15000000,Luxury predictions usually mean 400+ pax at Rs. 10k+ pp or flagship hotels. Re-check guest count and category.
Synthetic Cakes,Cakes,Mid package,408,8,2,0,1554251,3.9,0,2,mid,1554251,100,450,500000,1999999,You are between budget and premium. Compare 2–3 venue quotes. Keep guest count near 150–250 for mid-range halls.
Synthetic Venue & Res. Halls,Venue & Res. Halls,Luxury package,687,1,2,1,20561,4.2,1,1,luxury,14125407,200,800,6000000,15000000,Luxury predictions usually mean 400+ pax at Rs. 10k+ pp or flagship hotels. Re-check guest count and category.
Synthetic Venue & Res. Halls,Venue & Res. Halls,Mid package,229,1,1,1,9270,4.3,0,3,mid,2122830,100,450,500000,1999999,You are between budget and premium. Compare 2–3 venue quotes. Keep guest count near 150–250 for mid-range halls.
Synthetic Bridal Service,Bridal Service,Budget package,315,5,1,0,103950,4.0,0,5,budget,103950,50,350,25000,499999,"Look for per-person packages under Rs. 5,000 or flat vendors under Rs. 500k. Reduce guest count or pick a suburban district."
Synthetic Floral & Deco,Floral & Deco,Mid package,305,4,1,0,778319,4.5,0,1,mid,778319,100,450,500000,1999999,You are between budget and premium. Compare 2–3 venue quotes. Keep guest count near 150–250 for mid-range halls.
Synthetic Photography & Videography,Photography & Videography,Luxury package,410,3,1,0,7816529,4.5,0,5,luxury,7816529,200,800,6000000,15000000,Luxury predictions usually mean 400+ pax at Rs. 10k+ pp or flagship hotels. Re-check guest count and category.
The Blue Water Hotel and Spa,Venue & Res. Halls,Option 02,150,1,2,1,10850,4.8,1,1,mid,1627500,100,450,500000,1999999,You are between budget and premium. Compare 2–3 venue quotes. Keep guest count near 150–250 for mid-range halls.
Synthetic Photography & Videography,Photography & Videography,Budget package,220,3,2,0,302284,4.5,0,3,budget,302284,50,350,25000,499999,"Look for per-person packages under Rs. 5,000 or flat vendors under Rs. 500k. Reduce guest count or pick a suburban district."
Synthetic Floral & Deco,Floral & Deco,Luxury package,633,4,2,0,11875381,4.1,0,3,luxury,11875381,200,800,6000000,15000000,Luxury predictions usually mean 400+ pax at Rs. 10k+ pp or flagship hotels. Re-check guest count and category.
Synthetic Floral & Deco,Floral & Deco,Budget package,142,4,2,0,143159,3.8,0,3,budget,143159,50,350,25000,499999,"Look for per-person packages under Rs. 5,000 or flat vendors under Rs. 500k. Reduce guest count or pick a suburban district."
Lara Jewellers,Jewellary,Wedding package,120,7,3,0,50000,4.4,0,1,budget,50000,50,350,25000,499999,"Look for per-person packages under Rs. 5,000 or flat vendors under Rs. 500k. Reduce guest count or pick a suburban district."
Synthetic Floral & Deco,Floral & Deco,Premium package,289,4,3,0,3933164,4.3,0,4,premium,3933164,150,600,2000000,5999999,"Premium tier needs Colombo metro or top-rated vendors. If over budget, drop spotlight vendors or reduce pax."
Synthetic Caters,Caters,Luxury package,533,2,3,1,16072,4.4,1,3,luxury,8566376,200,800,6000000,15000000,Luxury predictions usually mean 400+ pax at Rs. 10k+ pp or flagship hotels. Re-check guest count and category.
Synthetic Venue & Res. Halls,Venue & Res. Halls,Premium package,492,1,1,1,12446,4.9,0,1,premium,6123432,150,600,2000000,5999999,"Premium tier needs Colombo metro or top-rated vendors. If over budget, drop spotlight vendors or reduce pax."
Synthetic Venue & Res. Halls,Venue & Res. Halls,Budget package,92,1,2,1,4418,4.1,0,2,budget,406456,50,350,25000,499999,"Look for per-person packages under Rs. 5,000 or flat vendors under Rs. 500k. Reduce guest count or pick a suburban district."
Synthetic Bridal Service,Bridal Service,Luxury package,742,5,1,0,7551227,3.8,0,1,luxury,7551227,200,800,6000000,15000000,Luxury predictions usually mean 400+ pax at Rs. 10k+ pp or flagship hotels. Re-check guest count and category.
Synthetic Caters,Caters,Mid package,348,2,2,1,5658,4.1,0,4,mid,1968984,100,450,500000,1999999,You are between budget and premium. Compare 2–3 venue quotes. Keep guest count near 150–250 for mid-range halls.
Earl's Regency Hotel,Venue & Res. Halls,Wedding package,150,1,2,0,1200000,4.7,1,1,mid,1200000,100,450,500000,1999999,You are between budget and premium. Compare 2–3 venue quotes. Keep guest count near 150–250 for mid-range halls.
Synthetic Cakes,Cakes,Luxury package,501,8,2,0,10002568,4.7,1,4,luxury,10002568,200,800,6000000,15000000,Luxury predictions usually mean 400+ pax at Rs. 10k+ pp or flagship hotels. Re-check guest count and category.
Synthetic Groom service,Groom service,Budget package,96,6,2,0,180090,3.9,0,3,budget,180090,50,350,25000,499999,"Look for per-person packages under Rs. 5,000 or flat vendors under Rs. 500k. Reduce guest count or pick a suburban district."
Synthetic Photography & Videography,Photography & Videography,Luxury package,359,3,2,0,8628971,4.0,0,5,luxury,8628971,200,800,6000000,15000000,Luxury predictions usually mean 400+ pax at Rs. 10k+ pp or flagship hotels. Re-check guest count and category.
Synthetic Caters,Caters,Luxury package,555,2,1,1,13101,4.3,1,2,luxury,7271055,200,800,6000000,15000000,Luxury predictions usually mean 400+ pax at Rs. 10k+ pp or flagship hotels. Re-check guest count and category.
Synthetic Jewellary,Jewellary,Mid package,152,7,2,0,1093121,4.5,0,1,mid,1093121,100,450,500000,1999999,You are between budget and premium. Compare 2–3 venue quotes. Keep guest count near 150–250 for mid-range halls.
Mallika Hemachandra Jewellers,Jewellary,Wedding package,120,7,3,0,100000,4.8,1,1,budget,100000,50,350,25000,499999,"Look for per-person packages under Rs. 5,000 or flat vendors under Rs. 500k. Reduce guest count or pick a suburban district."
Synthetic Cakes,Cakes,Budget package,280,8,3,0,218992,4.3,0,4,budget,218992,50,350,25000,499999,"Look for per-person packages under Rs. 5,000 or flat vendors under Rs. 500k. Reduce guest count or pick a suburban district."
Synthetic Photography & Videography,Photography & Videography,Premium package,436,3,2,0,4072010,4.3,1,4,premium,4072010,150,600,2000000,5999999,"Premium tier needs Colombo metro or top-rated vendors. If over budget, drop spotlight vendors or reduce pax."
Synthetic Photography & Videography,Photography & Videography,Luxury package,274,3,1,0,11474027,4.9,0,3,luxury,11474027,200,800,6000000,15000000,Luxury predictions usually mean 400+ pax at Rs. 10k+ pp or flagship hotels. Re-check guest count and category.
The Ceylon Bliss,Photography & Videography,Pre-shoot / engagement,200,3,2,0,32400,4.7,0,1,budget,32400,50,350,25000,499999,"Look for per-person packages under Rs. 5,000 or flat vendors under Rs. 500k. Reduce guest count or pick a suburban district."
Synthetic Bridal Service,Bridal Service,Mid package,390,5,3,0,1369631,4.5,0,1,mid,1369631,100,450,500000,1999999,You are between budget and premium. Compare 2–3 venue quotes. Keep guest count near 150–250 for mid-range halls.
Synthetic Venue & Res. Halls,Venue & Res. Halls,Luxury package,741,1,2,1,20115,4.8,0,5,luxury,14905215,200,800,6000000,15000000,Luxury predictions usually mean 400+ pax at Rs. 10k+ pp or flagship hotels. Re-check guest count and category.
Synthetic Venue & Res. Halls,Venue & Res. Halls,Luxury package,516,1,2,1,19773,3.8,1,1,luxury,10202868,200,800,6000000,15000000,Luxury predictions usually mean 400+ pax at Rs. 10k+ pp or flagship hotels. Re-check guest count and category.
Synthetic Floral & Deco,Floral & Deco,Premium package,211,4,3,0,4819551,4.0,0,1,premium,4819551,150,600,2000000,5999999,"Premium tier needs Colombo metro or top-rated vendors. If over budget, drop spotlight vendors or reduce pax."
Synthetic Groom service,Groom service,Premium package,431,6,2,0,3645637,4.5,0,3,premium,3645637,150,600,2000000,5999999,"Premium tier needs Colombo metro or top-rated vendors. If over budget, drop spotlight vendors or reduce pax."
Synthetic Photography & Videography,Photography & Videography,Budget package,309,3,1,0,167855,3.8,0,1,budget,167855,50,350,25000,499999,"Look for per-person packages under Rs. 5,000 or flat vendors under Rs. 500k. Reduce guest count or pick a suburban district."
Synthetic Floral & Deco,Floral & Deco,Budget package,96,4,2,0,140072,4.0,0,1,budget,140072,50,350,25000,499999,"Look for per-person packages under Rs. 5,000 or flat vendors under Rs. 500k. Reduce guest count or pick a suburban district."
Synthetic Groom service,Groom service,Mid package,448,6,1,0,1174917,4.0,0,1,mid,1174917,100,450,500000,1999999,You are between budget and premium. Compare 2–3 venue quotes. Keep guest count near 150–250 for mid-range halls.
Janet Salon,Bridal Service,Wedding package,120,5,3,0,35000,4.4,0,1,budget,35000,50,350,25000,499999,"Look for per-person packages under Rs. 5,000 or flat vendors under Rs. 500k. Reduce guest count or pick a suburban district."
Synthetic Jewellary,Jewellary,Mid package,180,7,2,0,1717670,4.0,0,4,mid,1717670,100,450,500000,1999999,You are between budget and premium. Compare 2–3 venue quotes. Keep guest count near 150–250 for mid-range halls.
Synthetic Floral & Deco,Floral & Deco,Budget package,182,4,1,0,308683,3.9,0,2,budget,308683,50,350,25000,499999,"Look for per-person packages under Rs. 5,000 or flat vendors under Rs. 500k. Reduce guest count or pick a suburban district."
Synthetic Venue & Res. Halls,Venue & Res. Halls,Luxury package,776,1,3,1,16790,4.6,1,2,luxury,13029040,200,800,6000000,15000000,Luxury predictions usually mean 400+ pax at Rs. 10k+ pp or flagship hotels. Re-check guest count and category.
Synthetic Groom service,Groom service,Budget package,285,6,1,0,398660,4.9,0,1,budget,398660,50,350,25000,499999,"Look for per-person packages under Rs. 5,000 or flat vendors under Rs. 500k. Reduce guest count or pick a suburban district."
Synthetic Venue & Res. Halls,Venue & Res. Halls,Premium package,533,1,3,1,11579,4.0,0,3,premium,6171607,150,600,2000000,5999999,"Premium tier needs Colombo metro or top-rated vendors. If over budget, drop spotlight vendors or reduce pax."
Synthetic Bridal Service,Bridal Service,Budget package,325,5,1,0,260812,3.8,0,1,budget,260812,50,350,25000,499999,"Look for per-person packages under Rs. 5,000 or flat vendors under Rs. 500k. Reduce guest count or pick a suburban district."
Synthetic Jewellary,Jewellary,Luxury package,721,7,2,0,8523408,4.0,0,5,luxury,8523408,200,800,6000000,15000000,Luxury predictions usually mean 400+ pax at Rs. 10k+ pp or flagship hotels. Re-check guest count and category.
Synthetic Floral & Deco,Floral & Deco,Luxury package,506,4,1,0,8214856,4.9,1,3,luxury,8214856,200,800,6000000,15000000,Luxury predictions usually mean 400+ pax at Rs. 10k+ pp or flagship hotels. Re-check guest count and category.
Myrrah Weddings,Photography & Videography,Blackberry Package,200,3,3,0,150000,4.7,1,1,budget,150000,50,350,25000,499999,"Look for per-person packages under Rs. 5,000 or flat vendors under Rs. 500k. Reduce guest count or pick a suburban district."
Synthetic Venue & Res. Halls,Venue & Res. Halls,Luxury package,273,1,2,1,18059,4.0,0,3,luxury,4930107,200,800,6000000,15000000,Luxury predictions usually mean 400+ pax at Rs. 10k+ pp or flagship hotels. Re-check guest count and category.
Synthetic Venue & Res. Halls,Venue & Res. Halls,Luxury package,344,1,2,1,17943,4.7,0,4,luxury,6172392,200,800,6000000,15000000,Luxury predictions usually mean 400+ pax at Rs. 10k+ pp or flagship hotels. Re-check guest count and category.
Synthetic Venue & Res. Halls,Venue & Res. Halls,Luxury package,643,1,3,0,10919939,4.7,0,4,luxury,10919939,200,800,6000000,15000000,Luxury predictions usually mean 400+ pax at Rs. 10k+ pp or flagship hotels. Re-check guest count and category.
Synthetic Floral & Deco,Floral & Deco,Budget package,240,4,1,0,412885,4.1,0,3,budget,412885,50,350,25000,499999,"Look for per-person packages under Rs. 5,000 or flat vendors under Rs. 500k. Reduce guest count or pick a suburban district."
Synthetic Jewellary,Jewellary,Luxury package,516,7,3,0,7007617,4.3,0,4,luxury,7007617,200,800,6000000,15000000,Luxury predictions usually mean 400+ pax at Rs. 10k+ pp or flagship hotels. Re-check guest count and category.
Synthetic Cakes,Cakes,Luxury package,450,8,1,0,6293602,4.8,0,5,luxury,6293602,200,800,6000000,15000000,Luxury predictions usually mean 400+ pax at Rs. 10k+ pp or flagship hotels. Re-check guest count and category.
Synthetic Caters,Caters,Premium package,205,2,1,1,9234,4.5,0,5,premium,1892970,150,600,2000000,5999999,"Premium tier needs Colombo metro or top-rated vendors. If over budget, drop spotlight vendors or reduce pax."
Synthetic Groom service,Groom service,Premium package,544,6,3,0,4647641,4.7,0,5,premium,4647641,150,600,2000000,5999999,"Premium tier needs Colombo metro or top-rated vendors. If over budget, drop spotlight vendors or reduce pax."
Synthetic Cakes,Cakes,Mid package,420,8,3,0,1320671,4.7,0,2,mid,1320671,100,450,500000,1999999,You are between budget and premium. Compare 2–3 venue quotes. Keep guest count near 150–250 for mid-range halls.
Synthetic Caters,Caters,Budget package,55,2,2,1,4134,4.8,0,5,budget,227370,50,350,25000,499999,"Look for per-person packages under Rs. 5,000 or flat vendors under Rs. 500k. Reduce guest count or pick a suburban district."
Synthetic Floral & Deco,Floral & Deco,Luxury package,729,4,1,0,7705792,4.9,0,5,luxury,7705792,200,800,6000000,15000000,Luxury predictions usually mean 400+ pax at Rs. 10k+ pp or flagship hotels. Re-check guest count and category.
Synthetic Bridal Service,Bridal Service,Premium package,352,5,2,0,2429357,3.8,1,1,premium,2429357,150,600,2000000,5999999,"Premium tier needs Colombo metro or top-rated vendors. If over budget, drop spotlight vendors or reduce pax."
Synthetic Groom service,Groom service,Mid package,271,6,1,0,1393794,4.0,0,1,mid,1393794,100,450,500000,1999999,You are between budget and premium. Compare 2–3 venue quotes. Keep guest count near 150–250 for mid-range halls.
Green Valley Resort,Venue & Res. Halls,"Banquet menu Rs. 5,300 pp (above 200 pax)",150,1,3,1,5300,4.4,0,1,mid,795000,100,450,500000,1999999,You are between budget and premium. Compare 2–3 venue quotes. Keep guest count near 150–250 for mid-range halls.
Synthetic Venue & Res. Halls,Venue & Res. Halls,Premium package,344,1,2,1,10069,3.8,0,1,premium,3463736,150,600,2000000,5999999,"Premium tier needs Colombo metro or top-rated vendors. If over budget, drop spotlight vendors or reduce pax."
Synthetic Jewellary,Jewellary,Mid package,317,7,1,0,1178926,4.3,0,5,mid,1178926,100,450,500000,1999999,You are between budget and premium. Compare 2–3 venue quotes. Keep guest count near 150–250 for mid-range halls.
Synthetic Floral & Deco,Floral & Deco,Luxury package,576,4,1,0,9633549,4.3,0,5,luxury,9633549,200,800,6000000,15000000,Luxury predictions usually mean 400+ pax at Rs. 10k+ pp or flagship hotels. Re-check guest count and category.
Synthetic Jewellary,Jewellary,Luxury package,362,7,2,0,9579482,4.3,0,2,luxury,9579482,200,800,6000000,15000000,Luxury predictions usually mean 400+ pax at Rs. 10k+ pp or flagship hotels. Re-check guest count and category.
Synthetic Caters,Caters,Luxury package,782,2,1,0,11446812,4.6,0,5,luxury,11446812,200,800,6000000,15000000,Luxury predictions usually mean 400+ pax at Rs. 10k+ pp or flagship hotels. Re-check guest count and category.
Synthetic Jewellary,Jewellary,Budget package,180,7,1,0,429706,3.9,0,1,budget,429706,50,350,25000,499999,"Look for per-person packages under Rs. 5,000 or flat vendors under Rs. 500k. Reduce guest count or pick a suburban district."
Synthetic Groom service,Groom service,Mid package,304,6,3,0,1184805,4.9,0,1,mid,1184805,100,450,500000,1999999,You are between budget and premium. Compare 2–3 venue quotes. Keep guest count near 150–250 for mid-range halls.
AVANI Kalutara Resort,Venue & Res. Halls,Gold (show offer),150,1,2,1,8550,4.8,1,1,mid,1282500,100,450,500000,1999999,You are between budget and premium. Compare 2–3 venue quotes. Keep guest count near 150–250 for mid-range halls.
Synthetic Caters,Caters,Mid package,362,2,2,1,6770,4.4,0,2,mid,2450740,100,450,500000,1999999,You are between budget and premium. Compare 2–3 venue quotes. Keep guest count near 150–250 for mid-range halls.
Synthetic Caters,Caters,Premium package,461,2,3,1,10213,4.3,0,4,premium,4708193,150,600,2000000,5999999,"Premium tier needs Colombo metro or top-rated vendors. If over budget, drop spotlight vendors or reduce pax."
Synthetic Venue & Res. Halls,Venue & Res. Halls,Luxury package,576,1,3,1,16494,4.7,0,2,luxury,9500544,200,800,6000000,15000000,Luxury predictions usually mean 400+ pax at Rs. 10k+ pp or flagship hotels. Re-check guest count and category.
Synthetic Venue & Res. Halls,Venue & Res. Halls,Budget package,74,1,2,1,4929,4.8,0,1,budget,364746,50,350,25000,499999,"Look for per-person packages under Rs. 5,000 or flat vendors under Rs. 500k. Reduce guest count or pick a suburban district."
AVANI Kalutara Resort,Venue & Res. Halls,Platinum (show offer),150,1,2,1,9180,4.8,1,1,mid,1377000,100,450,500000,1999999,You are between budget and premium. Compare 2–3 venue quotes. Keep guest count near 150–250 for mid-range halls.
Synthetic Cakes,Cakes,Mid package,260,8,1,0,654030,4.1,0,5,mid,654030,100,450,500000,1999999,You are between budget and premium. Compare 2–3 venue quotes. Keep guest count near 150–250 for mid-range halls.
Synthetic Jewellary,Jewellary,Budget package,110,7,1,0,307561,4.7,0,4,budget,307561,50,350,25000,499999,"Look for per-person packages under Rs. 5,000 or flat vendors under Rs. 500k. Reduce guest count or pick a suburban district."
Synthetic Floral & Deco,Floral & Deco,Mid package,147,4,1,0,1198324,4.2,0,5,mid,1198324,100,450,500000,1999999,You are between budget and premium. Compare 2–3 venue quotes. Keep guest count near 150–250 for mid-range halls.
Synthetic Floral & Deco,Floral & Deco,Mid package,223,4,2,0,1782617,4.3,0,1,mid,1782617,100,450,500000,1999999,You are between budget and premium. Compare 2–3 venue quotes. Keep guest count near 150–250 for mid-range halls.
Synthetic Venue & Res. Halls,Venue & Res. Halls,Budget package,314,1,2,1,3626,4.1,0,4,budget,1138564,50,350,25000,499999,"Look for per-person packages under Rs. 5,000 or flat vendors under Rs. 500k. Reduce guest count or pick a suburban district."
Synthetic Floral & Deco,Floral & Deco,Premium package,293,4,1,0,2165773,4.9,0,2,premium,2165773,150,600,2000000,5999999,"Premium tier needs Colombo metro or top-rated vendors. If over budget, drop spotlight vendors or reduce pax."
Synthetic Caters,Caters,Luxury package,258,2,2,0,9110395,3.8,1,3,luxury,9110395,200,800,6000000,15000000,Luxury predictions usually mean 400+ pax at Rs. 10k+ pp or flagship hotels. Re-check guest count and category.
Synthetic Venue & Res. Halls,Venue & Res. Halls,Budget package,169,1,3,1,4347,4.0,0,1,budget,734643,50,350,25000,499999,"Look for per-person packages under Rs. 5,000 or flat vendors under Rs. 500k. Reduce guest count or pick a suburban district."
Anantara Peace Haven Tangalle,Venue & Res. Halls,Wedding package,150,1,1,0,3000000,4.8,1,1,premium,3000000,150,600,2000000,5999999,"Premium tier needs Colombo metro or top-rated vendors. If over budget, drop spotlight vendors or reduce pax."
Synthetic Floral & Deco,Floral & Deco,Premium package,323,4,3,0,3677456,4.0,0,5,premium,3677456,150,600,2000000,5999999,"Premium tier needs Colombo metro or top-rated vendors. If over budget, drop spotlight vendors or reduce pax."
Synthetic Venue & Res. Halls,Venue & Res. Halls,Mid package,387,1,2,0,1021644,3.8,0,2,mid,1021644,100,450,500000,1999999,You are between budget and premium. Compare 2–3 venue quotes. Keep guest count near 150–250 for mid-range halls.
Synthetic Bridal Service,Bridal Service,Mid package,144,5,1,0,1080167,4.7,0,5,mid,1080167,100,450,500000,1999999,You are between budget and premium. Compare 2–3 venue quotes. Keep guest count near 150–250 for mid-range halls.
Synthetic Bridal Service,Bridal Service,Luxury package,571,5,1,0,6973959,4.9,0,5,luxury,6973959,200,800,6000000,15000000,Luxury predictions usually mean 400+ pax at Rs. 10k+ pp or flagship hotels. Re-check guest count and category.
Synthetic Cakes,Cakes,Mid package,405,8,2,0,1182621,4.5,0,3,mid,1182621,100,450,500000,1999999,You are between budget and premium. Compare 2–3 venue quotes. Keep guest count near 150–250 for mid-range halls.
Authetic Weddings,Photography & Videography,Casual Session Standard,200,3,3,0,70000,4.5,0,1,budget,70000,50,350,25000,499999,"Look for per-person packages under Rs. 5,000 or flat vendors under Rs. 500k. Reduce guest count or pick a suburban district."
Synthetic Bridal Service,Bridal Service,Premium package,427,5,1,0,2583226,4.5,0,4,premium,2583226,150,600,2000000,5999999,"Premium tier needs Colombo metro or top-rated vendors. If over budget, drop spotlight vendors or reduce pax."
Synthetic Photography & Videography,Photography & Videography,Budget package,328,3,2,0,276139,4.2,0,4,budget,276139,50,350,25000,499999,"Look for per-person packages under Rs. 5,000 or flat vendors under Rs. 500k. Reduce guest count or pick a suburban district."
Romance Wedding Photography,Photography & Videography,Noble Chapter,200,3,3,0,445000,4.8,1,1,budget,445000,50,350,25000,499999,"Look for per-person packages under Rs. 5,000 or flat vendors under Rs. 500k. Reduce guest count or pick a suburban district."
Osariya House,Bridal Service,Wedding package,120,5,2,0,20000,4.5,0,1,budget,20000,50,350,25000,499999,"Look for per-person packages under Rs. 5,000 or flat vendors under Rs. 500k. Reduce guest count or pick a suburban district."
Synthetic Groom service,Groom service,Luxury package,664,6,2,0,9367305,4.1,0,2,luxury,9367305,200,800,6000000,15000000,Luxury predictions usually mean 400+ pax at Rs. 10k+ pp or flagship hotels. Re-check guest count and category.
Synthetic Caters,Caters,Mid package,409,2,3,1,6930,4.0,0,4,mid,2834370,100,450,500000,1999999,You are between budget and premium. Compare 2–3 venue quotes. Keep guest count near 150–250 for mid-range halls.
Synthetic Venue & Res. Halls,Venue & Res. Halls,Budget package,263,1,3,1,5040,3.9,0,1,budget,1325520,50,350,25000,499999,"Look for per-person packages under Rs. 5,000 or flat vendors under Rs. 500k. Reduce guest count or pick a suburban district."
Synthetic Floral & Deco,Floral & Deco,Premium package,541,4,1,0,3274379,4.0,0,1,premium,3274379,150,600,2000000,5999999,"Premium tier needs Colombo metro or top-rated vendors. If over budget, drop spotlight vendors or reduce pax."
Synthetic Venue & Res. Halls,Venue & Res. Halls,Mid package,306,1,2,1,8032,4.3,0,5,mid,2457792,100,450,500000,1999999,You are between budget and premium. Compare 2–3 venue quotes. Keep guest count near 150–250 for mid-range halls.
Synthetic Venue & Res. Halls,Venue & Res. Halls,Premium package,517,1,2,1,10948,4.8,0,5,premium,5660116,150,600,2000000,5999999,"Premium tier needs Colombo metro or top-rated vendors. If over budget, drop spotlight vendors or reduce pax."
Synthetic Floral & Deco,Floral & Deco,Luxury package,274,4,1,0,10431189,4.5,1,5,luxury,10431189,200,800,6000000,15000000,Luxury predictions usually mean 400+ pax at Rs. 10k+ pp or flagship hotels. Re-check guest count and category.
Synthetic Jewellary,Jewellary,Premium package,415,7,2,0,2399920,4.8,1,3,premium,2399920,150,600,2000000,5999999,"Premium tier needs Colombo metro or top-rated vendors. If over budget, drop spotlight vendors or reduce pax."
Synthetic Jewellary,Jewellary,Premium package,234,7,1,0,3178347,4.2,0,1,premium,3178347,150,600,2000000,5999999,"Premium tier needs Colombo metro or top-rated vendors. If over budget, drop spotlight vendors or reduce pax."
Courtyard by Marriott Colombo,Venue & Res. Halls,Platinum Dinner 2027 (nett pp),150,1,3,1,16194,4.8,1,1,premium,2429100,150,600,2000000,5999999,"Premium tier needs Colombo metro or top-rated vendors. If over budget, drop spotlight vendors or reduce pax."
Synthetic Groom service,Groom service,Premium package,314,6,3,0,2276742,4.0,0,5,premium,2276742,150,600,2000000,5999999,"Premium tier needs Colombo metro or top-rated vendors. If over budget, drop spotlight vendors or reduce pax."
Synthetic Floral & Deco,Floral & Deco,Budget package,172,4,1,0,192878,4.8,0,4,budget,192878,50,350,25000,499999,"Look for per-person packages under Rs. 5,000 or flat vendors under Rs. 500k. Reduce guest count or pick a suburban district."
Synthetic Groom service,Groom service,Luxury package,248,6,3,0,8819939,4.6,0,5,luxury,8819939,200,800,6000000,15000000,Luxury predictions usually mean 400+ pax at Rs. 10k+ pp or flagship hotels. Re-check guest count and category.
Synthetic Bridal Service,Bridal Service,Premium package,158,5,1,0,5217277,4.3,0,3,premium,5217277,150,600,2000000,5999999,"Premium tier needs Colombo metro or top-rated vendors. If over budget, drop spotlight vendors or reduce pax."
Synthetic Jewellary,Jewellary,Mid package,443,7,2,0,1762150,4.3,0,2,mid,1762150,100,450,500000,1999999,You are between budget and premium. Compare 2–3 venue quotes. Keep guest count near 150–250 for mid-range halls.
Synthetic Groom service,Groom service,Luxury package,705,6,2,0,6763545,4.5,1,4,luxury,6763545,200,800,6000000,15000000,Luxury predictions usually mean 400+ pax at Rs. 10k+ pp or flagship hotels. Re-check guest count and category.
Synthetic Photography & Videography,Photography & Videography,Luxury package,765,3,1,0,10260914,4.1,0,5,luxury,10260914,200,800,6000000,15000000,Luxury predictions usually mean 400+ pax at Rs. 10k+ pp or flagship hotels. Re-check guest count and category.
Synthetic Floral & Deco,Floral & Deco,Premium package,539,4,2,0,3023636,4.2,0,2,premium,3023636,150,600,2000000,5999999,"Premium tier needs Colombo metro or top-rated vendors. If over budget, drop spotlight vendors or reduce pax."
Synthetic Caters,Caters,Mid package,446,2,1,0,868681,4.0,0,4,mid,868681,100,450,500000,1999999,You are between budget and premium. Compare 2–3 venue quotes. Keep guest count near 150–250 for mid-range halls.
Synthetic Cakes,Cakes,Budget package,338,8,1,0,129578,3.8,0,1,budget,129578,50,350,25000,499999,"Look for per-person packages under Rs. 5,000 or flat vendors under Rs. 500k. Reduce guest count or pick a suburban district."
Synthetic Caters,Caters,Luxury package,789,2,1,1,16436,4.0,0,4,luxury,12968004,200,800,6000000,15000000,Luxury predictions usually mean 400+ pax at Rs. 10k+ pp or flagship hotels. Re-check guest count and category.
Synthetic Photography & Videography,Photography & Videography,Budget package,168,3,1,0,315938,4.0,0,2,budget,315938,50,350,25000,499999,"Look for per-person packages under Rs. 5,000 or flat vendors under Rs. 500k. Reduce guest count or pick a suburban district."
The Bridal Lounge,Bridal Service,Wedding package,120,5,3,0,40000,4.5,0,1,budget,40000,50,350,25000,499999,"Look for per-person packages under Rs. 5,000 or flat vendors under Rs. 500k. Reduce guest count or pick a suburban district."
Synthetic Groom service,Groom service,Premium package,569,6,1,0,3691672,4.7,0,4,premium,3691672,150,600,2000000,5999999,"Premium tier needs Colombo metro or top-rated vendors. If over budget, drop spotlight vendors or reduce pax."
Synthetic Cakes,Cakes,Mid package,175,8,1,0,947383,4.0,0,3,mid,947383,100,450,500000,1999999,You are between budget and premium. Compare 2–3 venue quotes. Keep guest count near 150–250 for mid-range halls.
Synthetic Caters,Caters,Premium package,522,2,2,1,11872,4.3,1,1,premium,6197184,150,600,2000000,5999999,"Premium tier needs Colombo metro or top-rated vendors. If over budget, drop spotlight vendors or reduce pax."
Synthetic Photography & Videography,Photography & Videography,Mid package,349,3,1,0,1282025,3.9,0,5,mid,1282025,100,450,500000,1999999,You are between budget and premium. Compare 2–3 venue quotes. Keep guest count near 150–250 for mid-range halls.
Synthetic Groom service,Groom service,Mid package,246,6,1,0,1745001,4.7,0,1,mid,1745001,100,450,500000,1999999,You are between budget and premium. Compare 2–3 venue quotes. Keep guest count near 150–250 for mid-range halls.
Synthetic Jewellary,Jewellary,Premium package,563,7,3,0,2768264,4.1,1,4,premium,2768264,150,600,2000000,5999999,"Premium tier needs Colombo metro or top-rated vendors. If over budget, drop spotlight vendors or reduce pax."
Synthetic Jewellary,Jewellary,Mid package,159,7,1,0,656143,3.9,0,1,mid,656143,100,450,500000,1999999,You are between budget and premium. Compare 2–3 venue quotes. Keep guest count near 150–250 for mid-range halls.
Synthetic Photography & Videography,Photography & Videography,Premium package,458,3,1,0,2534846,3.8,1,3,premium,2534846,150,600,2000000,5999999,"Premium tier needs Colombo metro or top-rated vendors. If over budget, drop spotlight vendors or reduce pax."
Elia Davide Photography,Photography & Videography,Pre-shoot / engagement,200,3,3,0,19500,4.5,0,1,budget,19500,50,350,25000,499999,"Look for per-person packages under Rs. 5,000 or flat vendors under Rs. 500k. Reduce guest count or pick a suburban district."
Synthetic Photography & Videography,Photography & Videography,Premium package,209,3,2,0,4726984,4.0,1,3,premium,4726984,150,600,2000000,5999999,"Premium tier needs Colombo metro or top-rated vendors. If over budget, drop spotlight vendors or reduce pax."
Bolagala Floating Resort,Venue & Res. Halls,Silver Honeymoon,150,1,2,0,130000,4.6,0,1,budget,130000,50,350,25000,499999,"Look for per-person packages under Rs. 5,000 or flat vendors under Rs. 500k. Reduce guest count or pick a suburban district."
Synthetic Floral & Deco,Floral & Deco,Premium package,556,4,3,0,4320225,4.8,0,4,premium,4320225,150,600,2000000,5999999,"Premium tier needs Colombo metro or top-rated vendors. If over budget, drop spotlight vendors or reduce pax."
Synthetic Bridal Service,Bridal Service,Luxury package,800,5,3,0,7927832,4.4,1,1,luxury,7927832,200,800,6000000,15000000,Luxury predictions usually mean 400+ pax at Rs. 10k+ pp or flagship hotels. Re-check guest count and category.
Synthetic Venue & Res. Halls,Venue & Res. Halls,Luxury package,523,1,2,1,20447,4.4,1,3,luxury,10693781,200,800,6000000,15000000,Luxury predictions usually mean 400+ pax at Rs. 10k+ pp or flagship hotels. Re-check guest count and category.
Synthetic Venue & Res. Halls,Venue & Res. Halls,Budget package,141,1,2,1,4529,4.5,0,5,budget,638589,50,350,25000,499999,"Look for per-person packages under Rs. 5,000 or flat vendors under Rs. 500k. Reduce guest count or pick a suburban district."
Synthetic Floral & Deco,Floral & Deco,Luxury package,540,4,2,0,9000406,4.2,1,3,luxury,9000406,200,800,6000000,15000000,Luxury predictions usually mean 400+ pax at Rs. 10k+ pp or flagship hotels. Re-check guest count and category.
Synthetic Jewellary,Jewellary,Luxury package,336,7,2,0,7096366,3.9,0,2,luxury,7096366,200,800,6000000,15000000,Luxury predictions usually mean 400+ pax at Rs. 10k+ pp or flagship hotels. Re-check guest count and category.
Synthetic Groom service,Groom service,Budget package,122,6,2,0,134568,4.1,0,2,budget,134568,50,350,25000,499999,"Look for per-person packages under Rs. 5,000 or flat vendors under Rs. 500k. Reduce guest count or pick a suburban district."
Synthetic Venue & Res. Halls,Venue & Res. Halls,Budget package,134,1,2,1,3769,4.6,0,2,budget,505046,50,350,25000,499999,"Look for per-person packages under Rs. 5,000 or flat vendors under Rs. 500k. Reduce guest count or pick a suburban district."
Synthetic Floral & Deco,Floral & Deco,Budget package,297,4,1,0,45696,4.2,0,5,budget,45696,50,350,25000,499999,"Look for per-person packages under Rs. 5,000 or flat vendors under Rs. 500k. Reduce guest count or pick a suburban district."
Synthetic Floral & Deco,Floral & Deco,Mid package,381,4,3,0,732185,3.8,0,3,mid,732185,100,450,500000,1999999,You are between budget and premium. Compare 2–3 venue quotes. Keep guest count near 150–250 for mid-range halls.
The Kingsbury Colombo,Venue & Res. Halls,Wedding package,150,1,3,0,2500000,4.7,1,1,premium,2500000,150,600,2000000,5999999,"Premium tier needs Colombo metro or top-rated vendors. If over budget, drop spotlight vendors or reduce pax."
Synthetic Floral & Deco,Floral & Deco,Budget package,207,4,2,0,44198,4.1,0,1,budget,44198,50,350,25000,499999,"Look for per-person packages under Rs. 5,000 or flat vendors under Rs. 500k. Reduce guest count or pick a suburban district."
Synthetic Venue & Res. Halls,Venue & Res. Halls,Budget package,282,1,2,1,5366,3.9,0,4,budget,1513212,50,350,25000,499999,"Look for per-person packages under Rs. 5,000 or flat vendors under Rs. 500k. Reduce guest count or pick a suburban district."
Stone 'N String,Jewellary,Wedding package,120,7,3,0,80000,4.6,0,1,budget,80000,50,350,25000,499999,"Look for per-person packages under Rs. 5,000 or flat vendors under Rs. 500k. Reduce guest count or pick a suburban district."
Synthetic Caters,Caters,Mid package,172,2,1,1,6401,3.8,0,5,mid,1100972,100,450,500000,1999999,You are between budget and premium. Compare 2–3 venue quotes. Keep guest count near 150–250 for mid-range halls.
Synthetic Bridal Service,Bridal Service,Budget package,59,5,2,0,198624,4.0,0,2,budget,198624,50,350,25000,499999,"Look for per-person packages under Rs. 5,000 or flat vendors under Rs. 500k. Reduce guest count or pick a suburban district."
Synthetic Venue & Res. Halls,Venue & Res. Halls,Mid package,186,1,1,1,6405,4.7,0,5,mid,1191330,100,450,500000,1999999,You are between budget and premium. Compare 2–3 venue quotes. Keep guest count near 150–250 for mid-range halls.
Synthetic Floral & Deco,Floral & Deco,Budget package,98,4,3,0,337430,4.4,0,3,budget,337430,50,350,25000,499999,"Look for per-person packages under Rs. 5,000 or flat vendors under Rs. 500k. Reduce guest count or pick a suburban district."
Synthetic Photography & Videography,Photography & Videography,Mid package,294,3,1,0,992170,4.2,0,1,mid,992170,100,450,500000,1999999,You are between budget and premium. Compare 2–3 venue quotes. Keep guest count near 150–250 for mid-range halls.
Synthetic Bridal Service,Bridal Service,Mid package,113,5,2,0,1352097,4.2,0,3,mid,1352097,100,450,500000,1999999,You are between budget and premium. Compare 2–3 venue quotes. Keep guest count near 150–250 for mid-range halls.
Synthetic Caters,Caters,Premium package,188,2,1,1,11014,4.4,0,3,premium,2070632,150,600,2000000,5999999,"Premium tier needs Colombo metro or top-rated vendors. If over budget, drop spotlight vendors or reduce pax."
Synthetic Bridal Service,Bridal Service,Luxury package,624,5,3,0,7039960,4.5,0,4,luxury,7039960,200,800,6000000,15000000,Luxury predictions usually mean 400+ pax at Rs. 10k+ pp or flagship hotels. Re-check guest count and category.
Synthetic Floral & Deco,Floral & Deco,Budget package,290,4,3,0,354092,4.0,0,4,budget,354092,50,350,25000,499999,"Look for per-person packages under Rs. 5,000 or flat vendors under Rs. 500k. Reduce guest count or pick a suburban district."
Synthetic Bridal Service,Bridal Service,Mid package,196,5,1,0,1726937,3.9,0,1,mid,1726937,100,450,500000,1999999,You are between budget and premium. Compare 2–3 venue quotes. Keep guest count near 150–250 for mid-range halls.
Synthetic Jewellary,Jewellary,Budget package,58,7,1,0,95332,3.8,0,4,budget,95332,50,350,25000,499999,"Look for per-person packages under Rs. 5,000 or flat vendors under Rs. 500k. Reduce guest count or pick a suburban district."
Synthetic Venue & Res. Halls,Venue & Res. Halls,Budget package,300,1,1,1,5686,4.5,0,4,budget,1705800,50,350,25000,499999,"Look for per-person packages under Rs. 5,000 or flat vendors under Rs. 500k. Reduce guest count or pick a suburban district."
Synthetic Jewellary,Jewellary,Premium package,347,7,1,0,2863646,4.6,0,2,premium,2863646,150,600,2000000,5999999,"Premium tier needs Colombo metro or top-rated vendors. If over budget, drop spotlight vendors or reduce pax."
Synthetic Caters,Caters,Luxury package,240,2,2,1,18588,4.2,1,3,luxury,4461120,200,800,6000000,15000000,Luxury predictions usually mean 400+ pax at Rs. 10k+ pp or flagship hotels. Re-check guest count and category.
Synthetic Photography & Videography,Photography & Videography,Premium package,212,3,1,0,3612664,4.1,1,5,premium,3612664,150,600,2000000,5999999,"Premium tier needs Colombo metro or top-rated vendors. If over budget, drop spotlight vendors or reduce pax."
Synthetic Floral & Deco,Floral & Deco,Budget package,184,4,2,0,292870,4.1,0,4,budget,292870,50,350,25000,499999,"Look for per-person packages under Rs. 5,000 or flat vendors under Rs. 500k. Reduce guest count or pick a suburban district."
Synthetic Groom service,Groom service,Budget package,294,6,1,0,280311,4.7,0,1,budget,280311,50,350,25000,499999,"Look for per-person packages under Rs. 5,000 or flat vendors under Rs. 500k. Reduce guest count or pick a suburban district."
Synthetic Groom service,Groom service,Premium package,537,6,3,0,3378421,3.9,0,5,premium,3378421,150,600,2000000,5999999,"Premium tier needs Colombo metro or top-rated vendors. If over budget, drop spotlight vendors or reduce pax."
Synthetic Cakes,Cakes,Premium package,373,8,2,0,4899739,4.4,1,4,premium,4899739,150,600,2000000,5999999,"Premium tier needs Colombo metro or top-rated vendors. If over budget, drop spotlight vendors or reduce pax."
Synthetic Caters,Caters,Mid package,201,2,2,1,7994,4.5,0,1,mid,1606794,100,450,500000,1999999,You are between budget and premium. Compare 2–3 venue quotes. Keep guest count near 150–250 for mid-range halls.
Synthetic Caters,Caters,Budget package,220,2,2,1,5409,4.4,0,4,budget,1189980,50,350,25000,499999,"Look for per-person packages under Rs. 5,000 or flat vendors under Rs. 500k. Reduce guest count or pick a suburban district."
Synthetic Floral & Deco,Floral & Deco,Mid package,279,4,3,0,1638460,4.2,0,1,mid,1638460,100,450,500000,1999999,You are between budget and premium. Compare 2–3 venue quotes. Keep guest count near 150–250 for mid-range halls.
Synthetic Photography & Videography,Photography & Videography,Budget package,121,3,3,0,387671,4.2,0,4,budget,387671,50,350,25000,499999,"Look for per-person packages under Rs. 5,000 or flat vendors under Rs. 500k. Reduce guest count or pick a suburban district."
Synthetic Bridal Service,Bridal Service,Luxury package,745,5,2,0,9631466,4.2,0,4,luxury,9631466,200,800,6000000,15000000,Luxury predictions usually mean 400+ pax at Rs. 10k+ pp or flagship hotels. Re-check guest count and category.
Synthetic Caters,Caters,Budget package,176,2,2,1,4800,4.7,0,2,budget,844800,50,350,25000,499999,"Look for per-person packages under Rs. 5,000 or flat vendors under Rs. 500k. Reduce guest count or pick a suburban district."
Synthetic Floral & Deco,Floral & Deco,Luxury package,312,4,3,0,11573642,4.0,0,5,luxury,11573642,200,800,6000000,15000000,Luxury predictions usually mean 400+ pax at Rs. 10k+ pp or flagship hotels. Re-check guest count and category.
AVANI Kalutara Resort,Venue & Res. Halls,Bronze (show offer),250,1,2,1,7200,4.8,1,1,mid,1800000,100,450,500000,1999999,You are between budget and premium. Compare 2–3 venue quotes. Keep guest count near 150–250 for mid-range halls.
Synthetic Groom service,Groom service,Mid package,440,6,3,0,1215420,4.9,0,1,mid,1215420,100,450,500000,1999999,You are between budget and premium. Compare 2–3 venue quotes. Keep guest count near 150–250 for mid-range halls.
Synthetic Caters,Caters,Mid package,116,2,1,1,7157,4.3,0,4,mid,830212,100,450,500000,1999999,You are between budget and premium. Compare 2–3 venue quotes. Keep guest count near 150–250 for mid-range halls.
Synthetic Venue & Res. Halls,Venue & Res. Halls,Premium package,304,1,1,0,2173372,4.6,0,1,premium,2173372,150,600,2000000,5999999,"Premium tier needs Colombo metro or top-rated vendors. If over budget, drop spotlight vendors or reduce pax."
Synthetic Cakes,Cakes,Budget package,106,8,1,0,288563,3.9,0,4,budget,288563,50,350,25000,499999,"Look for per-person packages under Rs. 5,000 or flat vendors under Rs. 500k. Reduce guest count or pick a suburban district."
Synthetic Jewellary,Jewellary,Luxury package,335,7,1,0,9422897,3.8,1,4,luxury,9422897,200,800,6000000,15000000,Luxury predictions usually mean 400+ pax at Rs. 10k+ pp or flagship hotels. Re-check guest count and category.
Synthetic Bridal Service,Bridal Service,Mid package,234,5,3,0,891716,4.8,0,4,mid,891716,100,450,500000,1999999,You are between budget and premium. Compare 2–3 venue quotes. Keep guest count near 150–250 for mid-range halls.
Synthetic Floral & Deco,Floral & Deco,Luxury package,294,4,1,0,9782000,4.7,1,1,luxury,9782000,200,800,6000000,15000000,Luxury predictions usually mean 400+ pax at Rs. 10k+ pp or flagship hotels. Re-check guest count and category.
Jetwing Lighthouse,Venue & Res. Halls,Wedding package,150,1,2,0,1800000,4.8,1,1,mid,1800000,100,450,500000,1999999,You are between budget and premium. Compare 2–3 venue quotes. Keep guest count near 150–250 for mid-range halls.
Synthetic Venue & Res. Halls,Venue & Res. Halls,Mid package,217,1,1,1,7618,4.0,0,1,mid,1653106,100,450,500000,1999999,You are between budget and premium. Compare 2–3 venue quotes. Keep guest count near 150–250 for mid-range halls.
Synthetic Caters,Caters,Premium package,470,2,2,0,2758493,3.9,0,3,premium,2758493,150,600,2000000,5999999,"Premium tier needs Colombo metro or top-rated vendors. If over budget, drop spotlight vendors or reduce pax."
Synthetic Floral & Deco,Floral & Deco,Luxury package,694,4,2,0,11359703,4.8,0,3,luxury,11359703,200,800,6000000,15000000,Luxury predictions usually mean 400+ pax at Rs. 10k+ pp or flagship hotels. Re-check guest count and category.
Synthetic Floral & Deco,Floral & Deco,Luxury package,581,4,1,0,11866487,4.6,0,2,luxury,11866487,200,800,6000000,15000000,Luxury predictions usually mean 400+ pax at Rs. 10k+ pp or flagship hotels. Re-check guest count and category.
Synthetic Caters,Caters,Premium package,248,2,2,0,4726863,4.0,1,1,premium,4726863,150,600,2000000,5999999,"Premium tier needs Colombo metro or top-rated vendors. If over budget, drop spotlight vendors or reduce pax."
Kandy Queen Jewellery,Jewellary,Wedding package,120,7,3,0,40000,4.6,0,1,budget,40000,50,350,25000,499999,"Look for per-person packages under Rs. 5,000 or flat vendors under Rs. 500k. Reduce guest count or pick a suburban district."
Synthetic Cakes,Cakes,Luxury package,615,8,1,0,11715733,3.9,1,4,luxury,11715733,200,800,6000000,15000000,Luxury predictions usually mean 400+ pax at Rs. 10k+ pp or flagship hotels. Re-check guest count and category.
Synthetic Bridal Service,Bridal Service,Premium package,171,5,1,0,2854219,4.3,0,1,premium,2854219,150,600,2000000,5999999,"Premium tier needs Colombo metro or top-rated vendors. If over budget, drop spotlight vendors or reduce pax."
Studio Cloudy,Photography & Videography,Wedding-day coverage,200,3,3,0,120000,4.8,1,1,budget,120000,50,350,25000,499999,"Look for per-person packages under Rs. 5,000 or flat vendors under Rs. 500k. Reduce guest count or pick a suburban district."
Synthetic Jewellary,Jewellary,Budget package,145,7,2,0,386730,4.8,0,4,budget,386730,50,350,25000,499999,"Look for per-person packages under Rs. 5,000 or flat vendors under Rs. 500k. Reduce guest count or pick a suburban district."
The Golden Crown Hotel,Venue & Res. Halls,Wedding package,150,1,2,0,900000,4.5,0,1,mid,900000,100,450,500000,1999999,You are between budget and premium. Compare 2–3 venue quotes. Keep guest count near 150–250 for mid-range halls.
Synthetic Venue & Res. Halls,Venue & Res. Halls,Premium package,366,1,1,1,13379,4.7,0,3,premium,4896714,150,600,2000000,5999999,"Premium tier needs Colombo metro or top-rated vendors. If over budget, drop spotlight vendors or reduce pax."
Synthetic Floral & Deco,Floral & Deco,Luxury package,460,4,1,0,11498080,4.2,1,3,luxury,11498080,200,800,6000000,15000000,Luxury predictions usually mean 400+ pax at Rs. 10k+ pp or flagship hotels. Re-check guest count and category.
Synthetic Caters,Caters,Luxury package,700,2,1,1,21197,4.2,0,3,luxury,14837900,200,800,6000000,15000000,Luxury predictions usually mean 400+ pax at Rs. 10k+ pp or flagship hotels. Re-check guest count and category.
Synthetic Jewellary,Jewellary,Mid package,192,7,2,0,1177876,4.2,0,2,mid,1177876,100,450,500000,1999999,You are between budget and premium. Compare 2–3 venue quotes. Keep guest count near 150–250 for mid-range halls.
Synthetic Floral & Deco,Floral & Deco,Budget package,129,4,3,0,77172,4.1,0,1,budget,77172,50,350,25000,499999,"Look for per-person packages under Rs. 5,000 or flat vendors under Rs. 500k. Reduce guest count or pick a suburban district."
Synthetic Photography & Videography,Photography & Videography,Luxury package,790,3,2,0,10957473,3.9,1,3,luxury,10957473,200,800,6000000,15000000,Luxury predictions usually mean 400+ pax at Rs. 10k+ pp or flagship hotels. Re-check guest count and category.
Synthetic Caters,Caters,Premium package,594,2,2,1,12177,3.8,1,3,premium,7233138,150,600,2000000,5999999,"Premium tier needs Colombo metro or top-rated vendors. If over budget, drop spotlight vendors or reduce pax."
Synthetic Caters,Caters,Luxury package,208,2,2,0,8172735,4.2,0,1,luxury,8172735,200,800,6000000,15000000,Luxury predictions usually mean 400+ pax at Rs. 10k+ pp or flagship hotels. Re-check guest count and category.
Synthetic Jewellary,Jewellary,Budget package,182,7,2,0,437171,4.5,0,3,budget,437171,50,350,25000,499999,"Look for per-person packages under Rs. 5,000 or flat vendors under Rs. 500k. Reduce guest count or pick a suburban district."
Synthetic Cakes,Cakes,Luxury package,583,8,3,0,10132851,4.6,0,4,luxury,10132851,200,800,6000000,15000000,Luxury predictions usually mean 400+ pax at Rs. 10k+ pp or flagship hotels. Re-check guest count and category.
Synthetic Cakes,Cakes,Mid package,285,8,2,0,593405,4.6,0,1,mid,593405,100,450,500000,1999999,You are between budget and premium. Compare 2–3 venue quotes. Keep guest count near 150–250 for mid-range halls.
Synthetic Caters,Caters,Mid package,445,2,3,0,849869,4.7,0,5,mid,849869,100,450,500000,1999999,You are between budget and premium. Compare 2–3 venue quotes. Keep guest count near 150–250 for mid-range halls.
Synthetic Cakes,Cakes,Mid package,193,8,2,0,1050751,3.9,0,3,mid,1050751,100,450,500000,1999999,You are between budget and premium. Compare 2–3 venue quotes. Keep guest count near 150–250 for mid-range halls.
Green Valley Resort,Venue & Res. Halls,"Banquet menu Rs. 5,250 pp",150,1,3,1,5250,4.4,0,1,mid,787500,100,450,500000,1999999,You are between budget and premium. Compare 2–3 venue quotes. Keep guest count near 150–250 for mid-range halls.
Synthetic Jewellary,Jewellary,Budget package,105,7,3,0,358234,4.3,0,3,budget,358234,50,350,25000,499999,"Look for per-person packages under Rs. 5,000 or flat vendors under Rs. 500k. Reduce guest count or pick a suburban district."
Synthetic Cakes,Cakes,Mid package,119,8,3,0,1212755,4.1,0,3,mid,1212755,100,450,500000,1999999,You are between budget and premium. Compare 2–3 venue quotes. Keep guest count near 150–250 for mid-range halls.
Synthetic Cakes,Cakes,Premium package,465,8,2,0,2364471,4.8,0,4,premium,2364471,150,600,2000000,5999999,"Premium tier needs Colombo metro or top-rated vendors. If over budget, drop spotlight vendors or reduce pax."
Synthetic Bridal Service,Bridal Service,Premium package,460,5,3,0,2344108,4.3,0,3,premium,2344108,150,600,2000000,5999999,"Premium tier needs Colombo metro or top-rated vendors. If over budget, drop spotlight vendors or reduce pax."
Synthetic Bridal Service,Bridal Service,Luxury package,784,5,3,0,11104403,4.5,0,3,luxury,11104403,200,800,6000000,15000000,Luxury predictions usually mean 400+ pax at Rs. 10k+ pp or flagship hotels. Re-check guest count and category.
Everluxe Stories Photography,Photography & Videography,One Day Wedding with Pre-shoot 04,200,3,3,0,175000,4.7,1,1,budget,175000,50,350,25000,499999,"Look for per-person packages under Rs. 5,000 or flat vendors under Rs. 500k. Reduce guest count or pick a suburban district."
Synthetic Floral & Deco,Floral & Deco,Mid package,125,4,3,0,672304,3.9,0,1,mid,672304,100,450,500000,1999999,You are between budget and premium. Compare 2–3 venue quotes. Keep guest count near 150–250 for mid-range halls.
Synthetic Floral & Deco,Floral & Deco,Mid package,109,4,3,0,753016,3.9,0,4,mid,753016,100,450,500000,1999999,You are between budget and premium. Compare 2–3 venue quotes. Keep guest count near 150–250 for mid-range halls.
Synthetic Caters,Caters,Luxury package,668,2,3,0,8664108,4.9,0,2,luxury,8664108,200,800,6000000,15000000,Luxury predictions usually mean 400+ pax at Rs. 10k+ pp or flagship hotels. Re-check guest count and category.
Synthetic Jewellary,Jewellary,Luxury package,400,7,2,0,11243949,4.4,1,5,luxury,11243949,200,800,6000000,15000000,Luxury predictions usually mean 400+ pax at Rs. 10k+ pp or flagship hotels. Re-check guest count and category.
Synthetic Jewellary,Jewellary,Mid package,143,7,1,0,615354,4.8,0,3,mid,615354,100,450,500000,1999999,You are between budget and premium. Compare 2–3 venue quotes. Keep guest count near 150–250 for mid-range halls.
Synthetic Venue & Res. Halls,Venue & Res. Halls,Budget package,192,1,3,1,5195,4.0,0,1,budget,997440,50,350,25000,499999,"Look for per-person packages under Rs. 5,000 or flat vendors under Rs. 500k. Reduce guest count or pick a suburban district."
Synthetic Floral & Deco,Floral & Deco,Luxury package,296,4,3,0,6523712,4.4,0,5,luxury,6523712,200,800,6000000,15000000,Luxury predictions usually mean 400+ pax at Rs. 10k+ pp or flagship hotels. Re-check guest count and category.
Hameedia,Groom service,Wedding package,120,6,3,0,25000,4.7,1,1,budget,25000,50,350,25000,499999,"Look for per-person packages under Rs. 5,000 or flat vendors under Rs. 500k. Reduce guest count or pick a suburban district."
Synthetic Cakes,Cakes,Premium package,233,8,1,0,5086017,4.5,1,2,premium,5086017,150,600,2000000,5999999,"Premium tier needs Colombo metro or top-rated vendors. If over budget, drop spotlight vendors or reduce pax."
Synthetic Photography & Videography,Photography & Videography,Premium package,522,3,2,0,5004520,4.6,0,1,premium,5004520,150,600,2000000,5999999,"Premium tier needs Colombo metro or top-rated vendors. If over budget, drop spotlight vendors or reduce pax."
Synthetic Groom service,Groom service,Premium package,362,6,2,0,4981877,4.9,1,2,premium,4981877,150,600,2000000,5999999,"Premium tier needs Colombo metro or top-rated vendors. If over budget, drop spotlight vendors or reduce pax."
Synthetic Photography & Videography,Photography & Videography,Premium package,206,3,1,0,4205824,4.8,0,4,premium,4205824,150,600,2000000,5999999,"Premium tier needs Colombo metro or top-rated vendors. If over budget, drop spotlight vendors or reduce pax."
Synthetic Jewellary,Jewellary,Mid package,297,7,2,0,773113,4.5,0,1,mid,773113,100,450,500000,1999999,You are between budget and premium. Compare 2–3 venue quotes. Keep guest count near 150–250 for mid-range halls.
Synthetic Caters,Caters,Mid package,214,2,2,1,6422,4.6,0,1,mid,1374308,100,450,500000,1999999,You are between budget and premium. Compare 2–3 venue quotes. Keep guest count near 150–250 for mid-range halls.
Synthetic Cakes,Cakes,Luxury package,591,8,2,0,11742242,4.7,0,4,luxury,11742242,200,800,6000000,15000000,Luxury predictions usually mean 400+ pax at Rs. 10k+ pp or flagship hotels. Re-check guest count and category.
Synthetic Floral & Deco,Floral & Deco,Luxury package,393,4,3,0,10007539,4.6,0,1,luxury,10007539,200,800,6000000,15000000,Luxury predictions usually mean 400+ pax at Rs. 10k+ pp or flagship hotels. Re-check guest count and category.
Synthetic Photography & Videography,Photography & Videography,Luxury package,628,3,3,0,10343833,3.9,0,3,luxury,10343833,200,800,6000000,15000000,Luxury predictions usually mean 400+ pax at Rs. 10k+ pp or flagship hotels. Re-check guest count and category.
Synthetic Photography & Videography,Photography & Videography,Mid package,388,3,2,0,620582,4.7,0,1,mid,620582,100,450,500000,1999999,You are between budget and premium. Compare 2–3 venue quotes. Keep guest count near 150–250 for mid-range halls.
Romance Wedding Photography,Photography & Videography,Signature Story,200,3,3,0,265000,4.8,1,1,budget,265000,50,350,25000,499999,"Look for per-person packages under Rs. 5,000 or flat vendors under Rs. 500k. Reduce guest count or pick a suburban district."
Synthetic Venue & Res. Halls,Venue & Res. Halls,Budget package,109,1,1,0,237815,4.9,0,3,budget,237815,50,350,25000,499999,"Look for per-person packages under Rs. 5,000 or flat vendors under Rs. 500k. Reduce guest count or pick a suburban district."
Synthetic Jewellary,Jewellary,Premium package,293,7,1,0,3101449,4.4,0,1,premium,3101449,150,600,2000000,5999999,"Premium tier needs Colombo metro or top-rated vendors. If over budget, drop spotlight vendors or reduce pax."
Eresh Jayanga Dias Photography,Photography & Videography,Package 02 - Wedding only,200,3,2,0,130000,4.6,0,1,budget,130000,50,350,25000,499999,"Look for per-person packages under Rs. 5,000 or flat vendors under Rs. 500k. Reduce guest count or pick a suburban district."
Synthetic Floral & Deco,Floral & Deco,Premium package,442,4,2,0,3293148,4.0,0,1,premium,3293148,150,600,2000000,5999999,"Premium tier needs Colombo metro or top-rated vendors. If over budget, drop spotlight vendors or reduce pax."
Synthetic Photography & Videography,Photography & Videography,Luxury package,364,3,1,0,11458753,4.3,1,2,luxury,11458753,200,800,6000000,15000000,Luxury predictions usually mean 400+ pax at Rs. 10k+ pp or flagship hotels. Re-check guest count and category.
Synthetic Venue & Res. Halls,Venue & Res. Halls,Luxury package,424,1,1,1,16023,4.9,0,5,luxury,6793752,200,800,6000000,15000000,Luxury predictions usually mean 400+ pax at Rs. 10k+ pp or flagship hotels. Re-check guest count and category.
Hair Avenue,Bridal Service,Bridesmaid Gold,120,5,3,0,17000,4.6,1,1,budget,17000,50,350,25000,499999,"Look for per-person packages under Rs. 5,000 or flat vendors under Rs. 500k. Reduce guest count or pick a suburban district."
Synthetic Bridal Service,Bridal Service,Luxury package,282,5,3,0,7097933,3.9,1,1,luxury,7097933,200,800,6000000,15000000,Luxury predictions usually mean 400+ pax at Rs. 10k+ pp or flagship hotels. Re-check guest count and category.
Synthetic Caters,Caters,Budget package,197,2,3,1,3740,4.8,0,5,budget,736780,50,350,25000,499999,"Look for per-person packages under Rs. 5,000 or flat vendors under Rs. 500k. Reduce guest count or pick a suburban district."
Synthetic Groom service,Groom service,Luxury package,439,6,3,0,10609903,4.8,0,4,luxury,10609903,200,800,6000000,15000000,Luxury predictions usually mean 400+ pax at Rs. 10k+ pp or flagship hotels. Re-check guest count and category.
Synthetic Groom service,Groom service,Mid package,339,6,3,0,860357,4.7,0,4,mid,860357,100,450,500000,1999999,You are between budget and premium. Compare 2–3 venue quotes. Keep guest count near 150–250 for mid-range halls.
Synthetic Groom service,Groom service,Mid package,278,6,1,0,1453061,4.9,0,1,mid,1453061,100,450,500000,1999999,You are between budget and premium. Compare 2–3 venue quotes. Keep guest count near 150–250 for mid-range halls.
Synthetic Floral & Deco,Floral & Deco,Mid package,115,4,3,0,652755,4.7,0,5,mid,652755,100,450,500000,1999999,You are between budget and premium. Compare 2–3 venue quotes. Keep guest count near 150–250 for mid-range halls.
Synthetic Bridal Service,Bridal Service,Premium package,254,5,2,0,4975992,4.7,1,1,premium,4975992,150,600,2000000,5999999,"Premium tier needs Colombo metro or top-rated vendors. If over budget, drop spotlight vendors or reduce pax."
Synthetic Groom service,Groom service,Luxury package,747,6,3,0,9867696,4.4,0,5,luxury,9867696,200,800,6000000,15000000,Luxury predictions usually mean 400+ pax at Rs. 10k+ pp or flagship hotels. Re-check guest count and category.
Synthetic Caters,Caters,Mid package,386,2,1,1,8151,4.1,0,1,mid,3146286,100,450,500000,1999999,You are between budget and premium. Compare 2–3 venue quotes. Keep guest count near 150–250 for mid-range halls.
Synthetic Floral & Deco,Floral & Deco,Premium package,193,4,2,0,3734371,4.7,0,5,premium,3734371,150,600,2000000,5999999,"Premium tier needs Colombo metro or top-rated vendors. If over budget, drop spotlight vendors or reduce pax."
Danushka Senadeera Photography,Photography & Videography,Bronze Classic Package,200,3,3,0,350000,4.8,1,1,budget,350000,50,350,25000,499999,"Look for per-person packages under Rs. 5,000 or flat vendors under Rs. 500k. Reduce guest count or pick a suburban district."
Synthetic Bridal Service,Bridal Service,Premium package,232,5,1,0,5123684,4.5,1,3,premium,5123684,150,600,2000000,5999999,"Premium tier needs Colombo metro or top-rated vendors. If over budget, drop spotlight vendors or reduce pax."
Synthetic Cakes,Cakes,Premium package,220,8,3,0,4116620,4.0,0,5,premium,4116620,150,600,2000000,5999999,"Premium tier needs Colombo metro or top-rated vendors. If over budget, drop spotlight vendors or reduce pax."
Synthetic Bridal Service,Bridal Service,Premium package,211,5,2,0,2753750,4.3,0,2,premium,2753750,150,600,2000000,5999999,"Premium tier needs Colombo metro or top-rated vendors. If over budget, drop spotlight vendors or reduce pax."
Synthetic Photography & Videography,Photography & Videography,Premium package,413,3,1,0,2174085,4.8,0,2,premium,2174085,150,600,2000000,5999999,"Premium tier needs Colombo metro or top-rated vendors. If over budget, drop spotlight vendors or reduce pax."
Synthetic Cakes,Cakes,Budget package,328,8,3,0,341621,4.9,0,1,budget,341621,50,350,25000,499999,"Look for per-person packages under Rs. 5,000 or flat vendors under Rs. 500k. Reduce guest count or pick a suburban district."
Synthetic Groom service,Groom service,Premium package,308,6,2,0,2512526,4.7,0,4,premium,2512526,150,600,2000000,5999999,"Premium tier needs Colombo metro or top-rated vendors. If over budget, drop spotlight vendors or reduce pax."
The Barnhouse Sri Lanka,Venue & Res. Halls,All Inclusive Engagement Package 2026,80,1,2,0,950000,4.7,1,3,mid,950000,100,450,500000,1999999,You are between budget and premium. Compare 2–3 venue quotes. Keep guest count near 150–250 for mid-range halls.
Synthetic Venue & Res. Halls,Venue & Res. Halls,Premium package,478,1,3,1,12854,4.2,0,5,premium,6144212,150,600,2000000,5999999,"Premium tier needs Colombo metro or top-rated vendors. If over budget, drop spotlight vendors or reduce pax."
Synthetic Venue & Res. Halls,Venue & Res. Halls,Luxury package,493,1,2,1,18559,4.0,1,2,luxury,9149587,200,800,6000000,15000000,Luxury predictions usually mean 400+ pax at Rs. 10k+ pp or flagship hotels. Re-check guest count and category.
Synthetic Floral & Deco,Floral & Deco,Luxury package,400,4,2,0,10145065,4.5,0,5,luxury,10145065,200,800,6000000,15000000,Luxury predictions usually mean 400+ pax at Rs. 10k+ pp or flagship hotels. Re-check guest count and category.
Synthetic Jewellary,Jewellary,Premium package,557,7,3,0,3273068,4.5,0,4,premium,3273068,150,600,2000000,5999999,"Premium tier needs Colombo metro or top-rated vendors. If over budget, drop spotlight vendors or reduce pax."
Synthetic Groom service,Groom service,Luxury package,767,6,1,0,9296456,3.9,0,3,luxury,9296456,200,800,6000000,15000000,Luxury predictions usually mean 400+ pax at Rs. 10k+ pp or flagship hotels. Re-check guest count and category.
Synthetic Jewellary,Jewellary,Premium package,444,7,2,0,4876546,4.0,1,4,premium,4876546,150,600,2000000,5999999,"Premium tier needs Colombo metro or top-rated vendors. If over budget, drop spotlight vendors or reduce pax."
Synthetic Cakes,Cakes,Budget package,290,8,2,0,420775,4.5,0,1,budget,420775,50,350,25000,499999,"Look for per-person packages under Rs. 5,000 or flat vendors under Rs. 500k. Reduce guest count or pick a suburban district."
Synthetic Cakes,Cakes,Mid package,181,8,1,0,989410,4.6,0,4,mid,989410,100,450,500000,1999999,You are between budget and premium. Compare 2–3 venue quotes. Keep guest count near 150–250 for mid-range halls.
Synthetic Cakes,Cakes,Budget package,194,8,2,0,165562,4.1,0,4,budget,165562,50,350,25000,499999,"Look for per-person packages under Rs. 5,000 or flat vendors under Rs. 500k. Reduce guest count or pick a suburban district."
Synthetic Floral & Deco,Floral & Deco,Premium package,245,4,3,0,3160123,4.3,1,5,premium,3160123,150,600,2000000,5999999,"Premium tier needs Colombo metro or top-rated vendors. If over budget, drop spotlight vendors or reduce pax."
Synthetic Floral & Deco,Floral & Deco,Luxury package,540,4,2,0,10750128,4.0,1,1,luxury,10750128,200,800,6000000,15000000,Luxury predictions usually mean 400+ pax at Rs. 10k+ pp or flagship hotels. Re-check guest count and category.
Synthetic Groom service,Groom service,Budget package,227,6,1,0,97798,4.5,0,1,budget,97798,50,350,25000,499999,"Look for per-person packages under Rs. 5,000 or flat vendors under Rs. 500k. Reduce guest count or pick a suburban district."
The Cake Affair,Cakes,Wedding package,120,8,3,0,18000,4.5,0,1,budget,18000,50,350,25000,499999,"Look for per-person packages under Rs. 5,000 or flat vendors under Rs. 500k. Reduce guest count or pick a suburban district."
Synthetic Bridal Service,Bridal Service,Luxury package,433,5,3,0,6792857,4.5,0,1,luxury,6792857,200,800,6000000,15000000,Luxury predictions usually mean 400+ pax at Rs. 10k+ pp or flagship hotels. Re-check guest count and category.
Synthetic Floral & Deco,Floral & Deco,Mid package,257,4,1,0,720628,4.3,0,1,mid,720628,100,450,500000,1999999,You are between budget and premium. Compare 2–3 venue quotes. Keep guest count near 150–250 for mid-range halls.
Synthetic Photography & Videography,Photography & Videography,Luxury package,427,3,3,0,9243597,4.6,0,4,luxury,9243597,200,800,6000000,15000000,Luxury predictions usually mean 400+ pax at Rs. 10k+ pp or flagship hotels. Re-check guest count and category.
Synthetic Groom service,Groom service,Premium package,384,6,2,0,3356251,4.0,0,2,premium,3356251,150,600,2000000,5999999,"Premium tier needs Colombo metro or top-rated vendors. If over budget, drop spotlight vendors or reduce pax."
Synthetic Floral & Deco,Floral & Deco,Luxury package,630,4,2,0,8188486,4.1,0,1,luxury,8188486,200,800,6000000,15000000,Luxury predictions usually mean 400+ pax at Rs. 10k+ pp or flagship hotels. Re-check guest count and category.
Enamour Studio,Photography & Videography,Wedding-day coverage,200,3,3,0,75000,4.6,0,1,budget,75000,50,350,25000,499999,"Look for per-person packages under Rs. 5,000 or flat vendors under Rs. 500k. Reduce guest count or pick a suburban district."
Synthetic Venue & Res. Halls,Venue & Res. Halls,Luxury package,749,1,2,1,20969,4.5,0,2,luxury,15705781,200,800,6000000,15000000,Luxury predictions usually mean 400+ pax at Rs. 10k+ pp or flagship hotels. Re-check guest count and category.
Synthetic Caters,Caters,Luxury package,549,2,2,1,14422,4.7,1,2,luxury,7917678,200,800,6000000,15000000,Luxury predictions usually mean 400+ pax at Rs. 10k+ pp or flagship hotels. Re-check guest count and category.
Synthetic Jewellary,Jewellary,Mid package,359,7,1,0,831662,4.5,0,1,mid,831662,100,450,500000,1999999,You are between budget and premium. Compare 2–3 venue quotes. Keep guest count near 150–250 for mid-range halls.
Synthetic Floral & Deco,Floral & Deco,Mid package,329,4,3,0,910493,3.9,0,3,mid,910493,100,450,500000,1999999,You are between budget and premium. Compare 2–3 venue quotes. Keep guest count near 150–250 for mid-range halls.
Synthetic Bridal Service,Bridal Service,Mid package,449,5,1,0,734918,4.2,0,1,mid,734918,100,450,500000,1999999,You are between budget and premium. Compare 2–3 venue quotes. Keep guest count near 150–250 for mid-range halls.
Synthetic Photography & Videography,Photography & Videography,Mid package,357,3,2,0,1577111,4.4,0,2,mid,1577111,100,450,500000,1999999,You are between budget and premium. Compare 2–3 venue quotes. Keep guest count near 150–250 for mid-range halls.
Araliya Green Hills,Venue & Res. Halls,Wedding package,150,1,1,0,800000,4.5,0,1,mid,800000,100,450,500000,1999999,You are between budget and premium. Compare 2–3 venue quotes. Keep guest count near 150–250 for mid-range halls.
Synthetic Caters,Caters,Premium package,416,2,2,1,12293,4.8,1,3,premium,5113888,150,600,2000000,5999999,"Premium tier needs Colombo metro or top-rated vendors. If over budget, drop spotlight vendors or reduce pax."
Synthetic Caters,Caters,Premium package,367,2,3,1,9326,4.3,0,3,premium,3422642,150,600,2000000,5999999,"Premium tier needs Colombo metro or top-rated vendors. If over budget, drop spotlight vendors or reduce pax."
Synthetic Photography & Videography,Photography & Videography,Premium package,306,3,1,0,4550077,4.3,0,4,premium,4550077,150,600,2000000,5999999,"Premium tier needs Colombo metro or top-rated vendors. If over budget, drop spotlight vendors or reduce pax."
Synthetic Floral & Deco,Floral & Deco,Premium package,408,4,2,0,3159468,3.9,1,4,premium,3159468,150,600,2000000,5999999,"Premium tier needs Colombo metro or top-rated vendors. If over budget, drop spotlight vendors or reduce pax."
Synthetic Cakes,Cakes,Premium package,388,8,2,0,4358619,4.2,1,2,premium,4358619,150,600,2000000,5999999,"Premium tier needs Colombo metro or top-rated vendors. If over budget, drop spotlight vendors or reduce pax."
Synthetic Venue & Res. Halls,Venue & Res. Halls,Budget package,246,1,3,1,4091,4.1,0,2,budget,1006386,50,350,25000,499999,"Look for per-person packages under Rs. 5,000 or flat vendors under Rs. 500k. Reduce guest count or pick a suburban district."
Synthetic Venue & Res. Halls,Venue & Res. Halls,Luxury package,271,1,2,1,18553,3.9,0,4,luxury,5027863,200,800,6000000,15000000,Luxury predictions usually mean 400+ pax at Rs. 10k+ pp or flagship hotels. Re-check guest count and category.
Synthetic Floral & Deco,Floral & Deco,Premium package,233,4,1,0,5206091,3.9,1,4,premium,5206091,150,600,2000000,5999999,"Premium tier needs Colombo metro or top-rated vendors. If over budget, drop spotlight vendors or reduce pax."
Synthetic Jewellary,Jewellary,Mid package,175,7,2,0,834649,4.6,0,3,mid,834649,100,450,500000,1999999,You are between budget and premium. Compare 2–3 venue quotes. Keep guest count near 150–250 for mid-range halls.
Synthetic Photography & Videography,Photography & Videography,Mid package,276,3,3,0,1223431,3.8,0,3,mid,1223431,100,450,500000,1999999,You are between budget and premium. Compare 2–3 venue quotes. Keep guest count near 150–250 for mid-range halls.
Synthetic Cakes,Cakes,Premium package,410,8,2,0,5351573,4.0,0,4,premium,5351573,150,600,2000000,5999999,"Premium tier needs Colombo metro or top-rated vendors. If over budget, drop spotlight vendors or reduce pax."
Synthetic Bridal Service,Bridal Service,Luxury package,415,5,2,0,9166898,4.3,1,5,luxury,9166898,200,800,6000000,15000000,Luxury predictions usually mean 400+ pax at Rs. 10k+ pp or flagship hotels. Re-check guest count and category.
Synthetic Bridal Service,Bridal Service,Luxury package,262,5,2,0,9567517,4.1,1,3,luxury,9567517,200,800,6000000,15000000,Luxury predictions usually mean 400+ pax at Rs. 10k+ pp or flagship hotels. Re-check guest count and category.
Synthetic Cakes,Cakes,Premium package,334,8,1,0,2056899,4.6,0,2,premium,2056899,150,600,2000000,5999999,"Premium tier needs Colombo metro or top-rated vendors. If over budget, drop spotlight vendors or reduce pax."
Synthetic Floral & Deco,Floral & Deco,Premium package,441,4,2,0,3423093,4.0,1,5,premium,3423093,150,600,2000000,5999999,"Premium tier needs Colombo metro or top-rated vendors. If over budget, drop spotlight vendors or reduce pax."
Synthetic Bridal Service,Bridal Service,Mid package,394,5,1,0,720972,4.4,0,3,mid,720972,100,450,500000,1999999,You are between budget and premium. Compare 2–3 venue quotes. Keep guest count near 150–250 for mid-range halls.
Synthetic Photography & Videography,Photography & Videography,Mid package,242,3,3,0,1034564,4.8,0,3,mid,1034564,100,450,500000,1999999,You are between budget and premium. Compare 2–3 venue quotes. Keep guest count near 150–250 for mid-range halls.
Synthetic Floral & Deco,Floral & Deco,Luxury package,676,4,1,0,6966522,4.4,0,5,luxury,6966522,200,800,6000000,15000000,Luxury predictions usually mean 400+ pax at Rs. 10k+ pp or flagship hotels. Re-check guest count and category.
Synthetic Groom service,Groom service,Premium package,389,6,2,0,3739817,4.4,1,4,premium,3739817,150,600,2000000,5999999,"Premium tier needs Colombo metro or top-rated vendors. If over budget, drop spotlight vendors or reduce pax."
Synthetic Photography & Videography,Photography & Videography,Mid package,231,3,2,0,517910,3.9,0,3,mid,517910,100,450,500000,1999999,You are between budget and premium. Compare 2–3 venue quotes. Keep guest count near 150–250 for mid-range halls.
Synthetic Cakes,Cakes,Mid package,249,8,2,0,653918,4.3,0,1,mid,653918,100,450,500000,1999999,You are between budget and premium. Compare 2–3 venue quotes. Keep guest count near 150–250 for mid-range halls.
Synthetic Floral & Deco,Floral & Deco,Luxury package,731,4,3,0,10087632,4.8,1,3,luxury,10087632,200,800,6000000,15000000,Luxury predictions usually mean 400+ pax at Rs. 10k+ pp or flagship hotels. Re-check guest count and category.
Synthetic Venue & Res. Halls,Venue & Res. Halls,Luxury package,615,1,1,1,17193,4.6,0,4,luxury,10573695,200,800,6000000,15000000,Luxury predictions usually mean 400+ pax at Rs. 10k+ pp or flagship hotels. Re-check guest count and category.
Synthetic Bridal Service,Bridal Service,Premium package,250,5,2,0,4510587,4.0,1,5,premium,4510587,150,600,2000000,5999999,"Premium tier needs Colombo metro or top-rated vendors. If over budget, drop spotlight vendors or reduce pax."
Cinnamon Lakeside Colombo,Venue & Res. Halls,Wedding package,150,1,3,0,2200000,4.7,1,1,premium,2200000,150,600,2000000,5999999,"Premium tier needs Colombo metro or top-rated vendors. If over budget, drop spotlight vendors or reduce pax."
Synthetic Venue & Res. Halls,Venue & Res. Halls,Budget package,205,1,1,1,4295,4.9,0,2,budget,880475,50,350,25000,499999,"Look for per-person packages under Rs. 5,000 or flat vendors under Rs. 500k. Reduce guest count or pick a suburban district."
Synthetic Floral & Deco,Floral & Deco,Premium package,596,4,2,0,5430044,4.2,1,4,premium,5430044,150,600,2000000,5999999,"Premium tier needs Colombo metro or top-rated vendors. If over budget, drop spotlight vendors or reduce pax."
Synthetic Floral & Deco,Floral & Deco,Budget package,110,4,3,0,339068,4.6,0,1,budget,339068,50,350,25000,499999,"Look for per-person packages under Rs. 5,000 or flat vendors under Rs. 500k. Reduce guest count or pick a suburban district."
Synthetic Jewellary,Jewellary,Luxury package,626,7,3,0,9672951,4.2,0,3,luxury,9672951,200,800,6000000,15000000,Luxury predictions usually mean 400+ pax at Rs. 10k+ pp or flagship hotels. Re-check guest count and category.
Synthetic Groom service,Groom service,Budget package,120,6,1,0,274239,4.3,0,5,budget,274239,50,350,25000,499999,"Look for per-person packages under Rs. 5,000 or flat vendors under Rs. 500k. Reduce guest count or pick a suburban district."
Synthetic Caters,Caters,Premium package,403,2,1,1,10320,3.8,0,2,premium,4158960,150,600,2000000,5999999,"Premium tier needs Colombo metro or top-rated vendors. If over budget, drop spotlight vendors or reduce pax."
Synthetic Cakes,Cakes,Budget package,161,8,2,0,80216,4.0,0,3,budget,80216,50,350,25000,499999,"Look for per-person packages under Rs. 5,000 or flat vendors under Rs. 500k. Reduce guest count or pick a suburban district."
Cinnamon Bey Beruwala,Venue & Res. Halls,Wedding package,150,1,2,0,1500000,4.6,0,1,mid,1500000,100,450,500000,1999999,You are between budget and premium. Compare 2–3 venue quotes. Keep guest count near 150–250 for mid-range halls.
Synthetic Jewellary,Jewellary,Luxury package,277,7,1,0,6085278,4.0,1,2,luxury,6085278,200,800,6000000,15000000,Luxury predictions usually mean 400+ pax at Rs. 10k+ pp or flagship hotels. Re-check guest count and category.
Synthetic Venue & Res. Halls,Venue & Res. Halls,Luxury package,358,1,2,1,15394,4.1,1,5,luxury,5511052,200,800,6000000,15000000,Luxury predictions usually mean 400+ pax at Rs. 10k+ pp or flagship hotels. Re-check guest count and category.
CFL Colombo Florist,Floral & Deco,Wedding package,200,4,3,0,30000,4.5,0,1,budget,30000,50,350,25000,499999,"Look for per-person packages under Rs. 5,000 or flat vendors under Rs. 500k. Reduce guest count or pick a suburban district."
Synthetic Groom service,Groom service,Premium package,600,6,1,0,2940503,4.1,0,3,premium,2940503,150,600,2000000,5999999,"Premium tier needs Colombo metro or top-rated vendors. If over budget, drop spotlight vendors or reduce pax."
Synthetic Jewellary,Jewellary,Luxury package,681,7,3,0,7340667,4.1,0,2,luxury,7340667,200,800,6000000,15000000,Luxury predictions usually mean 400+ pax at Rs. 10k+ pp or flagship hotels. Re-check guest count and category.
Ring Tales,Photography & Videography,Engagements & homecomings 2,200,3,3,0,75000,4.7,0,1,budget,75000,50,350,25000,499999,"Look for per-person packages under Rs. 5,000 or flat vendors under Rs. 500k. Reduce guest count or pick a suburban district."
Synthetic Bridal Service,Bridal Service,Mid package,117,5,1,0,753661,3.9,0,1,mid,753661,100,450,500000,1999999,You are between budget and premium. Compare 2–3 venue quotes. Keep guest count near 150–250 for mid-range halls.
Synthetic Venue & Res. Halls,Venue & Res. Halls,Luxury package,783,1,3,1,19084,3.8,1,4,luxury,14942772,200,800,6000000,15000000,Luxury predictions usually mean 400+ pax at Rs. 10k+ pp or flagship hotels. Re-check guest count and category.
Synthetic Photography & Videography,Photography & Videography,Luxury package,388,3,2,0,7585897,4.2,0,3,luxury,7585897,200,800,6000000,15000000,Luxury predictions usually mean 400+ pax at Rs. 10k+ pp or flagship hotels. Re-check guest count and category.
Synthetic Bridal Service,Bridal Service,Luxury package,430,5,2,0,8394933,4.1,0,4,luxury,8394933,200,800,6000000,15000000,Luxury predictions usually mean 400+ pax at Rs. 10k+ pp or flagship hotels. Re-check guest count and category.
Synthetic Photography & Videography,Photography & Videography,Budget package,201,3,3,0,386366,4.4,0,1,budget,386366,50,350,25000,499999,"Look for per-person packages under Rs. 5,000 or flat vendors under Rs. 500k. Reduce guest count or pick a suburban district."
Grand Minaro Crystal Ballroom,Venue & Res. Halls,Browns Package 150 pax,150,1,3,0,785000,4.8,1,1,mid,785000,100,450,500000,1999999,You are between budget and premium. Compare 2–3 venue quotes. Keep guest count near 150–250 for mid-range halls.
Synthetic Caters,Caters,Premium package,344,2,3,0,4483668,4.9,1,3,premium,4483668,150,600,2000000,5999999,"Premium tier needs Colombo metro or top-rated vendors. If over budget, drop spotlight vendors or reduce pax."
Synthetic Photography & Videography,Photography & Videography,Premium package,208,3,3,0,3372148,4.6,0,2,premium,3372148,150,600,2000000,5999999,"Premium tier needs Colombo metro or top-rated vendors. If over budget, drop spotlight vendors or reduce pax."
Synthetic Jewellary,Jewellary,Luxury package,348,7,3,0,8670211,4.0,1,1,luxury,8670211,200,800,6000000,15000000,Luxury predictions usually mean 400+ pax at Rs. 10k+ pp or flagship hotels. Re-check guest count and category.
Synthetic Caters,Caters,Premium package,156,2,1,1,12580,4.2,1,4,premium,1962480,150,600,2000000,5999999,"Premium tier needs Colombo metro or top-rated vendors. If over budget, drop spotlight vendors or reduce pax."
Synthetic Jewellary,Jewellary,Premium package,284,7,1,0,3111793,4.1,1,4,premium,3111793,150,600,2000000,5999999,"Premium tier needs Colombo metro or top-rated vendors. If over budget, drop spotlight vendors or reduce pax."
Synthetic Floral & Deco,Floral & Deco,Premium package,275,4,3,0,5399414,4.6,0,2,premium,5399414,150,600,2000000,5999999,"Premium tier needs Colombo metro or top-rated vendors. If over budget, drop spotlight vendors or reduce pax."
Synthetic Bridal Service,Bridal Service,Luxury package,601,5,2,0,8734444,4.5,1,2,luxury,8734444,200,800,6000000,15000000,Luxury predictions usually mean 400+ pax at Rs. 10k+ pp or flagship hotels. Re-check guest count and category.
Ceylon Paradise Photography,Photography & Videography,Wedding-day coverage,200,3,2,0,64500,4.7,0,1,budget,64500,50,350,25000,499999,"Look for per-person packages under Rs. 5,000 or flat vendors under Rs. 500k. Reduce guest count or pick a suburban district."
Synthetic Caters,Caters,Premium package,468,2,3,1,12058,4.7,0,2,premium,5643144,150,600,2000000,5999999,"Premium tier needs Colombo metro or top-rated vendors. If over budget, drop spotlight vendors or reduce pax."
Synthetic Groom service,Groom service,Luxury package,378,6,3,0,8307185,4.6,0,3,luxury,8307185,200,800,6000000,15000000,Luxury predictions usually mean 400+ pax at Rs. 10k+ pp or flagship hotels. Re-check guest count and category.
Romance Wedding Photography,Photography & Videography,Romance Chapter,200,3,3,0,595000,4.8,1,1,mid,595000,100,450,500000,1999999,You are between budget and premium. Compare 2–3 venue quotes. Keep guest count near 150–250 for mid-range halls.
Hotel Canterbury,Venue & Res. Halls,Gold Selection Menu,150,1,3,1,9750,4.5,0,1,mid,1462500,100,450,500000,1999999,You are between budget and premium. Compare 2–3 venue quotes. Keep guest count near 150–250 for mid-range halls.
Bright Room,Photography & Videography,Casual / convocation from,200,3,2,0,20000,4.4,0,1,budget,20000,50,350,25000,499999,"Look for per-person packages under Rs. 5,000 or flat vendors under Rs. 500k. Reduce guest count or pick a suburban district."
Synthetic Photography & Videography,Photography & Videography,Mid package,202,3,3,0,1538374,4.6,0,5,mid,1538374,100,450,500000,1999999,You are between budget and premium. Compare 2–3 venue quotes. Keep guest count near 150–250 for mid-range halls.
Jetwing Vil Uyana,Venue & Res. Halls,Wedding package,150,1,1,0,2500000,4.8,1,1,premium,2500000,150,600,2000000,5999999,"Premium tier needs Colombo metro or top-rated vendors. If over budget, drop spotlight vendors or reduce pax."
Synthetic Bridal Service,Bridal Service,Budget package,58,5,2,0,310435,4.8,0,4,budget,310435,50,350,25000,499999,"Look for per-person packages under Rs. 5,000 or flat vendors under Rs. 500k. Reduce guest count or pick a suburban district."
Synthetic Bridal Service,Bridal Service,Premium package,199,5,1,0,5112556,4.6,1,2,premium,5112556,150,600,2000000,5999999,"Premium tier needs Colombo metro or top-rated vendors. If over budget, drop spotlight vendors or reduce pax."
Synthetic Jewellary,Jewellary,Luxury package,688,7,1,0,8811853,4.0,0,3,luxury,8811853,200,800,6000000,15000000,Luxury predictions usually mean 400+ pax at Rs. 10k+ pp or flagship hotels. Re-check guest count and category.
Bright Room,Photography & Videography,Wedding Silver,200,3,2,0,75000,4.4,0,1,budget,75000,50,350,25000,499999,"Look for per-person packages under Rs. 5,000 or flat vendors under Rs. 500k. Reduce guest count or pick a suburban district."
Synthetic Caters,Caters,Luxury package,727,2,1,1,13366,4.9,1,3,luxury,9717082,200,800,6000000,15000000,Luxury predictions usually mean 400+ pax at Rs. 10k+ pp or flagship hotels. Re-check guest count and category.
Synthetic Jewellary,Jewellary,Budget package,302,7,1,0,78092,4.0,0,1,budget,78092,50,350,25000,499999,"Look for per-person packages under Rs. 5,000 or flat vendors under Rs. 500k. Reduce guest count or pick a suburban district."
Everluxe Stories Photography,Photography & Videography,Engagement Package 02,200,3,3,0,40000,4.7,1,1,budget,40000,50,350,25000,499999,"Look for per-person packages under Rs. 5,000 or flat vendors under Rs. 500k. Reduce guest count or pick a suburban district."
Synthetic Groom service,Groom service,Mid package,178,6,1,0,1424832,4.2,0,3,mid,1424832,100,450,500000,1999999,You are between budget and premium. Compare 2–3 venue quotes. Keep guest count near 150–250 for mid-range halls.
Synthetic Jewellary,Jewellary,Luxury package,738,7,1,0,10008210,4.8,0,5,luxury,10008210,200,800,6000000,15000000,Luxury predictions usually mean 400+ pax at Rs. 10k+ pp or flagship hotels. Re-check guest count and category.
Synthetic Groom service,Groom service,Mid package,351,6,3,0,1621804,4.4,0,2,mid,1621804,100,450,500000,1999999,You are between budget and premium. Compare 2–3 venue quotes. Keep guest count near 150–250 for mid-range halls.
Synthetic Floral & Deco,Floral & Deco,Mid package,308,4,2,0,1080125,4.2,0,4,mid,1080125,100,450,500000,1999999,You are between budget and premium. Compare 2–3 venue quotes. Keep guest count near 150–250 for mid-range halls.
Synthetic Photography & Videography,Photography & Videography,Budget package,123,3,1,0,402395,4.8,0,1,budget,402395,50,350,25000,499999,"Look for per-person packages under Rs. 5,000 or flat vendors under Rs. 500k. Reduce guest count or pick a suburban district."
Synthetic Caters,Caters,Budget package,131,2,3,1,5581,3.9,0,4,budget,731111,50,350,25000,499999,"Look for per-person packages under Rs. 5,000 or flat vendors under Rs. 500k. Reduce guest count or pick a suburban district."
Synthetic Bridal Service,Bridal Service,Premium package,457,5,1,0,4901633,4.6,1,3,premium,4901633,150,600,2000000,5999999,"Premium tier needs Colombo metro or top-rated vendors. If over budget, drop spotlight vendors or reduce pax."
Synthetic Cakes,Cakes,Budget package,274,8,3,0,53287,3.9,0,5,budget,53287,50,350,25000,499999,"Look for per-person packages under Rs. 5,000 or flat vendors under Rs. 500k. Reduce guest count or pick a suburban district."
Synthetic Bridal Service,Bridal Service,Mid package,428,5,2,0,597681,4.7,0,4,mid,597681,100,450,500000,1999999,You are between budget and premium. Compare 2–3 venue quotes. Keep guest count near 150–250 for mid-range halls.
Synthetic Bridal Service,Bridal Service,Luxury package,443,5,3,0,9341316,4.4,0,5,luxury,9341316,200,800,6000000,15000000,Luxury predictions usually mean 400+ pax at Rs. 10k+ pp or flagship hotels. Re-check guest count and category.
Synthetic Floral & Deco,Floral & Deco,Premium package,366,4,3,0,2730544,4.6,0,1,premium,2730544,150,600,2000000,5999999,"Premium tier needs Colombo metro or top-rated vendors. If over budget, drop spotlight vendors or reduce pax."
Synthetic Floral & Deco,Floral & Deco,Premium package,451,4,2,0,4249554,4.8,0,5,premium,4249554,150,600,2000000,5999999,"Premium tier needs Colombo metro or top-rated vendors. If over budget, drop spotlight vendors or reduce pax."
Synthetic Photography & Videography,Photography & Videography,Mid package,441,3,3,0,931811,4.8,0,5,mid,931811,100,450,500000,1999999,You are between budget and premium. Compare 2–3 venue quotes. Keep guest count near 150–250 for mid-range halls.
Synthetic Venue & Res. Halls,Venue & Res. Halls,Luxury package,243,1,1,0,11935411,4.1,0,3,luxury,11935411,200,800,6000000,15000000,Luxury predictions usually mean 400+ pax at Rs. 10k+ pp or flagship hotels. Re-check guest count and category.
Synthetic Caters,Caters,Luxury package,289,2,2,1,15039,4.5,1,2,luxury,4346271,200,800,6000000,15000000,Luxury predictions usually mean 400+ pax at Rs. 10k+ pp or flagship hotels. Re-check guest count and category.
Synthetic Venue & Res. Halls,Venue & Res. Halls,Luxury package,270,1,1,1,15291,4.6,1,2,luxury,4128570,200,800,6000000,15000000,Luxury predictions usually mean 400+ pax at Rs. 10k+ pp or flagship hotels. Re-check guest count and category.
Synthetic Caters,Caters,Luxury package,782,2,1,0,9995488,4.2,1,1,luxury,9995488,200,800,6000000,15000000,Luxury predictions usually mean 400+ pax at Rs. 10k+ pp or flagship hotels. Re-check guest count and category.
Synthetic Cakes,Cakes,Luxury package,321,8,3,0,10480349,4.7,1,4,luxury,10480349,200,800,6000000,15000000,Luxury predictions usually mean 400+ pax at Rs. 10k+ pp or flagship hotels. Re-check guest count and category.
Synthetic Caters,Caters,Premium package,564,2,1,1,10776,4.7,0,3,premium,6077664,150,600,2000000,5999999,"Premium tier needs Colombo metro or top-rated vendors. If over budget, drop spotlight vendors or reduce pax."
Synthetic Caters,Caters,Luxury package,300,2,1,0,8271823,4.9,0,2,luxury,8271823,200,800,6000000,15000000,Luxury predictions usually mean 400+ pax at Rs. 10k+ pp or flagship hotels. Re-check guest count and category.
Synthetic Jewellary,Jewellary,Budget package,232,7,3,0,385998,4.1,0,2,budget,385998,50,350,25000,499999,"Look for per-person packages under Rs. 5,000 or flat vendors under Rs. 500k. Reduce guest count or pick a suburban district."
Synthetic Venue & Res. Halls,Venue & Res. Halls,Budget package,346,1,3,0,83562,3.9,0,3,budget,83562,50,350,25000,499999,"Look for per-person packages under Rs. 5,000 or flat vendors under Rs. 500k. Reduce guest count or pick a suburban district."
Synthetic Bridal Service,Bridal Service,Mid package,151,5,1,0,521099,4.9,0,1,mid,521099,100,450,500000,1999999,You are between budget and premium. Compare 2–3 venue quotes. Keep guest count near 150–250 for mid-range halls.
Synthetic Jewellary,Jewellary,Premium package,572,7,2,0,2223903,4.5,1,3,premium,2223903,150,600,2000000,5999999,"Premium tier needs Colombo metro or top-rated vendors. If over budget, drop spotlight vendors or reduce pax."
Synthetic Cakes,Cakes,Premium package,189,8,2,0,3102074,4.0,1,3,premium,3102074,150,600,2000000,5999999,"Premium tier needs Colombo metro or top-rated vendors. If over budget, drop spotlight vendors or reduce pax."
Synthetic Groom service,Groom service,Luxury package,476,6,1,0,8548546,4.6,0,2,luxury,8548546,200,800,6000000,15000000,Luxury predictions usually mean 400+ pax at Rs. 10k+ pp or flagship hotels. Re-check guest count and category.
Vogue Jewellers,Jewellary,Wedding package,120,7,3,0,100000,4.6,1,1,budget,100000,50,350,25000,499999,"Look for per-person packages under Rs. 5,000 or flat vendors under Rs. 500k. Reduce guest count or pick a suburban district."
Synthetic Floral & Deco,Floral & Deco,Premium package,454,4,1,0,4534375,4.6,0,3,premium,4534375,150,600,2000000,5999999,"Premium tier needs Colombo metro or top-rated vendors. If over budget, drop spotlight vendors or reduce pax."
Synthetic Jewellary,Jewellary,Mid package,384,7,1,0,683335,4.4,0,1,mid,683335,100,450,500000,1999999,You are between budget and premium. Compare 2–3 venue quotes. Keep guest count near 150–250 for mid-range halls.
Bright Room,Photography & Videography,Wedding Platinum,200,3,2,0,135000,4.4,0,1,budget,135000,50,350,25000,499999,"Look for per-person packages under Rs. 5,000 or flat vendors under Rs. 500k. Reduce guest count or pick a suburban district."
Synthetic Photography & Videography,Photography & Videography,Luxury package,306,3,3,0,8323839,4.2,0,2,luxury,8323839,200,800,6000000,15000000,Luxury predictions usually mean 400+ pax at Rs. 10k+ pp or flagship hotels. Re-check guest count and category.
Synthetic Groom service,Groom service,Luxury package,612,6,3,0,6183663,4.2,0,5,luxury,6183663,200,800,6000000,15000000,Luxury predictions usually mean 400+ pax at Rs. 10k+ pp or flagship hotels. Re-check guest count and category.
Synthetic Groom service,Groom service,Budget package,106,6,3,0,340186,4.7,0,5,budget,340186,50,350,25000,499999,"Look for per-person packages under Rs. 5,000 or flat vendors under Rs. 500k. Reduce guest count or pick a suburban district."
Synthetic Bridal Service,Bridal Service,Luxury package,395,5,1,0,8140966,4.3,0,2,luxury,8140966,200,800,6000000,15000000,Luxury predictions usually mean 400+ pax at Rs. 10k+ pp or flagship hotels. Re-check guest count and category.
Ring Tales,Photography & Videography,Package 3,200,3,3,0,100000,4.7,0,1,budget,100000,50,350,25000,499999,"Look for per-person packages under Rs. 5,000 or flat vendors under Rs. 500k. Reduce guest count or pick a suburban district."
Grand Minaro Crystal Ballroom,Venue & Res. Halls,Gold Package 150 pax,150,1,3,1,1137500,4.8,1,1,luxury,170625000,200,800,6000000,15000000,Luxury predictions usually mean 400+ pax at Rs. 10k+ pp or flagship hotels. Re-check guest count and category.
Synthetic Groom service,Groom service,Mid package,327,6,3,0,1329317,4.3,0,3,mid,1329317,100,450,500000,1999999,You are between budget and premium. Compare 2–3 venue quotes. Keep guest count near 150–250 for mid-range halls.
Synthetic Caters,Caters,Mid package,424,2,1,1,5891,4.6,0,5,mid,2497784,100,450,500000,1999999,You are between budget and premium. Compare 2–3 venue quotes. Keep guest count near 150–250 for mid-range halls.
The Commons Collective Events,Caters,Wedding package,150,2,3,0,60000,4.5,0,1,budget,60000,50,350,25000,499999,"Look for per-person packages under Rs. 5,000 or flat vendors under Rs. 500k. Reduce guest count or pick a suburban district."
Brides Mark,Bridal Service,Only Bride Package (offer),120,5,2,0,98000,4.6,1,1,budget,98000,50,350,25000,499999,"Look for per-person packages under Rs. 5,000 or flat vendors under Rs. 500k. Reduce guest count or pick a suburban district."
Synthetic Floral & Deco,Floral & Deco,Mid package,228,4,2,0,769928,4.5,0,3,mid,769928,100,450,500000,1999999,You are between budget and premium. Compare 2–3 venue quotes. Keep guest count near 150–250 for mid-range halls.
Synthetic Floral & Deco,Floral & Deco,Premium package,586,4,2,0,2415719,4.0,0,2,premium,2415719,150,600,2000000,5999999,"Premium tier needs Colombo metro or top-rated vendors. If over budget, drop spotlight vendors or reduce pax."
Synthetic Jewellary,Jewellary,Mid package,443,7,1,0,1272324,4.7,0,4,mid,1272324,100,450,500000,1999999,You are between budget and premium. Compare 2–3 venue quotes. Keep guest count near 150–250 for mid-range halls.
WEDDZ Studio,Photography & Videography,Wedding-day coverage,200,3,3,0,90000,4.5,0,1,budget,90000,50,350,25000,499999,"Look for per-person packages under Rs. 5,000 or flat vendors under Rs. 500k. Reduce guest count or pick a suburban district."
Synthetic Groom service,Groom service,Mid package,205,6,1,0,760238,4.2,0,3,mid,760238,100,450,500000,1999999,You are between budget and premium. Compare 2–3 venue quotes. Keep guest count near 150–250 for mid-range halls.
Synthetic Venue & Res. Halls,Venue & Res. Halls,Mid package,213,1,3,1,6181,4.7,0,5,mid,1316553,100,450,500000,1999999,You are between budget and premium. Compare 2–3 venue quotes. Keep guest count near 150–250 for mid-range halls.
Synthetic Groom service,Groom service,Luxury package,448,6,2,0,10477639,4.5,0,5,luxury,10477639,200,800,6000000,15000000,Luxury predictions usually mean 400+ pax at Rs. 10k+ pp or flagship hotels. Re-check guest count and category.
Everluxe Stories Photography,Photography & Videography,Two Day Wedding with Pre-shoot 01,200,3,3,0,170000,4.7,1,1,budget,170000,50,350,25000,499999,"Look for per-person packages under Rs. 5,000 or flat vendors under Rs. 500k. Reduce guest count or pick a suburban district."
Synthetic Bridal Service,Bridal Service,Budget package,233,5,2,0,312988,4.2,0,4,budget,312988,50,350,25000,499999,"Look for per-person packages under Rs. 5,000 or flat vendors under Rs. 500k. Reduce guest count or pick a suburban district."
Synthetic Caters,Caters,Premium package,187,2,2,1,13374,4.7,1,2,premium,2500938,150,600,2000000,5999999,"Premium tier needs Colombo metro or top-rated vendors. If over budget, drop spotlight vendors or reduce pax."
Synthetic Jewellary,Jewellary,Budget package,231,7,2,0,205999,4.2,0,5,budget,205999,50,350,25000,499999,"Look for per-person packages under Rs. 5,000 or flat vendors under Rs. 500k. Reduce guest count or pick a suburban district."
Synthetic Jewellary,Jewellary,Luxury package,553,7,2,0,10662916,4.7,1,4,luxury,10662916,200,800,6000000,15000000,Luxury predictions usually mean 400+ pax at Rs. 10k+ pp or flagship hotels. Re-check guest count and category.
Synthetic Cakes,Cakes,Budget package,308,8,3,0,224665,4.0,0,2,budget,224665,50,350,25000,499999,"Look for per-person packages under Rs. 5,000 or flat vendors under Rs. 500k. Reduce guest count or pick a suburban district."
Synthetic Photography & Videography,Photography & Videography,Luxury package,725,3,2,0,10715800,4.0,0,5,luxury,10715800,200,800,6000000,15000000,Luxury predictions usually mean 400+ pax at Rs. 10k+ pp or flagship hotels. Re-check guest count and category.
Synthetic Bridal Service,Bridal Service,Premium package,444,5,2,0,4331760,4.4,1,1,premium,4331760,150,600,2000000,5999999,"Premium tier needs Colombo metro or top-rated vendors. If over budget, drop spotlight vendors or reduce pax."
Synthetic Floral & Deco,Floral & Deco,Mid package,182,4,1,0,843976,4.9,0,3,mid,843976,100,450,500000,1999999,You are between budget and premium. Compare 2–3 venue quotes. Keep guest count near 150–250 for mid-range halls.
Artsy Romance,Photography & Videography,Wedding Silver,200,3,3,0,125000,4.6,0,1,budget,125000,50,350,25000,499999,"Look for per-person packages under Rs. 5,000 or flat vendors under Rs. 500k. Reduce guest count or pick a suburban district."
Synthetic Venue & Res. Halls,Venue & Res. Halls,Mid package,354,1,3,1,8690,4.8,0,3,mid,3076260,100,450,500000,1999999,You are between budget and premium. Compare 2–3 venue quotes. Keep guest count near 150–250 for mid-range halls.
Synthetic Floral & Deco,Floral & Deco,Mid package,281,4,2,0,1141558,4.8,0,2,mid,1141558,100,450,500000,1999999,You are between budget and premium. Compare 2–3 venue quotes. Keep guest count near 150–250 for mid-range halls.
Synthetic Groom service,Groom service,Mid package,349,6,2,0,1297687,4.8,0,1,mid,1297687,100,450,500000,1999999,You are between budget and premium. Compare 2–3 venue quotes. Keep guest count near 150–250 for mid-range halls.
Interflora Sri Lanka,Floral & Deco,Wedding package,200,4,3,0,20000,4.4,0,1,budget,20000,50,350,25000,499999,"Look for per-person packages under Rs. 5,000 or flat vendors under Rs. 500k. Reduce guest count or pick a suburban district."
Synthetic Photography & Videography,Photography & Videography,Mid package,406,3,2,0,614087,4.8,0,5,mid,614087,100,450,500000,1999999,You are between budget and premium. Compare 2–3 venue quotes. Keep guest count near 150–250 for mid-range halls.
Synthetic Photography & Videography,Photography & Videography,Budget package,247,3,1,0,46954,3.8,0,1,budget,46954,50,350,25000,499999,"Look for per-person packages under Rs. 5,000 or flat vendors under Rs. 500k. Reduce guest count or pick a suburban district."
Cinnamon Lodge Habarana,Venue & Res. Halls,Wedding package,150,1,1,0,1200000,4.6,0,1,mid,1200000,100,450,500000,1999999,You are between budget and premium. Compare 2–3 venue quotes. Keep guest count near 150–250 for mid-range halls.
Synthetic Venue & Res. Halls,Venue & Res. Halls,Premium package,456,1,3,1,11796,4.7,0,5,premium,5378976,150,600,2000000,5999999,"Premium tier needs Colombo metro or top-rated vendors. If over budget, drop spotlight vendors or reduce pax."
Synthetic Groom service,Groom service,Mid package,410,6,1,0,1513050,4.4,0,3,mid,1513050,100,450,500000,1999999,You are between budget and premium. Compare 2–3 venue quotes. Keep guest count near 150–250 for mid-range halls.
Synthetic Groom service,Groom service,Luxury package,641,6,2,0,10293263,4.2,0,3,luxury,10293263,200,800,6000000,15000000,Luxury predictions usually mean 400+ pax at Rs. 10k+ pp or flagship hotels. Re-check guest count and category.
Synthetic Bridal Service,Bridal Service,Premium package,341,5,1,0,4113525,4.2,0,3,premium,4113525,150,600,2000000,5999999,"Premium tier needs Colombo metro or top-rated vendors. If over budget, drop spotlight vendors or reduce pax."
Synthetic Photography & Videography,Photography & Videography,Budget package,175,3,2,0,268294,4.0,0,1,budget,268294,50,350,25000,499999,"Look for per-person packages under Rs. 5,000 or flat vendors under Rs. 500k. Reduce guest count or pick a suburban district."
Synthetic Venue & Res. Halls,Venue & Res. Halls,Mid package,112,1,1,1,6374,4.9,0,5,mid,713888,100,450,500000,1999999,You are between budget and premium. Compare 2–3 venue quotes. Keep guest count near 150–250 for mid-range halls.
Enamour Studio,Photography & Videography,Pre-shoot / engagement,200,3,3,0,24000,4.6,0,1,budget,24000,50,350,25000,499999,"Look for per-person packages under Rs. 5,000 or flat vendors under Rs. 500k. Reduce guest count or pick a suburban district."
Synthetic Floral & Deco,Floral & Deco,Premium package,539,4,1,0,3009353,4.7,1,4,premium,3009353,150,600,2000000,5999999,"Premium tier needs Colombo metro or top-rated vendors. If over budget, drop spotlight vendors or reduce pax."
Synthetic Jewellary,Jewellary,Budget package,241,7,2,0,349233,4.5,0,4,budget,349233,50,350,25000,499999,"Look for per-person packages under Rs. 5,000 or flat vendors under Rs. 500k. Reduce guest count or pick a suburban district."
Bright Room,Photography & Videography,Wedding Bronze,200,3,2,0,35000,4.4,0,1,budget,35000,50,350,25000,499999,"Look for per-person packages under Rs. 5,000 or flat vendors under Rs. 500k. Reduce guest count or pick a suburban district."
Romance Wedding Photography,Photography & Videography,Luxe Collection,200,3,3,0,495000,4.8,1,1,budget,495000,50,350,25000,499999,"Look for per-person packages under Rs. 5,000 or flat vendors under Rs. 500k. Reduce guest count or pick a suburban district."
Synthetic Caters,Caters,Budget package,141,2,3,1,4507,4.6,0,2,budget,635487,50,350,25000,499999,"Look for per-person packages under Rs. 5,000 or flat vendors under Rs. 500k. Reduce guest count or pick a suburban district."
Buddhika Photography,Photography & Videography,Pre-shoot / engagement,200,3,3,0,36000,4.6,0,1,budget,36000,50,350,25000,499999,"Look for per-person packages under Rs. 5,000 or flat vendors under Rs. 500k. Reduce guest count or pick a suburban district."
Synthetic Cakes,Cakes,Mid package,199,8,3,0,1707911,4.5,0,2,mid,1707911,100,450,500000,1999999,You are between budget and premium. Compare 2–3 venue quotes. Keep guest count near 150–250 for mid-range halls.
Synthetic Cakes,Cakes,Premium package,293,8,2,0,5104636,4.8,0,3,premium,5104636,150,600,2000000,5999999,"Premium tier needs Colombo metro or top-rated vendors. If over budget, drop spotlight vendors or reduce pax."
Synthetic Groom service,Groom service,Premium package,519,6,2,0,3352308,4.3,0,2,premium,3352308,150,600,2000000,5999999,"Premium tier needs Colombo metro or top-rated vendors. If over budget, drop spotlight vendors or reduce pax."
Synthetic Groom service,Groom service,Premium package,543,6,2,0,2728979,4.3,0,3,premium,2728979,150,600,2000000,5999999,"Premium tier needs Colombo metro or top-rated vendors. If over budget, drop spotlight vendors or reduce pax."
Synthetic Jewellary,Jewellary,Premium package,344,7,1,0,5230301,4.8,1,2,premium,5230301,150,600,2000000,5999999,"Premium tier needs Colombo metro or top-rated vendors. If over budget, drop spotlight vendors or reduce pax."
Synthetic Groom service,Groom service,Luxury package,313,6,1,0,9672493,3.9,0,2,luxury,9672493,200,800,6000000,15000000,Luxury predictions usually mean 400+ pax at Rs. 10k+ pp or flagship hotels. Re-check guest count and category.
Kandyan Reach Hotel,Venue & Res. Halls,Unity KRH Wedding Package,150,1,1,1,4900,4.7,1,2,mid,735000,100,450,500000,1999999,You are between budget and premium. Compare 2–3 venue quotes. Keep guest count near 150–250 for mid-range halls.
Synthetic Bridal Service,Bridal Service,Luxury package,333,5,2,0,11973585,4.0,0,2,luxury,11973585,200,800,6000000,15000000,Luxury predictions usually mean 400+ pax at Rs. 10k+ pp or flagship hotels. Re-check guest count and category.
Zam Gems,Jewellary,Wedding package,120,7,3,0,150000,4.7,0,1,budget,150000,50,350,25000,499999,"Look for per-person packages under Rs. 5,000 or flat vendors under Rs. 500k. Reduce guest count or pick a suburban district."
Synthetic Groom service,Groom service,Premium package,493,6,2,0,4262494,4.5,1,4,premium,4262494,150,600,2000000,5999999,"Premium tier needs Colombo metro or top-rated vendors. If over budget, drop spotlight vendors or reduce pax."
Synthetic Photography & Videography,Photography & Videography,Luxury package,599,3,2,0,10636954,4.2,0,2,luxury,10636954,200,800,6000000,15000000,Luxury predictions usually mean 400+ pax at Rs. 10k+ pp or flagship hotels. Re-check guest count and category.
Synthetic Bridal Service,Bridal Service,Mid package,319,5,2,0,1501513,4.5,0,4,mid,1501513,100,450,500000,1999999,You are between budget and premium. Compare 2–3 venue quotes. Keep guest count near 150–250 for mid-range halls.
Synthetic Bridal Service,Bridal Service,Premium package,336,5,3,0,3952603,4.7,0,1,premium,3952603,150,600,2000000,5999999,"Premium tier needs Colombo metro or top-rated vendors. If over budget, drop spotlight vendors or reduce pax."
Synthetic Venue & Res. Halls,Venue & Res. Halls,Luxury package,315,1,1,1,20003,3.9,1,4,luxury,6300945,200,800,6000000,15000000,Luxury predictions usually mean 400+ pax at Rs. 10k+ pp or flagship hotels. Re-check guest count and category.
The Blue Water Hotel and Spa,Venue & Res. Halls,Option 03,150,1,2,1,12445,4.8,1,1,mid,1866750,100,450,500000,1999999,You are between budget and premium. Compare 2–3 venue quotes. Keep guest count near 150–250 for mid-range halls.
Synthetic Photography & Videography,Photography & Videography,Budget package,290,3,1,0,235010,4.7,0,2,budget,235010,50,350,25000,499999,"Look for per-person packages under Rs. 5,000 or flat vendors under Rs. 500k. Reduce guest count or pick a suburban district."
Synthetic Groom service,Groom service,Premium package,462,6,2,0,5110757,4.0,0,4,premium,5110757,150,600,2000000,5999999,"Premium tier needs Colombo metro or top-rated vendors. If over budget, drop spotlight vendors or reduce pax."
Synthetic Jewellary,Jewellary,Luxury package,250,7,2,0,10663351,3.9,0,1,luxury,10663351,200,800,6000000,15000000,Luxury predictions usually mean 400+ pax at Rs. 10k+ pp or flagship hotels. Re-check guest count and category.
Synthetic Jewellary,Jewellary,Premium package,272,7,1,0,3159378,4.0,1,5,premium,3159378,150,600,2000000,5999999,"Premium tier needs Colombo metro or top-rated vendors. If over budget, drop spotlight vendors or reduce pax."
Synthetic Jewellary,Jewellary,Luxury package,337,7,1,0,8176238,4.5,1,4,luxury,8176238,200,800,6000000,15000000,Luxury predictions usually mean 400+ pax at Rs. 10k+ pp or flagship hotels. Re-check guest count and category.
Synthetic Groom service,Groom service,Premium package,228,6,1,0,3764736,4.0,1,1,premium,3764736,150,600,2000000,5999999,"Premium tier needs Colombo metro or top-rated vendors. If over budget, drop spotlight vendors or reduce pax."
Synthetic Cakes,Cakes,Mid package,303,8,1,0,1384544,3.8,0,5,mid,1384544,100,450,500000,1999999,You are between budget and premium. Compare 2–3 venue quotes. Keep guest count near 150–250 for mid-range halls.
Synthetic Cakes,Cakes,Premium package,207,8,1,0,4555748,4.4,1,3,premium,4555748,150,600,2000000,5999999,"Premium tier needs Colombo metro or top-rated vendors. If over budget, drop spotlight vendors or reduce pax."
Synthetic Venue & Res. Halls,Venue & Res. Halls,Budget package,280,1,2,1,4259,4.4,0,4,budget,1192520,50,350,25000,499999,"Look for per-person packages under Rs. 5,000 or flat vendors under Rs. 500k. Reduce guest count or pick a suburban district."
Synthetic Photography & Videography,Photography & Videography,Premium package,533,3,1,0,2955268,4.0,1,2,premium,2955268,150,600,2000000,5999999,"Premium tier needs Colombo metro or top-rated vendors. If over budget, drop spotlight vendors or reduce pax."
Synthetic Jewellary,Jewellary,Premium package,337,7,1,0,2333737,3.9,1,5,premium,2333737,150,600,2000000,5999999,"Premium tier needs Colombo metro or top-rated vendors. If over budget, drop spotlight vendors or reduce pax."
Synthetic Caters,Caters,Premium package,450,2,1,0,4278303,4.6,0,4,premium,4278303,150,600,2000000,5999999,"Premium tier needs Colombo metro or top-rated vendors. If over budget, drop spotlight vendors or reduce pax."
Synthetic Jewellary,Jewellary,Budget package,86,7,1,0,304591,3.9,0,3,budget,304591,50,350,25000,499999,"Look for per-person packages under Rs. 5,000 or flat vendors under Rs. 500k. Reduce guest count or pick a suburban district."
Synthetic Bridal Service,Bridal Service,Budget package,331,5,2,0,185312,4.0,0,2,budget,185312,50,350,25000,499999,"Look for per-person packages under Rs. 5,000 or flat vendors under Rs. 500k. Reduce guest count or pick a suburban district."
Synthetic Groom service,Groom service,Luxury package,204,6,3,0,7326968,4.5,1,4,luxury,7326968,200,800,6000000,15000000,Luxury predictions usually mean 400+ pax at Rs. 10k+ pp or flagship hotels. Re-check guest count and category.
Synthetic Groom service,Groom service,Premium package,592,6,2,0,5194579,4.6,0,3,premium,5194579,150,600,2000000,5999999,"Premium tier needs Colombo metro or top-rated vendors. If over budget, drop spotlight vendors or reduce pax."
Synthetic Floral & Deco,Floral & Deco,Budget package,285,4,3,0,132687,4.8,0,1,budget,132687,50,350,25000,499999,"Look for per-person packages under Rs. 5,000 or flat vendors under Rs. 500k. Reduce guest count or pick a suburban district."
Synthetic Venue & Res. Halls,Venue & Res. Halls,Budget package,273,1,2,0,69461,4.4,0,3,budget,69461,50,350,25000,499999,"Look for per-person packages under Rs. 5,000 or flat vendors under Rs. 500k. Reduce guest count or pick a suburban district."
Synthetic Jewellary,Jewellary,Mid package,128,7,1,0,1142608,4.3,0,3,mid,1142608,100,450,500000,1999999,You are between budget and premium. Compare 2–3 venue quotes. Keep guest count near 150–250 for mid-range halls.
Synthetic Bridal Service,Bridal Service,Budget package,285,5,3,0,336275,3.9,0,3,budget,336275,50,350,25000,499999,"Look for per-person packages under Rs. 5,000 or flat vendors under Rs. 500k. Reduce guest count or pick a suburban district."
Synthetic Groom service,Groom service,Mid package,388,6,1,0,1619041,4.0,0,1,mid,1619041,100,450,500000,1999999,You are between budget and premium. Compare 2–3 venue quotes. Keep guest count near 150–250 for mid-range halls.
Synthetic Photography & Videography,Photography & Videography,Mid package,154,3,1,0,544812,4.7,0,5,mid,544812,100,450,500000,1999999,You are between budget and premium. Compare 2–3 venue quotes. Keep guest count near 150–250 for mid-range halls.
Siri Kirula Kandy,Jewellary,Wedding package,120,7,2,0,50000,4.7,1,1,budget,50000,50,350,25000,499999,"Look for per-person packages under Rs. 5,000 or flat vendors under Rs. 500k. Reduce guest count or pick a suburban district."
Synthetic Caters,Caters,Premium package,347,2,1,1,12547,4.4,1,3,premium,4353809,150,600,2000000,5999999,"Premium tier needs Colombo metro or top-rated vendors. If over budget, drop spotlight vendors or reduce pax."
Synthetic Venue & Res. Halls,Venue & Res. Halls,Mid package,421,1,2,1,5752,4.3,0,5,mid,2421592,100,450,500000,1999999,You are between budget and premium. Compare 2–3 venue quotes. Keep guest count near 150–250 for mid-range halls.
Synthetic Floral & Deco,Floral & Deco,Mid package,133,4,3,0,1639147,4.6,0,3,mid,1639147,100,450,500000,1999999,You are between budget and premium. Compare 2–3 venue quotes. Keep guest count near 150–250 for mid-range halls.
Synthetic Photography & Videography,Photography & Videography,Premium package,404,3,1,0,3297198,4.5,0,1,premium,3297198,150,600,2000000,5999999,"Premium tier needs Colombo metro or top-rated vendors. If over budget, drop spotlight vendors or reduce pax."
Synthetic Bridal Service,Bridal Service,Mid package,141,5,1,0,1450338,4.2,0,3,mid,1450338,100,450,500000,1999999,You are between budget and premium. Compare 2–3 venue quotes. Keep guest count near 150–250 for mid-range halls.
Synthetic Floral & Deco,Floral & Deco,Premium package,282,4,1,0,5445099,4.3,0,3,premium,5445099,150,600,2000000,5999999,"Premium tier needs Colombo metro or top-rated vendors. If over budget, drop spotlight vendors or reduce pax."
Synthetic Floral & Deco,Floral & Deco,Luxury package,622,4,3,0,11274581,4.3,0,1,luxury,11274581,200,800,6000000,15000000,Luxury predictions usually mean 400+ pax at Rs. 10k+ pp or flagship hotels. Re-check guest count and category.
Synthetic Floral & Deco,Floral & Deco,Mid package,265,4,2,0,1113787,4.4,0,1,mid,1113787,100,450,500000,1999999,You are between budget and premium. Compare 2–3 venue quotes. Keep guest count near 150–250 for mid-range halls.
Synthetic Floral & Deco,Floral & Deco,Premium package,580,4,1,0,5143876,4.2,1,4,premium,5143876,150,600,2000000,5999999,"Premium tier needs Colombo metro or top-rated vendors. If over budget, drop spotlight vendors or reduce pax."
Synthetic Floral & Deco,Floral & Deco,Budget package,328,4,1,0,408627,4.7,0,5,budget,408627,50,350,25000,499999,"Look for per-person packages under Rs. 5,000 or flat vendors under Rs. 500k. Reduce guest count or pick a suburban district."
Synthetic Bridal Service,Bridal Service,Mid package,136,5,2,0,1033573,3.9,0,5,mid,1033573,100,450,500000,1999999,You are between budget and premium. Compare 2–3 venue quotes. Keep guest count near 150–250 for mid-range halls.
Synthetic Photography & Videography,Photography & Videography,Budget package,242,3,1,0,144380,4.9,0,2,budget,144380,50,350,25000,499999,"Look for per-person packages under Rs. 5,000 or flat vendors under Rs. 500k. Reduce guest count or pick a suburban district."
Synthetic Photography & Videography,Photography & Videography,Premium package,400,3,1,0,4286916,4.7,0,4,premium,4286916,150,600,2000000,5999999,"Premium tier needs Colombo metro or top-rated vendors. If over budget, drop spotlight vendors or reduce pax."
Synthetic Floral & Deco,Floral & Deco,Premium package,527,4,3,0,5247503,4.0,0,4,premium,5247503,150,600,2000000,5999999,"Premium tier needs Colombo metro or top-rated vendors. If over budget, drop spotlight vendors or reduce pax."
Synthetic Photography & Videography,Photography & Videography,Budget package,82,3,2,0,353831,4.6,0,4,budget,353831,50,350,25000,499999,"Look for per-person packages under Rs. 5,000 or flat vendors under Rs. 500k. Reduce guest count or pick a suburban district."
Synthetic Floral & Deco,Floral & Deco,Mid package,370,4,1,0,544433,4.5,0,1,mid,544433,100,450,500000,1999999,You are between budget and premium. Compare 2–3 venue quotes. Keep guest count near 150–250 for mid-range halls.
Synthetic Caters,Caters,Premium package,589,2,1,1,9550,4.8,1,4,premium,5624950,150,600,2000000,5999999,"Premium tier needs Colombo metro or top-rated vendors. If over budget, drop spotlight vendors or reduce pax."
Hair Avenue,Bridal Service,Bridesmaid Bronze,120,5,3,0,12000,4.6,1,1,budget,12000,50,350,25000,499999,"Look for per-person packages under Rs. 5,000 or flat vendors under Rs. 500k. Reduce guest count or pick a suburban district."
D Squared Portraiture,Photography & Videography,Wedding-day coverage,200,3,3,0,75000,4.6,0,1,budget,75000,50,350,25000,499999,"Look for per-person packages under Rs. 5,000 or flat vendors under Rs. 500k. Reduce guest count or pick a suburban district."
Synthetic Bridal Service,Bridal Service,Luxury package,735,5,1,0,6937461,4.8,0,4,luxury,6937461,200,800,6000000,15000000,Luxury predictions usually mean 400+ pax at Rs. 10k+ pp or flagship hotels. Re-check guest count and category.
Synthetic Jewellary,Jewellary,Mid package,274,7,3,0,587071,3.8,0,5,mid,587071,100,450,500000,1999999,You are between budget and premium. Compare 2–3 venue quotes. Keep guest count near 150–250 for mid-range halls.
Synthetic Caters,Caters,Budget package,302,2,3,1,4481,4.3,0,5,budget,1353262,50,350,25000,499999,"Look for per-person packages under Rs. 5,000 or flat vendors under Rs. 500k. Reduce guest count or pick a suburban district."
Synthetic Jewellary,Jewellary,Luxury package,399,7,3,0,7732806,4.3,1,1,luxury,7732806,200,800,6000000,15000000,Luxury predictions usually mean 400+ pax at Rs. 10k+ pp or flagship hotels. Re-check guest count and category.
Synthetic Photography & Videography,Photography & Videography,Mid package,112,3,1,0,1517776,4.5,0,3,mid,1517776,100,450,500000,1999999,You are between budget and premium. Compare 2–3 venue quotes. Keep guest count near 150–250 for mid-range halls.
Synthetic Floral & Deco,Floral & Deco,Mid package,154,4,1,0,1091957,4.9,0,4,mid,1091957,100,450,500000,1999999,You are between budget and premium. Compare 2–3 venue quotes. Keep guest count near 150–250 for mid-range halls.
Synthetic Photography & Videography,Photography & Videography,Luxury package,324,3,1,0,10345455,4.4,1,1,luxury,10345455,200,800,6000000,15000000,Luxury predictions usually mean 400+ pax at Rs. 10k+ pp or flagship hotels. Re-check guest count and category.
Tropiflora,Floral & Deco,Wedding package,200,4,3,0,50000,4.6,0,1,budget,50000,50,350,25000,499999,"Look for per-person packages under Rs. 5,000 or flat vendors under Rs. 500k. Reduce guest count or pick a suburban district."
Synthetic Venue & Res. Halls,Venue & Res. Halls,Premium package,208,1,3,0,2946888,4.6,0,3,premium,2946888,150,600,2000000,5999999,"Premium tier needs Colombo metro or top-rated vendors. If over budget, drop spotlight vendors or reduce pax."
Photo Banu,Photography & Videography,Wedding-day coverage,200,3,1,0,46500,4.7,1,1,budget,46500,50,350,25000,499999,"Look for per-person packages under Rs. 5,000 or flat vendors under Rs. 500k. Reduce guest count or pick a suburban district."
Synthetic Cakes,Cakes,Luxury package,372,8,3,0,11320407,4.5,0,2,luxury,11320407,200,800,6000000,15000000,Luxury predictions usually mean 400+ pax at Rs. 10k+ pp or flagship hotels. Re-check guest count and category.
Synthetic Floral & Deco,Floral & Deco,Premium package,167,4,1,0,2752765,4.9,0,1,premium,2752765,150,600,2000000,5999999,"Premium tier needs Colombo metro or top-rated vendors. If over budget, drop spotlight vendors or reduce pax."
Synthetic Bridal Service,Bridal Service,Luxury package,216,5,2,0,8023637,4.9,0,5,luxury,8023637,200,800,6000000,15000000,Luxury predictions usually mean 400+ pax at Rs. 10k+ pp or flagship hotels. Re-check guest count and category.
Synthetic Bridal Service,Bridal Service,Luxury package,362,5,2,0,11648063,4.3,0,4,luxury,11648063,200,800,6000000,15000000,Luxury predictions usually mean 400+ pax at Rs. 10k+ pp or flagship hotels. Re-check guest count and category.
Synthetic Bridal Service,Bridal Service,Premium package,571,5,3,0,3974251,4.4,1,5,premium,3974251,150,600,2000000,5999999,"Premium tier needs Colombo metro or top-rated vendors. If over budget, drop spotlight vendors or reduce pax."
Synthetic Jewellary,Jewellary,Premium package,247,7,2,0,4652007,4.6,1,3,premium,4652007,150,600,2000000,5999999,"Premium tier needs Colombo metro or top-rated vendors. If over budget, drop spotlight vendors or reduce pax."
Synthetic Bridal Service,Bridal Service,Luxury package,551,5,2,0,11378280,4.4,0,3,luxury,11378280,200,800,6000000,15000000,Luxury predictions usually mean 400+ pax at Rs. 10k+ pp or flagship hotels. Re-check guest count and category.
Synthetic Floral & Deco,Floral & Deco,Mid package,379,4,1,0,820257,4.0,0,4,mid,820257,100,450,500000,1999999,You are between budget and premium. Compare 2–3 venue quotes. Keep guest count near 150–250 for mid-range halls.
Synthetic Caters,Caters,Luxury package,703,2,2,1,19431,4.8,0,2,luxury,13659993,200,800,6000000,15000000,Luxury predictions usually mean 400+ pax at Rs. 10k+ pp or flagship hotels. Re-check guest count and category.
Synthetic Floral & Deco,Floral & Deco,Mid package,160,4,1,0,1206301,4.1,0,3,mid,1206301,100,450,500000,1999999,You are between budget and premium. Compare 2–3 venue quotes. Keep guest count near 150–250 for mid-range halls.
Synthetic Jewellary,Jewellary,Mid package,215,7,3,0,1766967,4.6,0,5,mid,1766967,100,450,500000,1999999,You are between budget and premium. Compare 2–3 venue quotes. Keep guest count near 150–250 for mid-range halls.
Everluxe Stories Photography,Photography & Videography,One Day Wedding without Pre-shoot 01,200,3,3,0,75000,4.7,1,1,budget,75000,50,350,25000,499999,"Look for per-person packages under Rs. 5,000 or flat vendors under Rs. 500k. Reduce guest count or pick a suburban district."
Synthetic Venue & Res. Halls,Venue & Res. Halls,Luxury package,227,1,3,1,19573,4.1,1,4,luxury,4443071,200,800,6000000,15000000,Luxury predictions usually mean 400+ pax at Rs. 10k+ pp or flagship hotels. Re-check guest count and category.
Synthetic Groom service,Groom service,Premium package,160,6,2,0,2576471,4.7,0,5,premium,2576471,150,600,2000000,5999999,"Premium tier needs Colombo metro or top-rated vendors. If over budget, drop spotlight vendors or reduce pax."
Synthetic Caters,Caters,Budget package,229,2,3,0,358524,4.3,0,4,budget,358524,50,350,25000,499999,"Look for per-person packages under Rs. 5,000 or flat vendors under Rs. 500k. Reduce guest count or pick a suburban district."
Synthetic Floral & Deco,Floral & Deco,Mid package,141,4,3,0,741766,4.8,0,2,mid,741766,100,450,500000,1999999,You are between budget and premium. Compare 2–3 venue quotes. Keep guest count near 150–250 for mid-range halls.
Synthetic Groom service,Groom service,Premium package,206,6,2,0,2375780,4.8,0,1,premium,2375780,150,600,2000000,5999999,"Premium tier needs Colombo metro or top-rated vendors. If over budget, drop spotlight vendors or reduce pax."
Synthetic Caters,Caters,Budget package,102,2,1,1,4484,4.5,0,5,budget,457368,50,350,25000,499999,"Look for per-person packages under Rs. 5,000 or flat vendors under Rs. 500k. Reduce guest count or pick a suburban district."
Synthetic Floral & Deco,Floral & Deco,Mid package,246,4,2,0,1461701,4.0,0,4,mid,1461701,100,450,500000,1999999,You are between budget and premium. Compare 2–3 venue quotes. Keep guest count near 150–250 for mid-range halls.
Synthetic Floral & Deco,Floral & Deco,Mid package,347,4,2,0,1002243,4.3,0,5,mid,1002243,100,450,500000,1999999,You are between budget and premium. Compare 2–3 venue quotes. Keep guest count near 150–250 for mid-range halls.
Synthetic Venue & Res. Halls,Venue & Res. Halls,Mid package,125,1,3,1,8864,4.5,0,1,mid,1108000,100,450,500000,1999999,You are between budget and premium. Compare 2–3 venue quotes. Keep guest count near 150–250 for mid-range halls.
Synthetic Floral & Deco,Floral & Deco,Mid package,183,4,2,0,1710900,3.9,0,5,mid,1710900,100,450,500000,1999999,You are between budget and premium. Compare 2–3 venue quotes. Keep guest count near 150–250 for mid-range halls.
Lewmini Muthukumara Photography,Photography & Videography,Pre-shoot / engagement,200,3,1,0,24000,4.6,0,1,budget,24000,50,350,25000,499999,"Look for per-person packages under Rs. 5,000 or flat vendors under Rs. 500k. Reduce guest count or pick a suburban district."
Synthetic Floral & Deco,Floral & Deco,Premium package,467,4,1,0,2297411,4.6,0,4,premium,2297411,150,600,2000000,5999999,"Premium tier needs Colombo metro or top-rated vendors. If over budget, drop spotlight vendors or reduce pax."
Synthetic Groom service,Groom service,Budget package,135,6,3,0,449619,3.9,0,4,budget,449619,50,350,25000,499999,"Look for per-person packages under Rs. 5,000 or flat vendors under Rs. 500k. Reduce guest count or pick a suburban district."
Synthetic Venue & Res. Halls,Venue & Res. Halls,Premium package,532,1,2,1,9131,4.8,1,4,premium,4857692,150,600,2000000,5999999,"Premium tier needs Colombo metro or top-rated vendors. If over budget, drop spotlight vendors or reduce pax."
Synthetic Groom service,Groom service,Mid package,124,6,2,0,1440868,4.1,0,1,mid,1440868,100,450,500000,1999999,You are between budget and premium. Compare 2–3 venue quotes. Keep guest count near 150–250 for mid-range halls.
Synthetic Bridal Service,Bridal Service,Mid package,233,5,2,0,917087,4.7,0,3,mid,917087,100,450,500000,1999999,You are between budget and premium. Compare 2–3 venue quotes. Keep guest count near 150–250 for mid-range halls.
Synthetic Venue & Res. Halls,Venue & Res. Halls,Luxury package,705,1,2,0,6475317,4.4,1,1,luxury,6475317,200,800,6000000,15000000,Luxury predictions usually mean 400+ pax at Rs. 10k+ pp or flagship hotels. Re-check guest count and category.
Synthetic Floral & Deco,Floral & Deco,Mid package,213,4,2,0,1263778,4.9,0,1,mid,1263778,100,450,500000,1999999,You are between budget and premium. Compare 2–3 venue quotes. Keep guest count near 150–250 for mid-range halls.
Synthetic Floral & Deco,Floral & Deco,Mid package,264,4,2,0,1018238,4.3,0,2,mid,1018238,100,450,500000,1999999,You are between budget and premium. Compare 2–3 venue quotes. Keep guest count near 150–250 for mid-range halls.
Synthetic Caters,Caters,Mid package,370,2,1,1,8818,4.5,0,5,mid,3262660,100,450,500000,1999999,You are between budget and premium. Compare 2–3 venue quotes. Keep guest count near 150–250 for mid-range halls.
Galle Fort Flowers,Floral & Deco,Wedding package,200,4,2,0,30000,4.5,0,1,budget,30000,50,350,25000,499999,"Look for per-person packages under Rs. 5,000 or flat vendors under Rs. 500k. Reduce guest count or pick a suburban district."
Synthetic Venue & Res. Halls,Venue & Res. Halls,Luxury package,385,1,3,1,18968,4.6,0,2,luxury,7302680,200,800,6000000,15000000,Luxury predictions usually mean 400+ pax at Rs. 10k+ pp or flagship hotels. Re-check guest count and category.
Synthetic Groom service,Groom service,Premium package,180,6,1,0,3879499,4.2,0,3,premium,3879499,150,600,2000000,5999999,"Premium tier needs Colombo metro or top-rated vendors. If over budget, drop spotlight vendors or reduce pax."
Birendra Fernando Photography,Photography & Videography,Wedding-day coverage,200,3,3,0,51000,4.6,0,1,budget,51000,50,350,25000,499999,"Look for per-person packages under Rs. 5,000 or flat vendors under Rs. 500k. Reduce guest count or pick a suburban district."
Synthetic Floral & Deco,Floral & Deco,Premium package,290,4,3,0,4502235,4.9,1,1,premium,4502235,150,600,2000000,5999999,"Premium tier needs Colombo metro or top-rated vendors. If over budget, drop spotlight vendors or reduce pax."
Synthetic Floral & Deco,Floral & Deco,Mid package,420,4,2,0,704133,4.2,0,4,mid,704133,100,450,500000,1999999,You are between budget and premium. Compare 2–3 venue quotes. Keep guest count near 150–250 for mid-range halls.
Synthetic Photography & Videography,Photography & Videography,Mid package,390,3,1,0,1396690,4.3,0,1,mid,1396690,100,450,500000,1999999,You are between budget and premium. Compare 2–3 venue quotes. Keep guest count near 150–250 for mid-range halls.
Synthetic Caters,Caters,Mid package,222,2,1,1,9282,4.3,0,4,mid,2060604,100,450,500000,1999999,You are between budget and premium. Compare 2–3 venue quotes. Keep guest count near 150–250 for mid-range halls.
Green Valley Resort,Venue & Res. Halls,"Banquet menu Rs. 4,250 pp",150,1,3,1,4250,4.4,0,1,mid,637500,100,450,500000,1999999,You are between budget and premium. Compare 2–3 venue quotes. Keep guest count near 150–250 for mid-range halls.
Synthetic Jewellary,Jewellary,Premium package,279,7,2,0,4142524,4.7,1,3,premium,4142524,150,600,2000000,5999999,"Premium tier needs Colombo metro or top-rated vendors. If over budget, drop spotlight vendors or reduce pax."
Synthetic Photography & Videography,Photography & Videography,Luxury package,448,3,1,0,11459216,3.8,0,3,luxury,11459216,200,800,6000000,15000000,Luxury predictions usually mean 400+ pax at Rs. 10k+ pp or flagship hotels. Re-check guest count and category.
Synthetic Bridal Service,Bridal Service,Mid package,133,5,1,0,1005825,4.6,0,5,mid,1005825,100,450,500000,1999999,You are between budget and premium. Compare 2–3 venue quotes. Keep guest count near 150–250 for mid-range halls.
Kandyan Bridal Studio,Bridal Service,Wedding package,120,5,2,0,40000,4.6,0,1,budget,40000,50,350,25000,499999,"Look for per-person packages under Rs. 5,000 or flat vendors under Rs. 500k. Reduce guest count or pick a suburban district."
Synthetic Cakes,Cakes,Luxury package,429,8,3,0,10291861,4.6,0,5,luxury,10291861,200,800,6000000,15000000,Luxury predictions usually mean 400+ pax at Rs. 10k+ pp or flagship hotels. Re-check guest count and category.
Synthetic Bridal Service,Bridal Service,Mid package,352,5,2,0,1312188,4.7,0,4,mid,1312188,100,450,500000,1999999,You are between budget and premium. Compare 2–3 venue quotes. Keep guest count near 150–250 for mid-range halls.
Synthetic Floral & Deco,Floral & Deco,Budget package,51,4,3,0,94165,4.5,0,3,budget,94165,50,350,25000,499999,"Look for per-person packages under Rs. 5,000 or flat vendors under Rs. 500k. Reduce guest count or pick a suburban district."
Studio Wow Images,Photography & Videography,Silver Package 01,200,3,1,0,150000,4.6,0,1,budget,150000,50,350,25000,499999,"Look for per-person packages under Rs. 5,000 or flat vendors under Rs. 500k. Reduce guest count or pick a suburban district."
The Urban Fortress,Venue & Res. Halls,1 Hour Venue Hire,150,1,3,1,18000,4.6,0,1,premium,2700000,150,600,2000000,5999999,"Premium tier needs Colombo metro or top-rated vendors. If over budget, drop spotlight vendors or reduce pax."
Synthetic Cakes,Cakes,Luxury package,420,8,3,0,6859072,4.8,0,5,luxury,6859072,200,800,6000000,15000000,Luxury predictions usually mean 400+ pax at Rs. 10k+ pp or flagship hotels. Re-check guest count and category.
Buddhika Photography,Photography & Videography,Wedding-day coverage,200,3,3,0,75000,4.6,0,1,budget,75000,50,350,25000,499999,"Look for per-person packages under Rs. 5,000 or flat vendors under Rs. 500k. Reduce guest count or pick a suburban district."
Synthetic Bridal Service,Bridal Service,Budget package,348,5,2,0,406353,3.9,0,3,budget,406353,50,350,25000,499999,"Look for per-person packages under Rs. 5,000 or flat vendors under Rs. 500k. Reduce guest count or pick a suburban district."
Synthetic Floral & Deco,Floral & Deco,Luxury package,339,4,3,0,7954749,4.9,0,2,luxury,7954749,200,800,6000000,15000000,Luxury predictions usually mean 400+ pax at Rs. 10k+ pp or flagship hotels. Re-check guest count and category.
Synthetic Venue & Res. Halls,Venue & Res. Halls,Budget package,146,1,3,1,3558,4.6,0,3,budget,519468,50,350,25000,499999,"Look for per-person packages under Rs. 5,000 or flat vendors under Rs. 500k. Reduce guest count or pick a suburban district."
Synthetic Jewellary,Jewellary,Luxury package,639,7,1,0,7660756,4.9,0,1,luxury,7660756,200,800,6000000,15000000,Luxury predictions usually mean 400+ pax at Rs. 10k+ pp or flagship hotels. Re-check guest count and category.
Synthetic Cakes,Cakes,Mid package,420,8,1,0,1558816,4.5,0,5,mid,1558816,100,450,500000,1999999,You are between budget and premium. Compare 2–3 venue quotes. Keep guest count near 150–250 for mid-range halls.
Synthetic Groom service,Groom service,Premium package,592,6,1,0,2421000,4.3,0,4,premium,2421000,150,600,2000000,5999999,"Premium tier needs Colombo metro or top-rated vendors. If over budget, drop spotlight vendors or reduce pax."
Synthetic Cakes,Cakes,Luxury package,554,8,1,0,6570947,4.6,0,4,luxury,6570947,200,800,6000000,15000000,Luxury predictions usually mean 400+ pax at Rs. 10k+ pp or flagship hotels. Re-check guest count and category.
Synthetic Jewellary,Jewellary,Premium package,524,7,2,0,4900581,4.4,0,5,premium,4900581,150,600,2000000,5999999,"Premium tier needs Colombo metro or top-rated vendors. If over budget, drop spotlight vendors or reduce pax."
Synthetic Venue & Res. Halls,Venue & Res. Halls,Budget package,282,1,1,0,405851,3.9,0,2,budget,405851,50,350,25000,499999,"Look for per-person packages under Rs. 5,000 or flat vendors under Rs. 500k. Reduce guest count or pick a suburban district."
Jetwing Blue,Venue & Res. Halls,Wedding package,150,1,2,0,1200000,4.6,0,1,mid,1200000,100,450,500000,1999999,You are between budget and premium. Compare 2–3 venue quotes. Keep guest count near 150–250 for mid-range halls.
Prestige Jewellers,Jewellary,Wedding package,120,7,3,0,80000,4.5,0,1,budget,80000,50,350,25000,499999,"Look for per-person packages under Rs. 5,000 or flat vendors under Rs. 500k. Reduce guest count or pick a suburban district."
Synthetic Cakes,Cakes,Budget package,135,8,3,0,163270,4.1,0,3,budget,163270,50,350,25000,499999,"Look for per-person packages under Rs. 5,000 or flat vendors under Rs. 500k. Reduce guest count or pick a suburban district."
Synthetic Venue & Res. Halls,Venue & Res. Halls,Mid package,390,1,2,1,7587,4.1,0,1,mid,2958930,100,450,500000,1999999,You are between budget and premium. Compare 2–3 venue quotes. Keep guest count near 150–250 for mid-range halls.
Synthetic Photography & Videography,Photography & Videography,Premium package,519,3,2,0,5150650,3.9,1,4,premium,5150650,150,600,2000000,5999999,"Premium tier needs Colombo metro or top-rated vendors. If over budget, drop spotlight vendors or reduce pax."
Synthetic Caters,Caters,Luxury package,754,2,2,1,17595,4.7,1,1,luxury,13266630,200,800,6000000,15000000,Luxury predictions usually mean 400+ pax at Rs. 10k+ pp or flagship hotels. Re-check guest count and category.
Synthetic Cakes,Cakes,Premium package,203,8,2,0,2593939,4.0,0,2,premium,2593939,150,600,2000000,5999999,"Premium tier needs Colombo metro or top-rated vendors. If over budget, drop spotlight vendors or reduce pax."
Synthetic Groom service,Groom service,Luxury package,559,6,1,0,10173706,4.0,0,2,luxury,10173706,200,800,6000000,15000000,Luxury predictions usually mean 400+ pax at Rs. 10k+ pp or flagship hotels. Re-check guest count and category.
Taj Bentota Resort & Spa,Venue & Res. Halls,Wedding package,150,1,2,0,2000000,4.7,0,1,premium,2000000,150,600,2000000,5999999,"Premium tier needs Colombo metro or top-rated vendors. If over budget, drop spotlight vendors or reduce pax."
Synthetic Floral & Deco,Floral & Deco,Mid package,204,4,1,0,830914,4.2,0,3,mid,830914,100,450,500000,1999999,You are between budget and premium. Compare 2–3 venue quotes. Keep guest count near 150–250 for mid-range halls.
Synthetic Floral & Deco,Floral & Deco,Luxury package,316,4,1,0,9424336,4.4,0,1,luxury,9424336,200,800,6000000,15000000,Luxury predictions usually mean 400+ pax at Rs. 10k+ pp or flagship hotels. Re-check guest count and category.
Synthetic Groom service,Groom service,Mid package,212,6,1,0,514542,4.1,0,4,mid,514542,100,450,500000,1999999,You are between budget and premium. Compare 2–3 venue quotes. Keep guest count near 150–250 for mid-range halls.
Synthetic Venue & Res. Halls,Venue & Res. Halls,Premium package,461,1,1,1,11368,4.0,1,1,premium,5240648,150,600,2000000,5999999,"Premium tier needs Colombo metro or top-rated vendors. If over budget, drop spotlight vendors or reduce pax."
Synthetic Caters,Caters,Mid package,240,2,1,1,6878,4.8,0,3,mid,1650720,100,450,500000,1999999,You are between budget and premium. Compare 2–3 venue quotes. Keep guest count near 150–250 for mid-range halls.
Elia Davide Photography,Photography & Videography,Wedding-day coverage,200,3,3,0,39000,4.5,0,1,budget,39000,50,350,25000,499999,"Look for per-person packages under Rs. 5,000 or flat vendors under Rs. 500k. Reduce guest count or pick a suburban district."
Synthetic Groom service,Groom service,Luxury package,530,6,2,0,7740287,4.5,0,3,luxury,7740287,200,800,6000000,15000000,Luxury predictions usually mean 400+ pax at Rs. 10k+ pp or flagship hotels. Re-check guest count and category.
Synthetic Jewellary,Jewellary,Premium package,489,7,3,0,4105136,3.9,0,1,premium,4105136,150,600,2000000,5999999,"Premium tier needs Colombo metro or top-rated vendors. If over budget, drop spotlight vendors or reduce pax."
Synthetic Photography & Videography,Photography & Videography,Mid package,365,3,3,0,1262029,4.6,0,5,mid,1262029,100,450,500000,1999999,You are between budget and premium. Compare 2–3 venue quotes. Keep guest count near 150–250 for mid-range halls.
Synthetic Floral & Deco,Floral & Deco,Budget package,228,4,1,0,380404,4.5,0,5,budget,380404,50,350,25000,499999,"Look for per-person packages under Rs. 5,000 or flat vendors under Rs. 500k. Reduce guest count or pick a suburban district."
Synthetic Bridal Service,Bridal Service,Mid package,212,5,2,0,1065187,4.5,0,1,mid,1065187,100,450,500000,1999999,You are between budget and premium. Compare 2–3 venue quotes. Keep guest count near 150–250 for mid-range halls.
Synthetic Groom service,Groom service,Premium package,418,6,1,0,3236157,4.0,0,5,premium,3236157,150,600,2000000,5999999,"Premium tier needs Colombo metro or top-rated vendors. If over budget, drop spotlight vendors or reduce pax."
Synthetic Groom service,Groom service,Mid package,370,6,3,0,1613918,4.5,0,3,mid,1613918,100,450,500000,1999999,You are between budget and premium. Compare 2–3 venue quotes. Keep guest count near 150–250 for mid-range halls.
Synthetic Jewellary,Jewellary,Premium package,516,7,3,0,3087590,4.8,1,4,premium,3087590,150,600,2000000,5999999,"Premium tier needs Colombo metro or top-rated vendors. If over budget, drop spotlight vendors or reduce pax."
Synthetic Caters,Caters,Mid package,133,2,3,1,9397,4.7,0,3,mid,1249801,100,450,500000,1999999,You are between budget and premium. Compare 2–3 venue quotes. Keep guest count near 150–250 for mid-range halls.
Synthetic Groom service,Groom service,Budget package,221,6,2,0,183786,3.9,0,1,budget,183786,50,350,25000,499999,"Look for per-person packages under Rs. 5,000 or flat vendors under Rs. 500k. Reduce guest count or pick a suburban district."
Synthetic Jewellary,Jewellary,Mid package,387,7,2,0,1540750,4.2,0,4,mid,1540750,100,450,500000,1999999,You are between budget and premium. Compare 2–3 venue quotes. Keep guest count near 150–250 for mid-range halls.
Synthetic Bridal Service,Bridal Service,Premium package,600,5,2,0,2740609,4.7,0,1,premium,2740609,150,600,2000000,5999999,"Premium tier needs Colombo metro or top-rated vendors. If over budget, drop spotlight vendors or reduce pax."
Synthetic Venue & Res. Halls,Venue & Res. Halls,Luxury package,590,1,3,1,21811,4.2,1,5,luxury,12868490,200,800,6000000,15000000,Luxury predictions usually mean 400+ pax at Rs. 10k+ pp or flagship hotels. Re-check guest count and category.
Mark Event Planner,Floral & Deco,Home Function Decorations Package,200,4,3,0,30000,4.5,0,1,budget,30000,50,350,25000,499999,"Look for per-person packages under Rs. 5,000 or flat vendors under Rs. 500k. Reduce guest count or pick a suburban district."
Romance Wedding Photography,Photography & Videography,The Beginning,200,3,3,0,155000,4.8,1,1,budget,155000,50,350,25000,499999,"Look for per-person packages under Rs. 5,000 or flat vendors under Rs. 500k. Reduce guest count or pick a suburban district."
Synthetic Photography & Videography,Photography & Videography,Luxury package,733,3,3,0,6511779,4.5,1,3,luxury,6511779,200,800,6000000,15000000,Luxury predictions usually mean 400+ pax at Rs. 10k+ pp or flagship hotels. Re-check guest count and category.
Synthetic Caters,Caters,Luxury package,400,2,1,0,8642131,4.2,0,1,luxury,8642131,200,800,6000000,15000000,Luxury predictions usually mean 400+ pax at Rs. 10k+ pp or flagship hotels. Re-check guest count and category.
Pamod Nilru Photography,Photography & Videography,Pre-shoot / engagement,200,3,3,0,36300,4.7,0,1,budget,36300,50,350,25000,499999,"Look for per-person packages under Rs. 5,000 or flat vendors under Rs. 500k. Reduce guest count or pick a suburban district."
The Urban Fortress,Venue & Res. Halls,2 Hour Venue Hire,150,1,3,1,25000,4.6,0,1,premium,3750000,150,600,2000000,5999999,"Premium tier needs Colombo metro or top-rated vendors. If over budget, drop spotlight vendors or reduce pax."
Synthetic Venue & Res. Halls,Venue & Res. Halls,Premium package,227,1,2,1,10740,4.0,1,3,premium,2437980,150,600,2000000,5999999,"Premium tier needs Colombo metro or top-rated vendors. If over budget, drop spotlight vendors or reduce pax."
Synthetic Photography & Videography,Photography & Videography,Premium package,327,3,1,0,3151302,3.9,1,1,premium,3151302,150,600,2000000,5999999,"Premium tier needs Colombo metro or top-rated vendors. If over budget, drop spotlight vendors or reduce pax."
Synthetic Venue & Res. Halls,Venue & Res. Halls,Luxury package,475,1,1,1,21302,3.8,0,5,luxury,10118450,200,800,6000000,15000000,Luxury predictions usually mean 400+ pax at Rs. 10k+ pp or flagship hotels. Re-check guest count and category.
Synthetic Groom service,Groom service,Premium package,273,6,1,0,2984360,4.1,1,5,premium,2984360,150,600,2000000,5999999,"Premium tier needs Colombo metro or top-rated vendors. If over budget, drop spotlight vendors or reduce pax."
Synthetic Jewellary,Jewellary,Premium package,243,7,2,0,3578323,3.9,1,1,premium,3578323,150,600,2000000,5999999,"Premium tier needs Colombo metro or top-rated vendors. If over budget, drop spotlight vendors or reduce pax."
Yavinda Gayan Photography,Photography & Videography,Wedding-day coverage,200,3,3,0,60000,4.5,0,1,budget,60000,50,350,25000,499999,"Look for per-person packages under Rs. 5,000 or flat vendors under Rs. 500k. Reduce guest count or pick a suburban district."
Synthetic Floral & Deco,Floral & Deco,Mid package,176,4,1,0,1061529,3.8,0,4,mid,1061529,100,450,500000,1999999,You are between budget and premium. Compare 2–3 venue quotes. Keep guest count near 150–250 for mid-range halls.
Synthetic Bridal Service,Bridal Service,Budget package,96,5,1,0,48543,3.8,0,4,budget,48543,50,350,25000,499999,"Look for per-person packages under Rs. 5,000 or flat vendors under Rs. 500k. Reduce guest count or pick a suburban district."
Synthetic Photography & Videography,Photography & Videography,Premium package,582,3,3,0,4076690,4.6,1,1,premium,4076690,150,600,2000000,5999999,"Premium tier needs Colombo metro or top-rated vendors. If over budget, drop spotlight vendors or reduce pax."
Synthetic Groom service,Groom service,Luxury package,679,6,3,0,8794508,4.8,1,3,luxury,8794508,200,800,6000000,15000000,Luxury predictions usually mean 400+ pax at Rs. 10k+ pp or flagship hotels. Re-check guest count and category.
Synthetic Venue & Res. Halls,Venue & Res. Halls,Luxury package,277,1,1,0,11856760,4.2,0,2,luxury,11856760,200,800,6000000,15000000,Luxury predictions usually mean 400+ pax at Rs. 10k+ pp or flagship hotels. Re-check guest count and category.
Synthetic Cakes,Cakes,Luxury package,476,8,3,0,9352761,4.4,0,2,luxury,9352761,200,800,6000000,15000000,Luxury predictions usually mean 400+ pax at Rs. 10k+ pp or flagship hotels. Re-check guest count and category.
Synthetic Cakes,Cakes,Premium package,570,8,2,0,3775633,4.4,0,5,premium,3775633,150,600,2000000,5999999,"Premium tier needs Colombo metro or top-rated vendors. If over budget, drop spotlight vendors or reduce pax."
Synthetic Venue & Res. Halls,Venue & Res. Halls,Mid package,426,1,2,0,1155908,4.1,0,5,mid,1155908,100,450,500000,1999999,You are between budget and premium. Compare 2–3 venue quotes. Keep guest count near 150–250 for mid-range halls.
Synthetic Venue & Res. Halls,Venue & Res. Halls,Mid package,241,1,1,1,6335,4.9,0,2,mid,1526735,100,450,500000,1999999,You are between budget and premium. Compare 2–3 venue quotes. Keep guest count near 150–250 for mid-range halls.
Synthetic Bridal Service,Bridal Service,Budget package,150,5,1,0,340644,4.1,0,1,budget,340644,50,350,25000,499999,"Look for per-person packages under Rs. 5,000 or flat vendors under Rs. 500k. Reduce guest count or pick a suburban district."
Synthetic Cakes,Cakes,Luxury package,343,8,2,0,8474579,4.4,1,5,luxury,8474579,200,800,6000000,15000000,Luxury predictions usually mean 400+ pax at Rs. 10k+ pp or flagship hotels. Re-check guest count and category.
Synthetic Photography & Videography,Photography & Videography,Mid package,161,3,1,0,1018058,4.7,0,1,mid,1018058,100,450,500000,1999999,You are between budget and premium. Compare 2–3 venue quotes. Keep guest count near 150–250 for mid-range halls.
Synthetic Floral & Deco,Floral & Deco,Mid package,361,4,2,0,1012753,4.8,0,2,mid,1012753,100,450,500000,1999999,You are between budget and premium. Compare 2–3 venue quotes. Keep guest count near 150–250 for mid-range halls.
Synthetic Floral & Deco,Floral & Deco,Mid package,449,4,2,0,1758278,4.5,0,2,mid,1758278,100,450,500000,1999999,You are between budget and premium. Compare 2–3 venue quotes. Keep guest count near 150–250 for mid-range halls.
Synthetic Floral & Deco,Floral & Deco,Luxury package,703,4,2,0,9461846,4.6,0,4,luxury,9461846,200,800,6000000,15000000,Luxury predictions usually mean 400+ pax at Rs. 10k+ pp or flagship hotels. Re-check guest count and category.
Synthetic Cakes,Cakes,Premium package,306,8,2,0,2140109,4.2,0,3,premium,2140109,150,600,2000000,5999999,"Premium tier needs Colombo metro or top-rated vendors. If over budget, drop spotlight vendors or reduce pax."
Synthetic Groom service,Groom service,Luxury package,348,6,1,0,9315968,4.1,1,2,luxury,9315968,200,800,6000000,15000000,Luxury predictions usually mean 400+ pax at Rs. 10k+ pp or flagship hotels. Re-check guest count and category.
Synthetic Venue & Res. Halls,Venue & Res. Halls,Premium package,476,1,2,1,10585,4.4,0,4,premium,5038460,150,600,2000000,5999999,"Premium tier needs Colombo metro or top-rated vendors. If over budget, drop spotlight vendors or reduce pax."
Synthetic Caters,Caters,Luxury package,213,2,2,1,21129,4.2,0,2,luxury,4500477,200,800,6000000,15000000,Luxury predictions usually mean 400+ pax at Rs. 10k+ pp or flagship hotels. Re-check guest count and category.
Revival Ridge,Photography & Videography,Wedding-day coverage,200,3,3,0,129000,4.7,0,1,budget,129000,50,350,25000,499999,"Look for per-person packages under Rs. 5,000 or flat vendors under Rs. 500k. Reduce guest count or pick a suburban district."
Synthetic Photography & Videography,Photography & Videography,Budget package,191,3,1,0,170089,4.8,0,4,budget,170089,50,350,25000,499999,"Look for per-person packages under Rs. 5,000 or flat vendors under Rs. 500k. Reduce guest count or pick a suburban district."
Synthetic Groom service,Groom service,Budget package,75,6,2,0,417998,4.7,0,2,budget,417998,50,350,25000,499999,"Look for per-person packages under Rs. 5,000 or flat vendors under Rs. 500k. Reduce guest count or pick a suburban district."
Synthetic Cakes,Cakes,Premium package,409,8,1,0,3591692,4.6,0,3,premium,3591692,150,600,2000000,5999999,"Premium tier needs Colombo metro or top-rated vendors. If over budget, drop spotlight vendors or reduce pax."
Synthetic Venue & Res. Halls,Venue & Res. Halls,Budget package,62,1,3,1,3729,4.0,0,2,budget,231198,50,350,25000,499999,"Look for per-person packages under Rs. 5,000 or flat vendors under Rs. 500k. Reduce guest count or pick a suburban district."
Synthetic Bridal Service,Bridal Service,Premium package,191,5,2,0,3047940,4.6,0,2,premium,3047940,150,600,2000000,5999999,"Premium tier needs Colombo metro or top-rated vendors. If over budget, drop spotlight vendors or reduce pax."
Synthetic Groom service,Groom service,Luxury package,209,6,3,0,8963526,4.5,0,4,luxury,8963526,200,800,6000000,15000000,Luxury predictions usually mean 400+ pax at Rs. 10k+ pp or flagship hotels. Re-check guest count and category.
Synthetic Cakes,Cakes,Premium package,421,8,2,0,4277796,4.3,1,5,premium,4277796,150,600,2000000,5999999,"Premium tier needs Colombo metro or top-rated vendors. If over budget, drop spotlight vendors or reduce pax."
Synthetic Bridal Service,Bridal Service,Mid package,415,5,1,0,587302,4.6,0,4,mid,587302,100,450,500000,1999999,You are between budget and premium. Compare 2–3 venue quotes. Keep guest count near 150–250 for mid-range halls.
Synthetic Caters,Caters,Premium package,556,2,1,0,2023505,4.3,0,2,premium,2023505,150,600,2000000,5999999,"Premium tier needs Colombo metro or top-rated vendors. If over budget, drop spotlight vendors or reduce pax."
Courtyard by Marriott Colombo,Venue & Res. Halls,Gold Dinner 2027 (nett pp),150,1,3,1,14243,4.8,1,1,premium,2136450,150,600,2000000,5999999,"Premium tier needs Colombo metro or top-rated vendors. If over budget, drop spotlight vendors or reduce pax."
Synthetic Groom service,Groom service,Luxury package,456,6,1,0,9947813,4.8,0,2,luxury,9947813,200,800,6000000,15000000,Luxury predictions usually mean 400+ pax at Rs. 10k+ pp or flagship hotels. Re-check guest count and category.
Synthetic Floral & Deco,Floral & Deco,Luxury package,361,4,1,0,7659984,4.5,1,1,luxury,7659984,200,800,6000000,15000000,Luxury predictions usually mean 400+ pax at Rs. 10k+ pp or flagship hotels. Re-check guest count and category.
Synthetic Groom service,Groom service,Luxury package,612,6,1,0,8737865,4.8,0,2,luxury,8737865,200,800,6000000,15000000,Luxury predictions usually mean 400+ pax at Rs. 10k+ pp or flagship hotels. Re-check guest count and category.
Synthetic Bridal Service,Bridal Service,Mid package,427,5,2,0,1228486,4.3,0,4,mid,1228486,100,450,500000,1999999,You are between budget and premium. Compare 2–3 venue quotes. Keep guest count near 150–250 for mid-range halls.
Synthetic Venue & Res. Halls,Venue & Res. Halls,Luxury package,461,1,3,1,12452,4.1,1,4,luxury,5740372,200,800,6000000,15000000,Luxury predictions usually mean 400+ pax at Rs. 10k+ pp or flagship hotels. Re-check guest count and category.
Synthetic Floral & Deco,Floral & Deco,Premium package,564,4,3,0,3901729,4.5,1,1,premium,3901729,150,600,2000000,5999999,"Premium tier needs Colombo metro or top-rated vendors. If over budget, drop spotlight vendors or reduce pax."
Synthetic Caters,Caters,Budget package,67,2,3,0,321701,4.6,0,5,budget,321701,50,350,25000,499999,"Look for per-person packages under Rs. 5,000 or flat vendors under Rs. 500k. Reduce guest count or pick a suburban district."
Synthetic Groom service,Groom service,Premium package,276,6,3,0,2871079,4.2,0,1,premium,2871079,150,600,2000000,5999999,"Premium tier needs Colombo metro or top-rated vendors. If over budget, drop spotlight vendors or reduce pax."
Synthetic Groom service,Groom service,Budget package,346,6,2,0,75353,4.8,0,3,budget,75353,50,350,25000,499999,"Look for per-person packages under Rs. 5,000 or flat vendors under Rs. 500k. Reduce guest count or pick a suburban district."
Synthetic Venue & Res. Halls,Venue & Res. Halls,Luxury package,610,1,3,1,14735,4.1,0,3,luxury,8988350,200,800,6000000,15000000,Luxury predictions usually mean 400+ pax at Rs. 10k+ pp or flagship hotels. Re-check guest count and category.
Synthetic Photography & Videography,Photography & Videography,Premium package,278,3,1,0,4159950,3.8,0,3,premium,4159950,150,600,2000000,5999999,"Premium tier needs Colombo metro or top-rated vendors. If over budget, drop spotlight vendors or reduce pax."
Synthetic Cakes,Cakes,Luxury package,735,8,1,0,11326266,4.3,0,1,luxury,11326266,200,800,6000000,15000000,Luxury predictions usually mean 400+ pax at Rs. 10k+ pp or flagship hotels. Re-check guest count and category.
VOWS Fine Art Wedding Studio,Photography & Videography,Pre-shoot / engagement,200,3,3,0,45000,4.8,1,1,budget,45000,50,350,25000,499999,"Look for per-person packages under Rs. 5,000 or flat vendors under Rs. 500k. Reduce guest count or pick a suburban district."
Everluxe Stories Photography,Photography & Videography,One Day Wedding without Pre-shoot 03,200,3,3,0,125000,4.7,1,1,budget,125000,50,350,25000,499999,"Look for per-person packages under Rs. 5,000 or flat vendors under Rs. 500k. Reduce guest count or pick a suburban district."
Synthetic Floral & Deco,Floral & Deco,Luxury package,348,4,2,0,6668310,4.1,0,2,luxury,6668310,200,800,6000000,15000000,Luxury predictions usually mean 400+ pax at Rs. 10k+ pp or flagship hotels. Re-check guest count and category.
Studio 90,Photography & Videography,Pre-shoot / engagement,200,3,3,0,36000,4.7,0,1,budget,36000,50,350,25000,499999,"Look for per-person packages under Rs. 5,000 or flat vendors under Rs. 500k. Reduce guest count or pick a suburban district."
Synthetic Jewellary,Jewellary,Mid package,154,7,1,0,1188208,4.1,0,2,mid,1188208,100,450,500000,1999999,You are between budget and premium. Compare 2–3 venue quotes. Keep guest count near 150–250 for mid-range halls.
Synthetic Photography & Videography,Photography & Videography,Premium package,168,3,3,0,3775319,4.2,1,1,premium,3775319,150,600,2000000,5999999,"Premium tier needs Colombo metro or top-rated vendors. If over budget, drop spotlight vendors or reduce pax."
Synthetic Photography & Videography,Photography & Videography,Budget package,56,3,3,0,357662,4.3,0,3,budget,357662,50,350,25000,499999,"Look for per-person packages under Rs. 5,000 or flat vendors under Rs. 500k. Reduce guest count or pick a suburban district."
Synthetic Caters,Caters,Premium package,293,2,2,1,9084,4.6,0,5,premium,2661612,150,600,2000000,5999999,"Premium tier needs Colombo metro or top-rated vendors. If over budget, drop spotlight vendors or reduce pax."
Synthetic Floral & Deco,Floral & Deco,Luxury package,704,4,1,0,9302943,4.5,0,5,luxury,9302943,200,800,6000000,15000000,Luxury predictions usually mean 400+ pax at Rs. 10k+ pp or flagship hotels. Re-check guest count and category.
Synthetic Photography & Videography,Photography & Videography,Mid package,101,3,2,0,715790,4.2,0,2,mid,715790,100,450,500000,1999999,You are between budget and premium. Compare 2–3 venue quotes. Keep guest count near 150–250 for mid-range halls.
Synthetic Bridal Service,Bridal Service,Mid package,300,5,3,0,770397,3.8,0,2,mid,770397,100,450,500000,1999999,You are between budget and premium. Compare 2–3 venue quotes. Keep guest count near 150–250 for mid-range halls.
Synthetic Caters,Caters,Budget package,149,2,1,1,3926,4.4,0,4,budget,584974,50,350,25000,499999,"Look for per-person packages under Rs. 5,000 or flat vendors under Rs. 500k. Reduce guest count or pick a suburban district."
Synthetic Venue & Res. Halls,Venue & Res. Halls,Mid package,123,1,3,0,530883,3.9,0,2,mid,530883,100,450,500000,1999999,You are between budget and premium. Compare 2–3 venue quotes. Keep guest count near 150–250 for mid-range halls.
Synthetic Venue & Res. Halls,Venue & Res. Halls,Mid package,171,1,2,1,5696,4.4,0,1,mid,974016,100,450,500000,1999999,You are between budget and premium. Compare 2–3 venue quotes. Keep guest count near 150–250 for mid-range halls.
Synthetic Groom service,Groom service,Luxury package,567,6,3,0,7259517,3.8,1,2,luxury,7259517,200,800,6000000,15000000,Luxury predictions usually mean 400+ pax at Rs. 10k+ pp or flagship hotels. Re-check guest count and category.
Ravizgraphy,Photography & Videography,Wedding-day coverage,200,3,1,0,46500,4.6,0,1,budget,46500,50,350,25000,499999,"Look for per-person packages under Rs. 5,000 or flat vendors under Rs. 500k. Reduce guest count or pick a suburban district."
Synthetic Caters,Caters,Mid package,275,2,2,0,1400603,4.1,0,3,mid,1400603,100,450,500000,1999999,You are between budget and premium. Compare 2–3 venue quotes. Keep guest count near 150–250 for mid-range halls.
Synthetic Groom service,Groom service,Luxury package,216,6,1,0,7817977,4.0,0,5,luxury,7817977,200,800,6000000,15000000,Luxury predictions usually mean 400+ pax at Rs. 10k+ pp or flagship hotels. Re-check guest count and category.
Fort Bazaar,Venue & Res. Halls,Wedding package,150,1,2,0,1500000,4.7,0,1,mid,1500000,100,450,500000,1999999,You are between budget and premium. Compare 2–3 venue quotes. Keep guest count near 150–250 for mid-range halls.
Synthetic Photography & Videography,Photography & Videography,Budget package,306,3,2,0,275009,3.9,0,3,budget,275009,50,350,25000,499999,"Look for per-person packages under Rs. 5,000 or flat vendors under Rs. 500k. Reduce guest count or pick a suburban district."
Synthetic Bridal Service,Bridal Service,Luxury package,205,5,2,0,8482330,4.5,0,1,luxury,8482330,200,800,6000000,15000000,Luxury predictions usually mean 400+ pax at Rs. 10k+ pp or flagship hotels. Re-check guest count and category.
Synthetic Cakes,Cakes,Luxury package,550,8,2,0,7640059,4.0,1,1,luxury,7640059,200,800,6000000,15000000,Luxury predictions usually mean 400+ pax at Rs. 10k+ pp or flagship hotels. Re-check guest count and category.
Synthetic Caters,Caters,Premium package,583,2,1,1,10623,4.6,1,4,premium,6193209,150,600,2000000,5999999,"Premium tier needs Colombo metro or top-rated vendors. If over budget, drop spotlight vendors or reduce pax."
Uga Bay,Venue & Res. Halls,Wedding package,150,1,1,0,1800000,4.7,0,1,mid,1800000,100,450,500000,1999999,You are between budget and premium. Compare 2–3 venue quotes. Keep guest count near 150–250 for mid-range halls.
Photo Banu,Photography & Videography,Pre-shoot / engagement,200,3,1,0,18300,4.7,1,1,budget,18300,50,350,25000,499999,"Look for per-person packages under Rs. 5,000 or flat vendors under Rs. 500k. Reduce guest count or pick a suburban district."
Synthetic Jewellary,Jewellary,Luxury package,732,7,2,0,6352737,4.3,0,4,luxury,6352737,200,800,6000000,15000000,Luxury predictions usually mean 400+ pax at Rs. 10k+ pp or flagship hotels. Re-check guest count and category.
Grand Mondo Luxury Banquets,Venue & Res. Halls,Diamond Menu,150,1,3,1,9500,4.7,1,1,mid,1425000,100,450,500000,1999999,You are between budget and premium. Compare 2–3 venue quotes. Keep guest count near 150–250 for mid-range halls.
Sugar Boutique,Cakes,Wedding package,120,8,3,0,20000,4.6,1,1,budget,20000,50,350,25000,499999,"Look for per-person packages under Rs. 5,000 or flat vendors under Rs. 500k. Reduce guest count or pick a suburban district."
Synthetic Bridal Service,Bridal Service,Mid package,264,5,3,0,735149,4.3,0,3,mid,735149,100,450,500000,1999999,You are between budget and premium. Compare 2–3 venue quotes. Keep guest count near 150–250 for mid-range halls.
Synthetic Cakes,Cakes,Mid package,183,8,2,0,1549027,3.9,0,2,mid,1549027,100,450,500000,1999999,You are between budget and premium. Compare 2–3 venue quotes. Keep guest count near 150–250 for mid-range halls.
Synthetic Bridal Service,Bridal Service,Luxury package,210,5,1,0,10392954,4.1,1,5,luxury,10392954,200,800,6000000,15000000,Luxury predictions usually mean 400+ pax at Rs. 10k+ pp or flagship hotels. Re-check guest count and category.
Courtyard by Marriott Colombo,Venue & Res. Halls,Diamond Dinner 2027 (nett pp),150,1,3,1,17560,4.8,1,1,premium,2634000,150,600,2000000,5999999,"Premium tier needs Colombo metro or top-rated vendors. If over budget, drop spotlight vendors or reduce pax."
Synthetic Floral & Deco,Floral & Deco,Budget package,122,4,2,0,386010,4.4,0,4,budget,386010,50,350,25000,499999,"Look for per-person packages under Rs. 5,000 or flat vendors under Rs. 500k. Reduce guest count or pick a suburban district."
Synthetic Caters,Caters,Budget package,122,2,1,0,412021,4.0,0,1,budget,412021,50,350,25000,499999,"Look for per-person packages under Rs. 5,000 or flat vendors under Rs. 500k. Reduce guest count or pick a suburban district."
Synthetic Jewellary,Jewellary,Luxury package,422,7,2,0,8021561,4.2,1,1,luxury,8021561,200,800,6000000,15000000,Luxury predictions usually mean 400+ pax at Rs. 10k+ pp or flagship hotels. Re-check guest count and category.
Synthetic Jewellary,Jewellary,Budget package,189,7,2,0,138246,4.5,0,2,budget,138246,50,350,25000,499999,"Look for per-person packages under Rs. 5,000 or flat vendors under Rs. 500k. Reduce guest count or pick a suburban district."
Synthetic Groom service,Groom service,Premium package,445,6,3,0,3780775,4.7,0,3,premium,3780775,150,600,2000000,5999999,"Premium tier needs Colombo metro or top-rated vendors. If over budget, drop spotlight vendors or reduce pax."
Synthetic Jewellary,Jewellary,Luxury package,581,7,2,0,8277306,4.1,0,1,luxury,8277306,200,800,6000000,15000000,Luxury predictions usually mean 400+ pax at Rs. 10k+ pp or flagship hotels. Re-check guest count and category.
DI Photography,Photography & Videography,Engagement Gold,200,3,3,0,65000,4.6,0,1,budget,65000,50,350,25000,499999,"Look for per-person packages under Rs. 5,000 or flat vendors under Rs. 500k. Reduce guest count or pick a suburban district."
Synthetic Groom service,Groom service,Luxury package,742,6,2,0,6326642,4.1,0,2,luxury,6326642,200,800,6000000,15000000,Luxury predictions usually mean 400+ pax at Rs. 10k+ pp or flagship hotels. Re-check guest count and category.
Synthetic Floral & Deco,Floral & Deco,Mid package,341,4,3,0,1239483,4.1,0,5,mid,1239483,100,450,500000,1999999,You are between budget and premium. Compare 2–3 venue quotes. Keep guest count near 150–250 for mid-range halls.
Cinnamon Grand Colombo,Venue & Res. Halls,Wedding package,150,1,3,0,2500000,4.7,1,1,premium,2500000,150,600,2000000,5999999,"Premium tier needs Colombo metro or top-rated vendors. If over budget, drop spotlight vendors or reduce pax."
Salon Shavendra,Bridal Service,Wedding package,120,5,2,0,30000,4.5,0,1,budget,30000,50,350,25000,499999,"Look for per-person packages under Rs. 5,000 or flat vendors under Rs. 500k. Reduce guest count or pick a suburban district."
Synthetic Venue & Res. Halls,Venue & Res. Halls,Budget package,194,1,3,1,3776,4.3,0,5,budget,732544,50,350,25000,499999,"Look for per-person packages under Rs. 5,000 or flat vendors under Rs. 500k. Reduce guest count or pick a suburban district."
Synthetic Cakes,Cakes,Mid package,237,8,3,0,1634716,4.9,0,5,mid,1634716,100,450,500000,1999999,You are between budget and premium. Compare 2–3 venue quotes. Keep guest count near 150–250 for mid-range halls.
Synthetic Venue & Res. Halls,Venue & Res. Halls,Mid package,191,1,1,1,8051,3.9,0,1,mid,1537741,100,450,500000,1999999,You are between budget and premium. Compare 2–3 venue quotes. Keep guest count near 150–250 for mid-range halls.
Synthetic Caters,Caters,Mid package,314,2,3,0,1213640,4.1,0,5,mid,1213640,100,450,500000,1999999,You are between budget and premium. Compare 2–3 venue quotes. Keep guest count near 150–250 for mid-range halls.
Kandyan Reach Hotel,Venue & Res. Halls,Infinite Bliss Package,150,1,1,1,7400,4.7,1,2,mid,1110000,100,450,500000,1999999,You are between budget and premium. Compare 2–3 venue quotes. Keep guest count near 150–250 for mid-range halls.
Synthetic Groom service,Groom service,Mid package,156,6,3,0,1197434,4.3,0,2,mid,1197434,100,450,500000,1999999,You are between budget and premium. Compare 2–3 venue quotes. Keep guest count near 150–250 for mid-range halls.
Synthetic Jewellary,Jewellary,Luxury package,409,7,1,0,8364277,4.1,1,1,luxury,8364277,200,800,6000000,15000000,Luxury predictions usually mean 400+ pax at Rs. 10k+ pp or flagship hotels. Re-check guest count and category.
Synthetic Bridal Service,Bridal Service,Premium package,490,5,3,0,4806306,4.7,0,3,premium,4806306,150,600,2000000,5999999,"Premium tier needs Colombo metro or top-rated vendors. If over budget, drop spotlight vendors or reduce pax."
Synthetic Caters,Caters,Luxury package,746,2,2,1,12958,4.4,0,4,luxury,9666668,200,800,6000000,15000000,Luxury predictions usually mean 400+ pax at Rs. 10k+ pp or flagship hotels. Re-check guest count and category.
Synthetic Jewellary,Jewellary,Mid package,249,7,3,0,1150859,4.3,0,1,mid,1150859,100,450,500000,1999999,You are between budget and premium. Compare 2–3 venue quotes. Keep guest count near 150–250 for mid-range halls.
Bolagala Floating Resort,Venue & Res. Halls,Gold Honeymoon,150,1,2,0,170000,4.6,0,1,budget,170000,50,350,25000,499999,"Look for per-person packages under Rs. 5,000 or flat vendors under Rs. 500k. Reduce guest count or pick a suburban district."
Synthetic Floral & Deco,Floral & Deco,Premium package,364,4,2,0,2994020,4.0,0,1,premium,2994020,150,600,2000000,5999999,"Premium tier needs Colombo metro or top-rated vendors. If over budget, drop spotlight vendors or reduce pax."
Synthetic Bridal Service,Bridal Service,Premium package,366,5,3,0,4241312,4.4,0,4,premium,4241312,150,600,2000000,5999999,"Premium tier needs Colombo metro or top-rated vendors. If over budget, drop spotlight vendors or reduce pax."
Synthetic Groom service,Groom service,Budget package,275,6,3,0,305498,4.4,0,4,budget,305498,50,350,25000,499999,"Look for per-person packages under Rs. 5,000 or flat vendors under Rs. 500k. Reduce guest count or pick a suburban district."
Synthetic Cakes,Cakes,Budget package,188,8,2,0,415337,4.1,0,3,budget,415337,50,350,25000,499999,"Look for per-person packages under Rs. 5,000 or flat vendors under Rs. 500k. Reduce guest count or pick a suburban district."
Everluxe Stories Photography,Photography & Videography,Engagement Package 01,200,3,3,0,25000,4.7,1,1,budget,25000,50,350,25000,499999,"Look for per-person packages under Rs. 5,000 or flat vendors under Rs. 500k. Reduce guest count or pick a suburban district."
Barefoot Garden Cafe Events,Caters,Wedding package,150,2,3,0,50000,4.6,0,1,budget,50000,50,350,25000,499999,"Look for per-person packages under Rs. 5,000 or flat vendors under Rs. 500k. Reduce guest count or pick a suburban district."
Synthetic Cakes,Cakes,Premium package,336,8,3,0,3047796,4.8,0,1,premium,3047796,150,600,2000000,5999999,"Premium tier needs Colombo metro or top-rated vendors. If over budget, drop spotlight vendors or reduce pax."
Aliya Resort & Spa,Venue & Res. Halls,Wedding package,150,1,1,0,1500000,4.6,0,1,mid,1500000,100,450,500000,1999999,You are between budget and premium. Compare 2–3 venue quotes. Keep guest count near 150–250 for mid-range halls.
Synthetic Venue & Res. Halls,Venue & Res. Halls,Budget package,282,1,2,0,65025,4.6,0,2,budget,65025,50,350,25000,499999,"Look for per-person packages under Rs. 5,000 or flat vendors under Rs. 500k. Reduce guest count or pick a suburban district."
Artsy Romance,Photography & Videography,Engagement Bronze,200,3,3,0,45000,4.6,0,1,budget,45000,50,350,25000,499999,"Look for per-person packages under Rs. 5,000 or flat vendors under Rs. 500k. Reduce guest count or pick a suburban district."
Hotel Suisse Kandy,Venue & Res. Halls,Wedding package,150,1,2,0,700000,4.6,0,1,mid,700000,100,450,500000,1999999,You are between budget and premium. Compare 2–3 venue quotes. Keep guest count near 150–250 for mid-range halls.
Synthetic Venue & Res. Halls,Venue & Res. Halls,Budget package,92,1,1,1,4913,4.3,0,5,budget,451996,50,350,25000,499999,"Look for per-person packages under Rs. 5,000 or flat vendors under Rs. 500k. Reduce guest count or pick a suburban district."
Synthetic Groom service,Groom service,Mid package,363,6,3,0,1305890,4.4,0,1,mid,1305890,100,450,500000,1999999,You are between budget and premium. Compare 2–3 venue quotes. Keep guest count near 150–250 for mid-range halls.
Synthetic Venue & Res. Halls,Venue & Res. Halls,Premium package,510,1,2,0,4488742,4.5,0,3,premium,4488742,150,600,2000000,5999999,"Premium tier needs Colombo metro or top-rated vendors. If over budget, drop spotlight vendors or reduce pax."
Synthetic Cakes,Cakes,Premium package,353,8,1,0,3416601,4.9,0,2,premium,3416601,150,600,2000000,5999999,"Premium tier needs Colombo metro or top-rated vendors. If over budget, drop spotlight vendors or reduce pax."
Synthetic Caters,Caters,Luxury package,329,2,2,0,7916482,4.8,0,4,luxury,7916482,200,800,6000000,15000000,Luxury predictions usually mean 400+ pax at Rs. 10k+ pp or flagship hotels. Re-check guest count and category.
Synthetic Caters,Caters,Mid package,404,2,2,1,6181,3.9,0,2,mid,2497124,100,450,500000,1999999,You are between budget and premium. Compare 2–3 venue quotes. Keep guest count near 150–250 for mid-range halls.
Synthetic Bridal Service,Bridal Service,Premium package,518,5,1,0,4109242,4.4,0,5,premium,4109242,150,600,2000000,5999999,"Premium tier needs Colombo metro or top-rated vendors. If over budget, drop spotlight vendors or reduce pax."
Synthetic Floral & Deco,Floral & Deco,Luxury package,283,4,1,0,11030189,4.6,0,2,luxury,11030189,200,800,6000000,15000000,Luxury predictions usually mean 400+ pax at Rs. 10k+ pp or flagship hotels. Re-check guest count and category.
Synthetic Jewellary,Jewellary,Luxury package,689,7,2,0,7109898,4.7,1,2,luxury,7109898,200,800,6000000,15000000,Luxury predictions usually mean 400+ pax at Rs. 10k+ pp or flagship hotels. Re-check guest count and category.
Synthetic Floral & Deco,Floral & Deco,Mid package,242,4,2,0,1587596,4.4,0,4,mid,1587596,100,450,500000,1999999,You are between budget and premium. Compare 2–3 venue quotes. Keep guest count near 150–250 for mid-range halls.
Synthetic Caters,Caters,Premium package,463,2,1,1,9790,3.9,0,4,premium,4532770,150,600,2000000,5999999,"Premium tier needs Colombo metro or top-rated vendors. If over budget, drop spotlight vendors or reduce pax."
Synthetic Groom service,Groom service,Budget package,320,6,3,0,179781,4.1,0,4,budget,179781,50,350,25000,499999,"Look for per-person packages under Rs. 5,000 or flat vendors under Rs. 500k. Reduce guest count or pick a suburban district."
Synthetic Floral & Deco,Floral & Deco,Mid package,437,4,2,0,1779440,4.8,0,1,mid,1779440,100,450,500000,1999999,You are between budget and premium. Compare 2–3 venue quotes. Keep guest count near 150–250 for mid-range halls.
Sen Saal Catering,Caters,Wedding package,150,2,3,1,40000,4.4,0,1,luxury,6000000,200,800,6000000,15000000,Luxury predictions usually mean 400+ pax at Rs. 10k+ pp or flagship hotels. Re-check guest count and category.
Synthetic Bridal Service,Bridal Service,Budget package,268,5,2,0,442952,4.6,0,4,budget,442952,50,350,25000,499999,"Look for per-person packages under Rs. 5,000 or flat vendors under Rs. 500k. Reduce guest count or pick a suburban district."
Synthetic Floral & Deco,Floral & Deco,Mid package,425,4,3,0,928041,4.2,0,4,mid,928041,100,450,500000,1999999,You are between budget and premium. Compare 2–3 venue quotes. Keep guest count near 150–250 for mid-range halls.
Synthetic Venue & Res. Halls,Venue & Res. Halls,Luxury package,521,1,3,1,18558,4.0,0,4,luxury,9668718,200,800,6000000,15000000,Luxury predictions usually mean 400+ pax at Rs. 10k+ pp or flagship hotels. Re-check guest count and category.
Synthetic Caters,Caters,Mid package,440,2,1,1,9357,4.1,0,1,mid,4117080,100,450,500000,1999999,You are between budget and premium. Compare 2–3 venue quotes. Keep guest count near 150–250 for mid-range halls.
Synthetic Groom service,Groom service,Premium package,380,6,2,0,3203355,4.6,0,2,premium,3203355,150,600,2000000,5999999,"Premium tier needs Colombo metro or top-rated vendors. If over budget, drop spotlight vendors or reduce pax."
Synthetic Caters,Caters,Premium package,201,2,2,0,2718409,4.6,1,5,premium,2718409,150,600,2000000,5999999,"Premium tier needs Colombo metro or top-rated vendors. If over budget, drop spotlight vendors or reduce pax."
Kandy Cake Studio,Cakes,Wedding package,120,8,2,0,12000,4.5,0,1,budget,12000,50,350,25000,499999,"Look for per-person packages under Rs. 5,000 or flat vendors under Rs. 500k. Reduce guest count or pick a suburban district."
Synthetic Floral & Deco,Floral & Deco,Premium package,334,4,2,0,5181678,4.3,0,3,premium,5181678,150,600,2000000,5999999,"Premium tier needs Colombo metro or top-rated vendors. If over budget, drop spotlight vendors or reduce pax."
Synthetic Venue & Res. Halls,Venue & Res. Halls,Premium package,329,1,2,0,4449728,4.9,0,2,premium,4449728,150,600,2000000,5999999,"Premium tier needs Colombo metro or top-rated vendors. If over budget, drop spotlight vendors or reduce pax."
Synthetic Caters,Caters,Premium package,285,2,2,1,9423,4.6,1,4,premium,2685555,150,600,2000000,5999999,"Premium tier needs Colombo metro or top-rated vendors. If over budget, drop spotlight vendors or reduce pax."
Myrrah Weddings,Photography & Videography,Strawberry Package,200,3,3,0,125000,4.7,1,1,budget,125000,50,350,25000,499999,"Look for per-person packages under Rs. 5,000 or flat vendors under Rs. 500k. Reduce guest count or pick a suburban district."
DI Photography,Photography & Videography,Engagement Silver,200,3,3,0,40000,4.6,0,1,budget,40000,50,350,25000,499999,"Look for per-person packages under Rs. 5,000 or flat vendors under Rs. 500k. Reduce guest count or pick a suburban district."
Akalanka Kandanearachchi,Photography & Videography,Wedding-day coverage,200,3,3,0,75000,4.6,0,1,budget,75000,50,350,25000,499999,"Look for per-person packages under Rs. 5,000 or flat vendors under Rs. 500k. Reduce guest count or pick a suburban district."
Waters Edge,Venue & Res. Halls,Wedding package,150,1,3,0,1800000,4.8,1,1,mid,1800000,100,450,500000,1999999,You are between budget and premium. Compare 2–3 venue quotes. Keep guest count near 150–250 for mid-range halls.
Synthetic Photography & Videography,Photography & Videography,Mid package,213,3,2,0,1075452,4.6,0,3,mid,1075452,100,450,500000,1999999,You are between budget and premium. Compare 2–3 venue quotes. Keep guest count near 150–250 for mid-range halls.
Synthetic Jewellary,Jewellary,Premium package,477,7,1,0,5495434,3.8,0,1,premium,5495434,150,600,2000000,5999999,"Premium tier needs Colombo metro or top-rated vendors. If over budget, drop spotlight vendors or reduce pax."
Bright Room,Photography & Videography,Wedding Gold,200,3,2,0,105000,4.4,0,1,budget,105000,50,350,25000,499999,"Look for per-person packages under Rs. 5,000 or flat vendors under Rs. 500k. Reduce guest count or pick a suburban district."
Synthetic Jewellary,Jewellary,Luxury package,367,7,3,0,9128922,4.0,0,5,luxury,9128922,200,800,6000000,15000000,Luxury predictions usually mean 400+ pax at Rs. 10k+ pp or flagship hotels. Re-check guest count and category.
Synthetic Floral & Deco,Floral & Deco,Luxury package,317,4,2,0,9390296,4.3,1,2,luxury,9390296,200,800,6000000,15000000,Luxury predictions usually mean 400+ pax at Rs. 10k+ pp or flagship hotels. Re-check guest count and category.
Synthetic Cakes,Cakes,Luxury package,458,8,1,0,6842166,4.2,0,5,luxury,6842166,200,800,6000000,15000000,Luxury predictions usually mean 400+ pax at Rs. 10k+ pp or flagship hotels. Re-check guest count and category.
Synthetic Groom service,Groom service,Luxury package,204,6,3,0,11986543,4.8,1,5,luxury,11986543,200,800,6000000,15000000,Luxury predictions usually mean 400+ pax at Rs. 10k+ pp or flagship hotels. Re-check guest count and category.
Synthetic Venue & Res. Halls,Venue & Res. Halls,Luxury package,214,1,1,1,17137,4.7,0,4,luxury,3667318,200,800,6000000,15000000,Luxury predictions usually mean 400+ pax at Rs. 10k+ pp or flagship hotels. Re-check guest count and category.
Synthetic Venue & Res. Halls,Venue & Res. Halls,Premium package,551,1,2,1,10602,4.2,1,5,premium,5841702,150,600,2000000,5999999,"Premium tier needs Colombo metro or top-rated vendors. If over budget, drop spotlight vendors or reduce pax."
Synthetic Cakes,Cakes,Budget package,304,8,2,0,387106,4.6,0,4,budget,387106,50,350,25000,499999,"Look for per-person packages under Rs. 5,000 or flat vendors under Rs. 500k. Reduce guest count or pick a suburban district."
Synthetic Caters,Caters,Luxury package,371,2,1,1,19792,4.3,1,4,luxury,7342832,200,800,6000000,15000000,Luxury predictions usually mean 400+ pax at Rs. 10k+ pp or flagship hotels. Re-check guest count and category.
Synthetic Cakes,Cakes,Luxury package,775,8,2,0,8273606,4.2,0,4,luxury,8273606,200,800,6000000,15000000,Luxury predictions usually mean 400+ pax at Rs. 10k+ pp or flagship hotels. Re-check guest count and category.
Anantara Kalutara Resort,Venue & Res. Halls,Wedding package,150,1,2,0,2000000,4.7,1,1,premium,2000000,150,600,2000000,5999999,"Premium tier needs Colombo metro or top-rated vendors. If over budget, drop spotlight vendors or reduce pax."
Synthetic Floral & Deco,Floral & Deco,Premium package,493,4,2,0,5318516,4.1,0,4,premium,5318516,150,600,2000000,5999999,"Premium tier needs Colombo metro or top-rated vendors. If over budget, drop spotlight vendors or reduce pax."
Synthetic Cakes,Cakes,Premium package,447,8,2,0,4044221,4.2,1,4,premium,4044221,150,600,2000000,5999999,"Premium tier needs Colombo metro or top-rated vendors. If over budget, drop spotlight vendors or reduce pax."
Synthetic Photography & Videography,Photography & Videography,Premium package,266,3,2,0,5206460,4.3,1,3,premium,5206460,150,600,2000000,5999999,"Premium tier needs Colombo metro or top-rated vendors. If over budget, drop spotlight vendors or reduce pax."
Synthetic Cakes,Cakes,Luxury package,486,8,1,0,7924081,4.7,0,2,luxury,7924081,200,800,6000000,15000000,Luxury predictions usually mean 400+ pax at Rs. 10k+ pp or flagship hotels. Re-check guest count and category.
Synthetic Cakes,Cakes,Mid package,295,8,1,0,753741,4.0,0,2,mid,753741,100,450,500000,1999999,You are between budget and premium. Compare 2–3 venue quotes. Keep guest count near 150–250 for mid-range halls.
Synthetic Floral & Deco,Floral & Deco,Budget package,152,4,2,0,69616,4.4,0,3,budget,69616,50,350,25000,499999,"Look for per-person packages under Rs. 5,000 or flat vendors under Rs. 500k. Reduce guest count or pick a suburban district."
Madushan Udayanga Photography,Photography & Videography,Wedding + video reel,200,3,3,0,90000,4.5,0,1,budget,90000,50,350,25000,499999,"Look for per-person packages under Rs. 5,000 or flat vendors under Rs. 500k. Reduce guest count or pick a suburban district."
DI Photography,Photography & Videography,Pre-shoot Gold,200,3,3,0,45000,4.6,0,1,budget,45000,50,350,25000,499999,"Look for per-person packages under Rs. 5,000 or flat vendors under Rs. 500k. Reduce guest count or pick a suburban district."
Synthetic Bridal Service,Bridal Service,Premium package,553,5,1,0,3658769,4.5,1,5,premium,3658769,150,600,2000000,5999999,"Premium tier needs Colombo metro or top-rated vendors. If over budget, drop spotlight vendors or reduce pax."
Clover Banquets & Resorts,Venue & Res. Halls,"Royal Menu (Emerald & Gold, 150-800 pax)",150,1,2,1,9200,4.7,1,1,mid,1380000,100,450,500000,1999999,You are between budget and premium. Compare 2–3 venue quotes. Keep guest count near 150–250 for mid-range halls.
Synthetic Cakes,Cakes,Luxury package,673,8,2,0,6409578,4.5,0,5,luxury,6409578,200,800,6000000,15000000,Luxury predictions usually mean 400+ pax at Rs. 10k+ pp or flagship hotels. Re-check guest count and category.
Ring Tales,Photography & Videography,Package 4,200,3,3,0,140000,4.7,0,1,budget,140000,50,350,25000,499999,"Look for per-person packages under Rs. 5,000 or flat vendors under Rs. 500k. Reduce guest count or pick a suburban district."
Synthetic Jewellary,Jewellary,Mid package,165,7,1,0,1175414,4.3,0,3,mid,1175414,100,450,500000,1999999,You are between budget and premium. Compare 2–3 venue quotes. Keep guest count near 150–250 for mid-range halls.
Synthetic Caters,Caters,Budget package,139,2,3,0,164553,4.3,0,4,budget,164553,50,350,25000,499999,"Look for per-person packages under Rs. 5,000 or flat vendors under Rs. 500k. Reduce guest count or pick a suburban district."
Synthetic Cakes,Cakes,Mid package,178,8,2,0,808180,4.6,0,4,mid,808180,100,450,500000,1999999,You are between budget and premium. Compare 2–3 venue quotes. Keep guest count near 150–250 for mid-range halls.
Synthetic Bridal Service,Bridal Service,Mid package,395,5,3,0,1534525,3.9,0,5,mid,1534525,100,450,500000,1999999,You are between budget and premium. Compare 2–3 venue quotes. Keep guest count near 150–250 for mid-range halls.
Everluxe Stories Photography,Photography & Videography,Engagement Package 03,200,3,3,0,60000,4.7,1,1,budget,60000,50,350,25000,499999,"Look for per-person packages under Rs. 5,000 or flat vendors under Rs. 500k. Reduce guest count or pick a suburban district."
Synthetic Groom service,Groom service,Mid package,276,6,2,0,1153483,4.1,0,2,mid,1153483,100,450,500000,1999999,You are between budget and premium. Compare 2–3 venue quotes. Keep guest count near 150–250 for mid-range halls.
Synthetic Bridal Service,Bridal Service,Premium package,446,5,2,0,4356649,4.5,1,4,premium,4356649,150,600,2000000,5999999,"Premium tier needs Colombo metro or top-rated vendors. If over budget, drop spotlight vendors or reduce pax."
Synthetic Bridal Service,Bridal Service,Budget package,140,5,2,0,300924,4.6,0,2,budget,300924,50,350,25000,499999,"Look for per-person packages under Rs. 5,000 or flat vendors under Rs. 500k. Reduce guest count or pick a suburban district."
Romance Wedding Photography,Photography & Videography,Ivory Collection,200,3,3,0,365000,4.8,1,1,budget,365000,50,350,25000,499999,"Look for per-person packages under Rs. 5,000 or flat vendors under Rs. 500k. Reduce guest count or pick a suburban district."
Synthetic Bridal Service,Bridal Service,Luxury package,795,5,2,0,6478599,4.2,0,4,luxury,6478599,200,800,6000000,15000000,Luxury predictions usually mean 400+ pax at Rs. 10k+ pp or flagship hotels. Re-check guest count and category.
Hair Avenue,Bridal Service,Bridesmaid Silver,120,5,3,0,15000,4.6,1,1,budget,15000,50,350,25000,499999,"Look for per-person packages under Rs. 5,000 or flat vendors under Rs. 500k. Reduce guest count or pick a suburban district."
Synthetic Cakes,Cakes,Budget package,54,8,3,0,183211,4.7,0,3,budget,183211,50,350,25000,499999,"Look for per-person packages under Rs. 5,000 or flat vendors under Rs. 500k. Reduce guest count or pick a suburban district."
Synthetic Cakes,Cakes,Premium package,494,8,3,0,4081668,4.0,0,2,premium,4081668,150,600,2000000,5999999,"Premium tier needs Colombo metro or top-rated vendors. If over budget, drop spotlight vendors or reduce pax."
Synthetic Caters,Caters,Budget package,300,2,2,1,5511,4.7,0,3,budget,1653300,50,350,25000,499999,"Look for per-person packages under Rs. 5,000 or flat vendors under Rs. 500k. Reduce guest count or pick a suburban district."
Petals & Stems LK,Floral & Deco,Wedding package,200,4,3,0,25000,4.5,0,1,budget,25000,50,350,25000,499999,"Look for per-person packages under Rs. 5,000 or flat vendors under Rs. 500k. Reduce guest count or pick a suburban district."
Synthetic Jewellary,Jewellary,Luxury package,516,7,2,0,10902617,4.1,0,4,luxury,10902617,200,800,6000000,15000000,Luxury predictions usually mean 400+ pax at Rs. 10k+ pp or flagship hotels. Re-check guest count and category.
Synthetic Groom service,Groom service,Premium package,331,6,2,0,3366562,4.8,0,5,premium,3366562,150,600,2000000,5999999,"Premium tier needs Colombo metro or top-rated vendors. If over budget, drop spotlight vendors or reduce pax."
Synthetic Photography & Videography,Photography & Videography,Mid package,131,3,1,0,1483644,4.0,0,2,mid,1483644,100,450,500000,1999999,You are between budget and premium. Compare 2–3 venue quotes. Keep guest count near 150–250 for mid-range halls.
Synthetic Bridal Service,Bridal Service,Luxury package,581,5,2,0,11767034,4.1,1,4,luxury,11767034,200,800,6000000,15000000,Luxury predictions usually mean 400+ pax at Rs. 10k+ pp or flagship hotels. Re-check guest count and category.
Synthetic Floral & Deco,Floral & Deco,Luxury package,356,4,1,0,11798857,4.7,1,1,luxury,11798857,200,800,6000000,15000000,Luxury predictions usually mean 400+ pax at Rs. 10k+ pp or flagship hotels. Re-check guest count and category.
Synthetic Cakes,Cakes,Luxury package,500,8,1,0,8832338,4.8,0,5,luxury,8832338,200,800,6000000,15000000,Luxury predictions usually mean 400+ pax at Rs. 10k+ pp or flagship hotels. Re-check guest count and category.
Clover Banquets & Resorts,Venue & Res. Halls,"Silver Menu (Emerald & Gold, 150-800 pax)",150,1,2,1,5800,4.7,1,1,mid,870000,100,450,500000,1999999,You are between budget and premium. Compare 2–3 venue quotes. Keep guest count near 150–250 for mid-range halls.
Synthetic Cakes,Cakes,Budget package,69,8,3,0,347187,4.5,0,1,budget,347187,50,350,25000,499999,"Look for per-person packages under Rs. 5,000 or flat vendors under Rs. 500k. Reduce guest count or pick a suburban district."
Synthetic Caters,Caters,Mid package,400,2,2,1,8187,4.5,0,4,mid,3274800,100,450,500000,1999999,You are between budget and premium. Compare 2–3 venue quotes. Keep guest count near 150–250 for mid-range halls.
Synthetic Jewellary,Jewellary,Luxury package,394,7,3,0,7837557,4.1,0,2,luxury,7837557,200,800,6000000,15000000,Luxury predictions usually mean 400+ pax at Rs. 10k+ pp or flagship hotels. Re-check guest count and category.
AVANI Kalutara Resort,Venue & Res. Halls,Silver (show offer),150,1,2,1,7785,4.8,1,1,mid,1167750,100,450,500000,1999999,You are between budget and premium. Compare 2–3 venue quotes. Keep guest count near 150–250 for mid-range halls.
Synthetic Photography & Videography,Photography & Videography,Luxury package,611,3,2,0,7209335,4.0,0,4,luxury,7209335,200,800,6000000,15000000,Luxury predictions usually mean 400+ pax at Rs. 10k+ pp or flagship hotels. Re-check guest count and category.
Synthetic Caters,Caters,Mid package,274,2,2,1,6822,4.7,0,5,mid,1869228,100,450,500000,1999999,You are between budget and premium. Compare 2–3 venue quotes. Keep guest count near 150–250 for mid-range halls.
Synthetic Venue & Res. Halls,Venue & Res. Halls,Premium package,440,1,3,1,10013,4.3,0,1,premium,4405720,150,600,2000000,5999999,"Premium tier needs Colombo metro or top-rated vendors. If over budget, drop spotlight vendors or reduce pax."
Synthetic Cakes,Cakes,Premium package,403,8,3,0,3946764,4.1,1,5,premium,3946764,150,600,2000000,5999999,"Premium tier needs Colombo metro or top-rated vendors. If over budget, drop spotlight vendors or reduce pax."
Synthetic Photography & Videography,Photography & Videography,Premium package,170,3,3,0,3145098,4.3,0,2,premium,3145098,150,600,2000000,5999999,"Premium tier needs Colombo metro or top-rated vendors. If over budget, drop spotlight vendors or reduce pax."
Ring Tales,Photography & Videography,Casual shoot 2,200,3,3,0,55000,4.7,0,1,budget,55000,50,350,25000,499999,"Look for per-person packages under Rs. 5,000 or flat vendors under Rs. 500k. Reduce guest count or pick a suburban district."
Synthetic Bridal Service,Bridal Service,Premium package,473,5,1,0,2685200,4.7,1,5,premium,2685200,150,600,2000000,5999999,"Premium tier needs Colombo metro or top-rated vendors. If over budget, drop spotlight vendors or reduce pax."
AVANI Kalutara Resort,Venue & Res. Halls,Outdoor full function - river mouth & beach,150,1,2,0,300000,4.8,1,1,budget,300000,50,350,25000,499999,"Look for per-person packages under Rs. 5,000 or flat vendors under Rs. 500k. Reduce guest count or pick a suburban district."
Synthetic Groom service,Groom service,Mid package,120,6,3,0,1584357,4.2,0,1,mid,1584357,100,450,500000,1999999,You are between budget and premium. Compare 2–3 venue quotes. Keep guest count near 150–250 for mid-range halls.
Synthetic Bridal Service,Bridal Service,Budget package,136,5,3,0,260959,3.8,0,3,budget,260959,50,350,25000,499999,"Look for per-person packages under Rs. 5,000 or flat vendors under Rs. 500k. Reduce guest count or pick a suburban district."
Synthetic Groom service,Groom service,Premium package,150,6,1,0,5281478,4.9,0,2,premium,5281478,150,600,2000000,5999999,"Premium tier needs Colombo metro or top-rated vendors. If over budget, drop spotlight vendors or reduce pax."
Synthetic Groom service,Groom service,Budget package,198,6,1,0,383525,4.1,0,5,budget,383525,50,350,25000,499999,"Look for per-person packages under Rs. 5,000 or flat vendors under Rs. 500k. Reduce guest count or pick a suburban district."
Synthetic Cakes,Cakes,Premium package,368,8,1,0,2575325,3.8,0,1,premium,2575325,150,600,2000000,5999999,"Premium tier needs Colombo metro or top-rated vendors. If over budget, drop spotlight vendors or reduce pax."
Synthetic Venue & Res. Halls,Venue & Res. Halls,Premium package,473,1,1,0,2297004,4.1,1,5,premium,2297004,150,600,2000000,5999999,"Premium tier needs Colombo metro or top-rated vendors. If over budget, drop spotlight vendors or reduce pax."
Synthetic Cakes,Cakes,Mid package,447,8,1,0,567274,4.7,0,5,mid,567274,100,450,500000,1999999,You are between budget and premium. Compare 2–3 venue quotes. Keep guest count near 150–250 for mid-range halls.
Synthetic Jewellary,Jewellary,Luxury package,293,7,1,0,6112503,4.8,1,5,luxury,6112503,200,800,6000000,15000000,Luxury predictions usually mean 400+ pax at Rs. 10k+ pp or flagship hotels. Re-check guest count and category.
Brides Mark,Bridal Service,Bridal saree 1st fit-on,120,5,2,0,60000,4.6,1,1,budget,60000,50,350,25000,499999,"Look for per-person packages under Rs. 5,000 or flat vendors under Rs. 500k. Reduce guest count or pick a suburban district."
Romance Wedding Photography,Photography & Videography,Eternal Story,200,3,3,0,195000,4.8,1,1,budget,195000,50,350,25000,499999,"Look for per-person packages under Rs. 5,000 or flat vendors under Rs. 500k. Reduce guest count or pick a suburban district."
D Squared Portraiture,Photography & Videography,Pre-shoot / engagement,200,3,3,0,32400,4.6,0,1,budget,32400,50,350,25000,499999,"Look for per-person packages under Rs. 5,000 or flat vendors under Rs. 500k. Reduce guest count or pick a suburban district."
Kelly Felder Men,Groom service,Wedding package,120,6,3,0,20000,4.4,0,1,budget,20000,50,350,25000,499999,"Look for per-person packages under Rs. 5,000 or flat vendors under Rs. 500k. Reduce guest count or pick a suburban district."
Ring Tales,Photography & Videography,Package 1 (minimal wedding),200,3,3,0,60000,4.7,0,1,budget,60000,50,350,25000,499999,"Look for per-person packages under Rs. 5,000 or flat vendors under Rs. 500k. Reduce guest count or pick a suburban district."
Cinnamon Citadel Kandy,Venue & Res. Halls,Wedding package,150,1,2,0,1000000,4.6,0,1,mid,1000000,100,450,500000,1999999,You are between budget and premium. Compare 2–3 venue quotes. Keep guest count near 150–250 for mid-range halls.
Myrrah Weddings,Photography & Videography,Raspberry Package,200,3,3,0,220000,4.7,1,1,budget,220000,50,350,25000,499999,"Look for per-person packages under Rs. 5,000 or flat vendors under Rs. 500k. Reduce guest count or pick a suburban district."
Synthetic Jewellary,Jewellary,Luxury package,436,7,2,0,8543750,4.3,1,2,luxury,8543750,200,800,6000000,15000000,Luxury predictions usually mean 400+ pax at Rs. 10k+ pp or flagship hotels. Re-check guest count and category.
Synthetic Venue & Res. Halls,Venue & Res. Halls,Luxury package,258,1,1,0,11423173,4.4,0,5,luxury,11423173,200,800,6000000,15000000,Luxury predictions usually mean 400+ pax at Rs. 10k+ pp or flagship hotels. Re-check guest count and category.
Damsa Jewellers,Jewellary,Wedding package,120,7,3,0,60000,4.5,0,1,budget,60000,50,350,25000,499999,"Look for per-person packages under Rs. 5,000 or flat vendors under Rs. 500k. Reduce guest count or pick a suburban district."
Ravizgraphy,Photography & Videography,Pre-shoot / engagement,200,3,1,0,33900,4.6,0,1,budget,33900,50,350,25000,499999,"Look for per-person packages under Rs. 5,000 or flat vendors under Rs. 500k. Reduce guest count or pick a suburban district."
Synthetic Photography & Videography,Photography & Videography,Mid package,344,3,3,0,1704036,3.9,0,1,mid,1704036,100,450,500000,1999999,You are between budget and premium. Compare 2–3 venue quotes. Keep guest count near 150–250 for mid-range halls.
Synthetic Floral & Deco,Floral & Deco,Mid package,414,4,2,0,1548318,4.6,0,4,mid,1548318,100,450,500000,1999999,You are between budget and premium. Compare 2–3 venue quotes. Keep guest count near 150–250 for mid-range halls.
Pamod Nilru Photography,Photography & Videography,Wedding-day coverage,200,3,3,0,73500,4.7,0,1,budget,73500,50,350,25000,499999,"Look for per-person packages under Rs. 5,000 or flat vendors under Rs. 500k. Reduce guest count or pick a suburban district."
Madushan Udayanga Photography,Photography & Videography,Diamond Package 2026-2027,200,3,3,0,190000,4.5,0,2,budget,190000,50,350,25000,499999,"Look for per-person packages under Rs. 5,000 or flat vendors under Rs. 500k. Reduce guest count or pick a suburban district."
Synthetic Groom service,Groom service,Luxury package,260,6,2,0,9075483,3.8,1,2,luxury,9075483,200,800,6000000,15000000,Luxury predictions usually mean 400+ pax at Rs. 10k+ pp or flagship hotels. Re-check guest count and category.
Synthetic Cakes,Cakes,Luxury package,618,8,1,0,10993700,4.8,0,4,luxury,10993700,200,800,6000000,15000000,Luxury predictions usually mean 400+ pax at Rs. 10k+ pp or flagship hotels. Re-check guest count and category.
Queen's Hotel Kandy,Venue & Res. Halls,Wedding package,150,1,2,0,800000,4.6,1,1,mid,800000,100,450,500000,1999999,You are between budget and premium. Compare 2–3 venue quotes. Keep guest count near 150–250 for mid-range halls.
Synthetic Bridal Service,Bridal Service,Luxury package,724,5,3,0,7704397,4.8,0,3,luxury,7704397,200,800,6000000,15000000,Luxury predictions usually mean 400+ pax at Rs. 10k+ pp or flagship hotels. Re-check guest count and category.
Synthetic Cakes,Cakes,Mid package,297,8,3,0,1113328,4.5,0,4,mid,1113328,100,450,500000,1999999,You are between budget and premium. Compare 2–3 venue quotes. Keep guest count near 150–250 for mid-range halls.
Shan Liyanage Photography,Photography & Videography,Pre-shoot / engagement,200,3,2,0,18000,4.6,0,1,budget,18000,50,350,25000,499999,"Look for per-person packages under Rs. 5,000 or flat vendors under Rs. 500k. Reduce guest count or pick a suburban district."
Synthetic Photography & Videography,Photography & Videography,Budget package,56,3,1,0,221297,4.6,0,4,budget,221297,50,350,25000,499999,"Look for per-person packages under Rs. 5,000 or flat vendors under Rs. 500k. Reduce guest count or pick a suburban district."
Synthetic Groom service,Groom service,Budget package,139,6,2,0,348006,4.2,0,1,budget,348006,50,350,25000,499999,"Look for per-person packages under Rs. 5,000 or flat vendors under Rs. 500k. Reduce guest count or pick a suburban district."
Synthetic Floral & Deco,Floral & Deco,Luxury package,705,4,2,0,10512990,4.2,0,2,luxury,10512990,200,800,6000000,15000000,Luxury predictions usually mean 400+ pax at Rs. 10k+ pp or flagship hotels. Re-check guest count and category.
Synthetic Floral & Deco,Floral & Deco,Mid package,382,4,1,0,886635,4.4,0,4,mid,886635,100,450,500000,1999999,You are between budget and premium. Compare 2–3 venue quotes. Keep guest count near 150–250 for mid-range halls.
Synthetic Caters,Caters,Premium package,344,2,1,0,2689429,4.0,0,4,premium,2689429,150,600,2000000,5999999,"Premium tier needs Colombo metro or top-rated vendors. If over budget, drop spotlight vendors or reduce pax."
Studio Wow Images,Photography & Videography,Silver Package 02,200,3,1,0,175000,4.6,0,1,budget,175000,50,350,25000,499999,"Look for per-person packages under Rs. 5,000 or flat vendors under Rs. 500k. Reduce guest count or pick a suburban district."
Synthetic Venue & Res. Halls,Venue & Res. Halls,Luxury package,613,1,2,1,16138,4.1,0,1,luxury,9892594,200,800,6000000,15000000,Luxury predictions usually mean 400+ pax at Rs. 10k+ pp or flagship hotels. Re-check guest count and category.
Synthetic Venue & Res. Halls,Venue & Res. Halls,Mid package,179,1,3,1,6765,3.8,0,5,mid,1210935,100,450,500000,1999999,You are between budget and premium. Compare 2–3 venue quotes. Keep guest count near 150–250 for mid-range halls.
Synthetic Venue & Res. Halls,Venue & Res. Halls,Premium package,427,1,2,0,3570822,4.0,1,3,premium,3570822,150,600,2000000,5999999,"Premium tier needs Colombo metro or top-rated vendors. If over budget, drop spotlight vendors or reduce pax."
Eresh Jayanga Dias Photography,Photography & Videography,Package 03 - Wedding only,200,3,2,0,145000,4.6,0,1,budget,145000,50,350,25000,499999,"Look for per-person packages under Rs. 5,000 or flat vendors under Rs. 500k. Reduce guest count or pick a suburban district."
Synthetic Photography & Videography,Photography & Videography,Budget package,233,3,2,0,280754,4.3,0,1,budget,280754,50,350,25000,499999,"Look for per-person packages under Rs. 5,000 or flat vendors under Rs. 500k. Reduce guest count or pick a suburban district."
Studio Fantasy,Photography & Videography,Engagement Package II,200,3,3,0,60000,4.5,0,1,budget,60000,50,350,25000,499999,"Look for per-person packages under Rs. 5,000 or flat vendors under Rs. 500k. Reduce guest count or pick a suburban district."
Synthetic Cakes,Cakes,Luxury package,578,8,2,0,6346584,3.9,1,3,luxury,6346584,200,800,6000000,15000000,Luxury predictions usually mean 400+ pax at Rs. 10k+ pp or flagship hotels. Re-check guest count and category.
Synthetic Groom service,Groom service,Premium package,494,6,3,0,3131225,4.0,1,2,premium,3131225,150,600,2000000,5999999,"Premium tier needs Colombo metro or top-rated vendors. If over budget, drop spotlight vendors or reduce pax."
Synthetic Floral & Deco,Floral & Deco,Mid package,298,4,1,0,1592905,4.0,0,2,mid,1592905,100,450,500000,1999999,You are between budget and premium. Compare 2–3 venue quotes. Keep guest count near 150–250 for mid-range halls.
Synthetic Jewellary,Jewellary,Luxury package,739,7,2,0,9638365,4.4,0,2,luxury,9638365,200,800,6000000,15000000,Luxury predictions usually mean 400+ pax at Rs. 10k+ pp or flagship hotels. Re-check guest count and category.
Synthetic Cakes,Cakes,Luxury package,664,8,3,0,7641639,4.6,0,4,luxury,7641639,200,800,6000000,15000000,Luxury predictions usually mean 400+ pax at Rs. 10k+ pp or flagship hotels. Re-check guest count and category.
Synthetic Bridal Service,Bridal Service,Luxury package,495,5,1,0,6398124,4.2,0,4,luxury,6398124,200,800,6000000,15000000,Luxury predictions usually mean 400+ pax at Rs. 10k+ pp or flagship hotels. Re-check guest count and category.
Synthetic Caters,Caters,Mid package,200,2,1,0,1595551,4.4,0,2,mid,1595551,100,450,500000,1999999,You are between budget and premium. Compare 2–3 venue quotes. Keep guest count near 150–250 for mid-range halls.
Synthetic Bridal Service,Bridal Service,Mid package,104,5,1,0,1536440,4.8,0,1,mid,1536440,100,450,500000,1999999,You are between budget and premium. Compare 2–3 venue quotes. Keep guest count near 150–250 for mid-range halls.
Synthetic Bridal Service,Bridal Service,Budget package,55,5,2,0,170899,4.5,0,5,budget,170899,50,350,25000,499999,"Look for per-person packages under Rs. 5,000 or flat vendors under Rs. 500k. Reduce guest count or pick a suburban district."
Synthetic Groom service,Groom service,Budget package,255,6,2,0,163475,4.9,0,3,budget,163475,50,350,25000,499999,"Look for per-person packages under Rs. 5,000 or flat vendors under Rs. 500k. Reduce guest count or pick a suburban district."
Synthetic Groom service,Groom service,Luxury package,447,6,2,0,7422857,4.1,0,5,luxury,7422857,200,800,6000000,15000000,Luxury predictions usually mean 400+ pax at Rs. 10k+ pp or flagship hotels. Re-check guest count and category.
Synthetic Bridal Service,Bridal Service,Budget package,161,5,3,0,159784,4.7,0,5,budget,159784,50,350,25000,499999,"Look for per-person packages under Rs. 5,000 or flat vendors under Rs. 500k. Reduce guest count or pick a suburban district."
Synthetic Floral & Deco,Floral & Deco,Premium package,277,4,2,0,4128451,4.5,0,1,premium,4128451,150,600,2000000,5999999,"Premium tier needs Colombo metro or top-rated vendors. If over budget, drop spotlight vendors or reduce pax."
Ceylon Paradise Photography,Photography & Videography,Pre-shoot / engagement,200,3,2,0,32400,4.7,0,1,budget,32400,50,350,25000,499999,"Look for per-person packages under Rs. 5,000 or flat vendors under Rs. 500k. Reduce guest count or pick a suburban district."
Synthetic Cakes,Cakes,Luxury package,206,8,2,0,6938472,3.9,1,5,luxury,6938472,200,800,6000000,15000000,Luxury predictions usually mean 400+ pax at Rs. 10k+ pp or flagship hotels. Re-check guest count and category.
Synthetic Cakes,Cakes,Mid package,282,8,3,0,1013805,3.9,0,1,mid,1013805,100,450,500000,1999999,You are between budget and premium. Compare 2–3 venue quotes. Keep guest count near 150–250 for mid-range halls.
Synthetic Groom service,Groom service,Budget package,98,6,2,0,320936,4.0,0,3,budget,320936,50,350,25000,499999,"Look for per-person packages under Rs. 5,000 or flat vendors under Rs. 500k. Reduce guest count or pick a suburban district."
Synthetic Cakes,Cakes,Premium package,510,8,3,0,4493684,4.2,0,4,premium,4493684,150,600,2000000,5999999,"Premium tier needs Colombo metro or top-rated vendors. If over budget, drop spotlight vendors or reduce pax."
Synthetic Jewellary,Jewellary,Luxury package,652,7,3,0,6204201,4.8,0,4,luxury,6204201,200,800,6000000,15000000,Luxury predictions usually mean 400+ pax at Rs. 10k+ pp or flagship hotels. Re-check guest count and category.
Studio Wow Images,Photography & Videography,Bronze Package 02,200,3,1,0,115000,4.6,0,1,budget,115000,50,350,25000,499999,"Look for per-person packages under Rs. 5,000 or flat vendors under Rs. 500k. Reduce guest count or pick a suburban district."
Artsy Romance,Photography & Videography,Homecoming Bronze,200,3,3,0,50000,4.6,0,1,budget,50000,50,350,25000,499999,"Look for per-person packages under Rs. 5,000 or flat vendors under Rs. 500k. Reduce guest count or pick a suburban district."
Synthetic Caters,Caters,Premium package,504,2,2,1,11241,4.5,1,4,premium,5665464,150,600,2000000,5999999,"Premium tier needs Colombo metro or top-rated vendors. If over budget, drop spotlight vendors or reduce pax."
Synthetic Jewellary,Jewellary,Luxury package,427,7,2,0,10282855,4.2,1,3,luxury,10282855,200,800,6000000,15000000,Luxury predictions usually mean 400+ pax at Rs. 10k+ pp or flagship hotels. Re-check guest count and category.
Synthetic Groom service,Groom service,Budget package,80,6,1,0,101284,4.7,0,4,budget,101284,50,350,25000,499999,"Look for per-person packages under Rs. 5,000 or flat vendors under Rs. 500k. Reduce guest count or pick a suburban district."
Synthetic Cakes,Cakes,Mid package,147,8,2,0,1387364,4.5,0,3,mid,1387364,100,450,500000,1999999,You are between budget and premium. Compare 2–3 venue quotes. Keep guest count near 150–250 for mid-range halls.
Synthetic Jewellary,Jewellary,Luxury package,686,7,3,0,9795494,4.7,1,5,luxury,9795494,200,800,6000000,15000000,Luxury predictions usually mean 400+ pax at Rs. 10k+ pp or flagship hotels. Re-check guest count and category.
Synthetic Venue & Res. Halls,Venue & Res. Halls,Luxury package,783,1,2,1,12643,4.3,1,5,luxury,9899469,200,800,6000000,15000000,Luxury predictions usually mean 400+ pax at Rs. 10k+ pp or flagship hotels. Re-check guest count and category.
Kandyan Reach Hotel,Venue & Res. Halls,"Add-on meats, bites and bar",150,1,1,1,300,4.7,1,2,budget,45000,50,350,25000,499999,"Look for per-person packages under Rs. 5,000 or flat vendors under Rs. 500k. Reduce guest count or pick a suburban district."
Synthetic Venue & Res. Halls,Venue & Res. Halls,Premium package,457,1,2,1,9053,4.7,1,3,premium,4137221,150,600,2000000,5999999,"Premium tier needs Colombo metro or top-rated vendors. If over budget, drop spotlight vendors or reduce pax."
Synthetic Cakes,Cakes,Premium package,575,8,2,0,4445217,4.1,1,2,premium,4445217,150,600,2000000,5999999,"Premium tier needs Colombo metro or top-rated vendors. If over budget, drop spotlight vendors or reduce pax."
Synthetic Photography & Videography,Photography & Videography,Premium package,388,3,1,0,4875645,4.8,0,3,premium,4875645,150,600,2000000,5999999,"Premium tier needs Colombo metro or top-rated vendors. If over budget, drop spotlight vendors or reduce pax."
Synthetic Floral & Deco,Floral & Deco,Premium package,578,4,2,0,4898680,4.4,0,4,premium,4898680,150,600,2000000,5999999,"Premium tier needs Colombo metro or top-rated vendors. If over budget, drop spotlight vendors or reduce pax."
Bright Room,Photography & Videography,Engagement,200,3,2,0,30000,4.4,0,1,budget,30000,50,350,25000,499999,"Look for per-person packages under Rs. 5,000 or flat vendors under Rs. 500k. Reduce guest count or pick a suburban district."
Synthetic Floral & Deco,Floral & Deco,Premium package,476,4,1,0,3826990,4.8,1,5,premium,3826990,150,600,2000000,5999999,"Premium tier needs Colombo metro or top-rated vendors. If over budget, drop spotlight vendors or reduce pax."
Synthetic Groom service,Groom service,Mid package,342,6,3,0,1024360,4.3,0,4,mid,1024360,100,450,500000,1999999,You are between budget and premium. Compare 2–3 venue quotes. Keep guest count near 150–250 for mid-range halls.
Synthetic Floral & Deco,Floral & Deco,Luxury package,287,4,2,0,9795050,4.6,0,3,luxury,9795050,200,800,6000000,15000000,Luxury predictions usually mean 400+ pax at Rs. 10k+ pp or flagship hotels. Re-check guest count and category.
Synthetic Bridal Service,Bridal Service,Premium package,266,5,1,0,5357827,4.8,1,1,premium,5357827,150,600,2000000,5999999,"Premium tier needs Colombo metro or top-rated vendors. If over budget, drop spotlight vendors or reduce pax."
Synthetic Jewellary,Jewellary,Mid package,221,7,2,0,1517666,3.9,0,1,mid,1517666,100,450,500000,1999999,You are between budget and premium. Compare 2–3 venue quotes. Keep guest count near 150–250 for mid-range halls.
Synthetic Venue & Res. Halls,Venue & Res. Halls,Luxury package,362,1,1,0,7336918,4.2,0,1,luxury,7336918,200,800,6000000,15000000,Luxury predictions usually mean 400+ pax at Rs. 10k+ pp or flagship hotels. Re-check guest count and category.
Synthetic Groom service,Groom service,Premium package,181,6,1,0,4840588,3.8,0,3,premium,4840588,150,600,2000000,5999999,"Premium tier needs Colombo metro or top-rated vendors. If over budget, drop spotlight vendors or reduce pax."
Synthetic Venue & Res. Halls,Venue & Res. Halls,Luxury package,299,1,2,1,14810,4.0,0,5,luxury,4428190,200,800,6000000,15000000,Luxury predictions usually mean 400+ pax at Rs. 10k+ pp or flagship hotels. Re-check guest count and category.
Synthetic Caters,Caters,Premium package,582,2,1,1,12927,4.2,0,4,premium,7523514,150,600,2000000,5999999,"Premium tier needs Colombo metro or top-rated vendors. If over budget, drop spotlight vendors or reduce pax."
Synthetic Floral & Deco,Floral & Deco,Budget package,303,4,1,0,128055,4.2,0,3,budget,128055,50,350,25000,499999,"Look for per-person packages under Rs. 5,000 or flat vendors under Rs. 500k. Reduce guest count or pick a suburban district."
Synthetic Groom service,Groom service,Luxury package,602,6,2,0,9598677,4.4,0,1,luxury,9598677,200,800,6000000,15000000,Luxury predictions usually mean 400+ pax at Rs. 10k+ pp or flagship hotels. Re-check guest count and category.
Synthetic Bridal Service,Bridal Service,Premium package,212,5,1,0,5156841,3.8,1,5,premium,5156841,150,600,2000000,5999999,"Premium tier needs Colombo metro or top-rated vendors. If over budget, drop spotlight vendors or reduce pax."
Synthetic Jewellary,Jewellary,Premium package,289,7,2,0,2441845,4.7,0,3,premium,2441845,150,600,2000000,5999999,"Premium tier needs Colombo metro or top-rated vendors. If over budget, drop spotlight vendors or reduce pax."
Eresh Jayanga Dias Photography,Photography & Videography,Package 05 - Wedding only,200,3,2,0,165000,4.6,0,1,budget,165000,50,350,25000,499999,"Look for per-person packages under Rs. 5,000 or flat vendors under Rs. 500k. Reduce guest count or pick a suburban district."
Synthetic Photography & Videography,Photography & Videography,Mid package,276,3,2,0,1013632,4.4,0,5,mid,1013632,100,450,500000,1999999,You are between budget and premium. Compare 2–3 venue quotes. Keep guest count near 150–250 for mid-range halls.
Synthetic Caters,Caters,Premium package,587,2,1,1,13959,4.0,0,5,premium,8193933,150,600,2000000,5999999,"Premium tier needs Colombo metro or top-rated vendors. If over budget, drop spotlight vendors or reduce pax."
Synthetic Venue & Res. Halls,Venue & Res. Halls,Mid package,144,1,3,1,8977,4.6,0,5,mid,1292688,100,450,500000,1999999,You are between budget and premium. Compare 2–3 venue quotes. Keep guest count near 150–250 for mid-range halls.
Lakmal Sinharage Wedding Studio,Photography & Videography,A-Group Wedding Package,200,3,3,0,300000,4.5,0,1,budget,300000,50,350,25000,499999,"Look for per-person packages under Rs. 5,000 or flat vendors under Rs. 500k. Reduce guest count or pick a suburban district."
Synthetic Bridal Service,Bridal Service,Mid package,146,5,2,0,808796,4.7,0,1,mid,808796,100,450,500000,1999999,You are between budget and premium. Compare 2–3 venue quotes. Keep guest count near 150–250 for mid-range halls.
Synthetic Jewellary,Jewellary,Premium package,305,7,2,0,3563787,4.4,1,3,premium,3563787,150,600,2000000,5999999,"Premium tier needs Colombo metro or top-rated vendors. If over budget, drop spotlight vendors or reduce pax."
The Cake Factory,Cakes,Wedding package,120,8,3,0,15000,4.6,0,1,budget,15000,50,350,25000,499999,"Look for per-person packages under Rs. 5,000 or flat vendors under Rs. 500k. Reduce guest count or pick a suburban district."
DR Creations,Photography & Videography,Pre-shoot / engagement,200,3,3,0,45000,4.9,1,1,budget,45000,50,350,25000,499999,"Look for per-person packages under Rs. 5,000 or flat vendors under Rs. 500k. Reduce guest count or pick a suburban district."
Synthetic Caters,Caters,Premium package,482,2,1,1,11170,4.1,1,5,premium,5383940,150,600,2000000,5999999,"Premium tier needs Colombo metro or top-rated vendors. If over budget, drop spotlight vendors or reduce pax."
Synthetic Venue & Res. Halls,Venue & Res. Halls,Budget package,87,1,1,0,443854,4.3,0,5,budget,443854,50,350,25000,499999,"Look for per-person packages under Rs. 5,000 or flat vendors under Rs. 500k. Reduce guest count or pick a suburban district."
Synthetic Caters,Caters,Premium package,565,2,2,1,11515,4.2,1,2,premium,6505975,150,600,2000000,5999999,"Premium tier needs Colombo metro or top-rated vendors. If over budget, drop spotlight vendors or reduce pax."
Synthetic Cakes,Cakes,Premium package,249,8,3,0,2862665,3.8,1,2,premium,2862665,150,600,2000000,5999999,"Premium tier needs Colombo metro or top-rated vendors. If over budget, drop spotlight vendors or reduce pax."
Synthetic Floral & Deco,Floral & Deco,Luxury package,521,4,1,0,10412672,4.4,0,1,luxury,10412672,200,800,6000000,15000000,Luxury predictions usually mean 400+ pax at Rs. 10k+ pp or flagship hotels. Re-check guest count and category.
Synthetic Bridal Service,Bridal Service,Premium package,487,5,1,0,2623861,4.8,0,1,premium,2623861,150,600,2000000,5999999,"Premium tier needs Colombo metro or top-rated vendors. If over budget, drop spotlight vendors or reduce pax."
Synthetic Groom service,Groom service,Luxury package,420,6,1,0,8899574,4.2,0,5,luxury,8899574,200,800,6000000,15000000,Luxury predictions usually mean 400+ pax at Rs. 10k+ pp or flagship hotels. Re-check guest count and category.
Synthetic Cakes,Cakes,Premium package,153,8,2,0,5138124,4.5,1,1,premium,5138124,150,600,2000000,5999999,"Premium tier needs Colombo metro or top-rated vendors. If over budget, drop spotlight vendors or reduce pax."
Everluxe Stories Photography,Photography & Videography,Engagement Package 05,200,3,3,0,100000,4.7,1,1,budget,100000,50,350,25000,499999,"Look for per-person packages under Rs. 5,000 or flat vendors under Rs. 500k. Reduce guest count or pick a suburban district."
Synthetic Groom service,Groom service,Budget package,174,6,2,0,326854,4.1,0,5,budget,326854,50,350,25000,499999,"Look for per-person packages under Rs. 5,000 or flat vendors under Rs. 500k. Reduce guest count or pick a suburban district."
Synthetic Bridal Service,Bridal Service,Mid package,390,5,2,0,1320185,4.7,0,1,mid,1320185,100,450,500000,1999999,You are between budget and premium. Compare 2–3 venue quotes. Keep guest count near 150–250 for mid-range halls.
Synthetic Jewellary,Jewellary,Budget package,224,7,1,0,347370,4.7,0,1,budget,347370,50,350,25000,499999,"Look for per-person packages under Rs. 5,000 or flat vendors under Rs. 500k. Reduce guest count or pick a suburban district."
Synthetic Jewellary,Jewellary,Mid package,118,7,3,0,1192139,4.8,0,1,mid,1192139,100,450,500000,1999999,You are between budget and premium. Compare 2–3 venue quotes. Keep guest count near 150–250 for mid-range halls.
Synthetic Floral & Deco,Floral & Deco,Budget package,176,4,3,0,254864,4.6,0,3,budget,254864,50,350,25000,499999,"Look for per-person packages under Rs. 5,000 or flat vendors under Rs. 500k. Reduce guest count or pick a suburban district."
Synthetic Venue & Res. Halls,Venue & Res. Halls,Mid package,195,1,2,1,8792,4.7,0,3,mid,1714440,100,450,500000,1999999,You are between budget and premium. Compare 2–3 venue quotes. Keep guest count near 150–250 for mid-range halls.
Synthetic Bridal Service,Bridal Service,Mid package,399,5,1,0,870905,4.4,0,4,mid,870905,100,450,500000,1999999,You are between budget and premium. Compare 2–3 venue quotes. Keep guest count near 150–250 for mid-range halls.
Synthetic Caters,Caters,Luxury package,381,2,1,1,21923,3.9,1,3,luxury,8352663,200,800,6000000,15000000,Luxury predictions usually mean 400+ pax at Rs. 10k+ pp or flagship hotels. Re-check guest count and category.
Synthetic Photography & Videography,Photography & Videography,Premium package,273,3,2,0,5231282,4.1,0,5,premium,5231282,150,600,2000000,5999999,"Premium tier needs Colombo metro or top-rated vendors. If over budget, drop spotlight vendors or reduce pax."
Synthetic Venue & Res. Halls,Venue & Res. Halls,Budget package,276,1,3,1,4594,4.8,0,3,budget,1267944,50,350,25000,499999,"Look for per-person packages under Rs. 5,000 or flat vendors under Rs. 500k. Reduce guest count or pick a suburban district."
Synthetic Cakes,Cakes,Premium package,168,8,2,0,4450035,4.7,1,3,premium,4450035,150,600,2000000,5999999,"Premium tier needs Colombo metro or top-rated vendors. If over budget, drop spotlight vendors or reduce pax."
Synthetic Cakes,Cakes,Luxury package,762,8,2,0,9349973,3.8,0,2,luxury,9349973,200,800,6000000,15000000,Luxury predictions usually mean 400+ pax at Rs. 10k+ pp or flagship hotels. Re-check guest count and category.
Synthetic Groom service,Groom service,Premium package,245,6,1,0,2315479,4.7,0,1,premium,2315479,150,600,2000000,5999999,"Premium tier needs Colombo metro or top-rated vendors. If over budget, drop spotlight vendors or reduce pax."
Synthetic Bridal Service,Bridal Service,Mid package,358,5,1,0,1101638,4.3,0,3,mid,1101638,100,450,500000,1999999,You are between budget and premium. Compare 2–3 venue quotes. Keep guest count near 150–250 for mid-range halls.
Kandyan Reach Hotel,Venue & Res. Halls,Essential Elegance Package,150,1,1,1,5300,4.7,1,2,mid,795000,100,450,500000,1999999,You are between budget and premium. Compare 2–3 venue quotes. Keep guest count near 150–250 for mid-range halls.
Synthetic Cakes,Cakes,Mid package,304,8,1,0,702016,4.7,0,1,mid,702016,100,450,500000,1999999,You are between budget and premium. Compare 2–3 venue quotes. Keep guest count near 150–250 for mid-range halls.
Synthetic Caters,Caters,Luxury package,421,2,1,0,11903367,4.0,0,4,luxury,11903367,200,800,6000000,15000000,Luxury predictions usually mean 400+ pax at Rs. 10k+ pp or flagship hotels. Re-check guest count and category.
Synthetic Floral & Deco,Floral & Deco,Mid package,241,4,2,0,1354534,4.4,0,2,mid,1354534,100,450,500000,1999999,You are between budget and premium. Compare 2–3 venue quotes. Keep guest count near 150–250 for mid-range halls.
Synthetic Photography & Videography,Photography & Videography,Mid package,324,3,3,0,765018,4.8,0,2,mid,765018,100,450,500000,1999999,You are between budget and premium. Compare 2–3 venue quotes. Keep guest count near 150–250 for mid-range halls.
Marino Beach Colombo,Venue & Res. Halls,Wedding package,150,1,3,0,1500000,4.5,0,1,mid,1500000,100,450,500000,1999999,You are between budget and premium. Compare 2–3 venue quotes. Keep guest count near 150–250 for mid-range halls.
Synthetic Bridal Service,Bridal Service,Premium package,328,5,1,0,4311614,4.4,0,2,premium,4311614,150,600,2000000,5999999,"Premium tier needs Colombo metro or top-rated vendors. If over budget, drop spotlight vendors or reduce pax."
Synthetic Bridal Service,Bridal Service,Mid package,273,5,1,0,1624630,4.2,0,5,mid,1624630,100,450,500000,1999999,You are between budget and premium. Compare 2–3 venue quotes. Keep guest count near 150–250 for mid-range halls.
Synthetic Groom service,Groom service,Premium package,222,6,1,0,3194736,4.8,0,1,premium,3194736,150,600,2000000,5999999,"Premium tier needs Colombo metro or top-rated vendors. If over budget, drop spotlight vendors or reduce pax."
Synthetic Jewellary,Jewellary,Premium package,205,7,1,0,2962260,4.8,0,4,premium,2962260,150,600,2000000,5999999,"Premium tier needs Colombo metro or top-rated vendors. If over budget, drop spotlight vendors or reduce pax."
Synthetic Photography & Videography,Photography & Videography,Premium package,584,3,2,0,4924295,4.1,0,1,premium,4924295,150,600,2000000,5999999,"Premium tier needs Colombo metro or top-rated vendors. If over budget, drop spotlight vendors or reduce pax."
Synthetic Caters,Caters,Premium package,191,2,1,1,11371,4.2,0,3,premium,2171861,150,600,2000000,5999999,"Premium tier needs Colombo metro or top-rated vendors. If over budget, drop spotlight vendors or reduce pax."
Synthetic Venue & Res. Halls,Venue & Res. Halls,Budget package,346,1,1,1,4366,4.6,0,4,budget,1510636,50,350,25000,499999,"Look for per-person packages under Rs. 5,000 or flat vendors under Rs. 500k. Reduce guest count or pick a suburban district."
Synthetic Venue & Res. Halls,Venue & Res. Halls,Mid package,339,1,1,1,6558,4.7,0,5,mid,2223162,100,450,500000,1999999,You are between budget and premium. Compare 2–3 venue quotes. Keep guest count near 150–250 for mid-range halls.
Synthetic Venue & Res. Halls,Venue & Res. Halls,Luxury package,377,1,2,1,17846,4.3,0,2,luxury,6727942,200,800,6000000,15000000,Luxury predictions usually mean 400+ pax at Rs. 10k+ pp or flagship hotels. Re-check guest count and category.
Synthetic Cakes,Cakes,Budget package,95,8,1,0,43975,4.8,0,5,budget,43975,50,350,25000,499999,"Look for per-person packages under Rs. 5,000 or flat vendors under Rs. 500k. Reduce guest count or pick a suburban district."
Synthetic Groom service,Groom service,Mid package,295,6,3,0,1307895,3.8,0,4,mid,1307895,100,450,500000,1999999,You are between budget and premium. Compare 2–3 venue quotes. Keep guest count near 150–250 for mid-range halls.
Synthetic Bridal Service,Bridal Service,Mid package,224,5,1,0,1106462,4.6,0,3,mid,1106462,100,450,500000,1999999,You are between budget and premium. Compare 2–3 venue quotes. Keep guest count near 150–250 for mid-range halls.
Synthetic Floral & Deco,Floral & Deco,Mid package,243,4,2,0,929880,4.2,0,3,mid,929880,100,450,500000,1999999,You are between budget and premium. Compare 2–3 venue quotes. Keep guest count near 150–250 for mid-range halls.
Synthetic Cakes,Cakes,Premium package,321,8,3,0,4623302,4.6,0,2,premium,4623302,150,600,2000000,5999999,"Premium tier needs Colombo metro or top-rated vendors. If over budget, drop spotlight vendors or reduce pax."
Synthetic Bridal Service,Bridal Service,Mid package,100,5,1,0,1214575,3.9,0,2,mid,1214575,100,450,500000,1999999,You are between budget and premium. Compare 2–3 venue quotes. Keep guest count near 150–250 for mid-range halls.
Synthetic Bridal Service,Bridal Service,Luxury package,394,5,2,0,9411958,4.6,0,2,luxury,9411958,200,800,6000000,15000000,Luxury predictions usually mean 400+ pax at Rs. 10k+ pp or flagship hotels. Re-check guest count and category.
Synthetic Bridal Service,Bridal Service,Premium package,309,5,1,0,2936770,4.0,0,5,premium,2936770,150,600,2000000,5999999,"Premium tier needs Colombo metro or top-rated vendors. If over budget, drop spotlight vendors or reduce pax."
Synthetic Bridal Service,Bridal Service,Luxury package,606,5,3,0,8307384,4.6,0,3,luxury,8307384,200,800,6000000,15000000,Luxury predictions usually mean 400+ pax at Rs. 10k+ pp or flagship hotels. Re-check guest count and category.
Synthetic Caters,Caters,Premium package,421,2,2,1,12658,4.5,0,2,premium,5329018,150,600,2000000,5999999,"Premium tier needs Colombo metro or top-rated vendors. If over budget, drop spotlight vendors or reduce pax."
Synthetic Floral & Deco,Floral & Deco,Luxury package,311,4,1,0,7739439,4.5,0,1,luxury,7739439,200,800,6000000,15000000,Luxury predictions usually mean 400+ pax at Rs. 10k+ pp or flagship hotels. Re-check guest count and category.
Synthetic Cakes,Cakes,Premium package,210,8,1,0,4532874,4.3,1,3,premium,4532874,150,600,2000000,5999999,"Premium tier needs Colombo metro or top-rated vendors. If over budget, drop spotlight vendors or reduce pax."
Synthetic Jewellary,Jewellary,Luxury package,441,7,2,0,6690165,4.9,0,3,luxury,6690165,200,800,6000000,15000000,Luxury predictions usually mean 400+ pax at Rs. 10k+ pp or flagship hotels. Re-check guest count and category.
Synthetic Floral & Deco,Floral & Deco,Luxury package,692,4,2,0,8788118,4.2,0,5,luxury,8788118,200,800,6000000,15000000,Luxury predictions usually mean 400+ pax at Rs. 10k+ pp or flagship hotels. Re-check guest count and category.
Synthetic Floral & Deco,Floral & Deco,Premium package,402,4,1,0,4492003,4.8,1,5,premium,4492003,150,600,2000000,5999999,"Premium tier needs Colombo metro or top-rated vendors. If over budget, drop spotlight vendors or reduce pax."
Synthetic Venue & Res. Halls,Venue & Res. Halls,Mid package,179,1,2,1,7753,4.0,0,2,mid,1387787,100,450,500000,1999999,You are between budget and premium. Compare 2–3 venue quotes. Keep guest count near 150–250 for mid-range halls.
Madushan Udayanga Photography,Photography & Videography,Platinum Package,200,3,3,0,135000,4.5,0,1,budget,135000,50,350,25000,499999,"Look for per-person packages under Rs. 5,000 or flat vendors under Rs. 500k. Reduce guest count or pick a suburban district."
Synthetic Floral & Deco,Floral & Deco,Premium package,297,4,1,0,4765104,4.1,1,3,premium,4765104,150,600,2000000,5999999,"Premium tier needs Colombo metro or top-rated vendors. If over budget, drop spotlight vendors or reduce pax."
Synthetic Cakes,Cakes,Mid package,140,8,3,0,909132,4.8,0,2,mid,909132,100,450,500000,1999999,You are between budget and premium. Compare 2–3 venue quotes. Keep guest count near 150–250 for mid-range halls.
Synthetic Jewellary,Jewellary,Premium package,394,7,2,0,2413457,4.9,0,3,premium,2413457,150,600,2000000,5999999,"Premium tier needs Colombo metro or top-rated vendors. If over budget, drop spotlight vendors or reduce pax."
Synthetic Bridal Service,Bridal Service,Mid package,232,5,3,0,505597,4.0,0,4,mid,505597,100,450,500000,1999999,You are between budget and premium. Compare 2–3 venue quotes. Keep guest count near 150–250 for mid-range halls.
Synthetic Cakes,Cakes,Luxury package,241,8,2,0,9687383,4.1,0,1,luxury,9687383,200,800,6000000,15000000,Luxury predictions usually mean 400+ pax at Rs. 10k+ pp or flagship hotels. Re-check guest count and category.
Ring Tales,Photography & Videography,Engagements & homecomings 1,200,3,3,0,50000,4.7,0,1,budget,50000,50,350,25000,499999,"Look for per-person packages under Rs. 5,000 or flat vendors under Rs. 500k. Reduce guest count or pick a suburban district."
Geeshan Bandara Photography,Photography & Videography,Pre-shoot / engagement,200,3,3,0,98700,4.9,1,1,budget,98700,50,350,25000,499999,"Look for per-person packages under Rs. 5,000 or flat vendors under Rs. 500k. Reduce guest count or pick a suburban district."
Synthetic Floral & Deco,Floral & Deco,Premium package,189,4,1,0,5089966,4.9,0,4,premium,5089966,150,600,2000000,5999999,"Premium tier needs Colombo metro or top-rated vendors. If over budget, drop spotlight vendors or reduce pax."
Synthetic Bridal Service,Bridal Service,Mid package,279,5,3,0,1033443,4.2,0,4,mid,1033443,100,450,500000,1999999,You are between budget and premium. Compare 2–3 venue quotes. Keep guest count near 150–250 for mid-range halls.
Synthetic Groom service,Groom service,Luxury package,602,6,3,0,6686716,3.9,1,2,luxury,6686716,200,800,6000000,15000000,Luxury predictions usually mean 400+ pax at Rs. 10k+ pp or flagship hotels. Re-check guest count and category.
Synthetic Venue & Res. Halls,Venue & Res. Halls,Mid package,232,1,2,0,1682736,4.4,0,1,mid,1682736,100,450,500000,1999999,You are between budget and premium. Compare 2–3 venue quotes. Keep guest count near 150–250 for mid-range halls.
Synthetic Venue & Res. Halls,Venue & Res. Halls,Premium package,317,1,1,1,13981,4.3,0,3,premium,4431977,150,600,2000000,5999999,"Premium tier needs Colombo metro or top-rated vendors. If over budget, drop spotlight vendors or reduce pax."
Hotel Queensbury,Venue & Res. Halls,All Inclusive Wedding for 150 Guests,150,1,3,0,699000,4.6,1,1,mid,699000,100,450,500000,1999999,You are between budget and premium. Compare 2–3 venue quotes. Keep guest count near 150–250 for mid-range halls.
Synthetic Jewellary,Jewellary,Luxury package,756,7,1,0,8160318,4.5,0,3,luxury,8160318,200,800,6000000,15000000,Luxury predictions usually mean 400+ pax at Rs. 10k+ pp or flagship hotels. Re-check guest count and category.
Synthetic Venue & Res. Halls,Venue & Res. Halls,Budget package,84,1,1,0,144259,3.9,0,1,budget,144259,50,350,25000,499999,"Look for per-person packages under Rs. 5,000 or flat vendors under Rs. 500k. Reduce guest count or pick a suburban district."
Synthetic Jewellary,Jewellary,Budget package,260,7,2,0,414001,4.2,0,3,budget,414001,50,350,25000,499999,"Look for per-person packages under Rs. 5,000 or flat vendors under Rs. 500k. Reduce guest count or pick a suburban district."
Saman Villas,Venue & Res. Halls,Wedding package,150,1,2,0,2500000,4.8,0,1,premium,2500000,150,600,2000000,5999999,"Premium tier needs Colombo metro or top-rated vendors. If over budget, drop spotlight vendors or reduce pax."
Synthetic Cakes,Cakes,Mid package,108,8,1,0,540293,4.3,0,5,mid,540293,100,450,500000,1999999,You are between budget and premium. Compare 2–3 venue quotes. Keep guest count near 150–250 for mid-range halls.
Synthetic Bridal Service,Bridal Service,Mid package,405,5,1,0,781150,4.4,0,4,mid,781150,100,450,500000,1999999,You are between budget and premium. Compare 2–3 venue quotes. Keep guest count near 150–250 for mid-range halls.
Synthetic Venue & Res. Halls,Venue & Res. Halls,Luxury package,723,1,2,1,15517,3.8,1,3,luxury,11218791,200,800,6000000,15000000,Luxury predictions usually mean 400+ pax at Rs. 10k+ pp or flagship hotels. Re-check guest count and category.
Synthetic Cakes,Cakes,Budget package,324,8,1,0,323091,4.4,0,3,budget,323091,50,350,25000,499999,"Look for per-person packages under Rs. 5,000 or flat vendors under Rs. 500k. Reduce guest count or pick a suburban district."
Synthetic Photography & Videography,Photography & Videography,Premium package,168,3,1,0,5224306,4.0,0,2,premium,5224306,150,600,2000000,5999999,"Premium tier needs Colombo metro or top-rated vendors. If over budget, drop spotlight vendors or reduce pax."
Synthetic Groom service,Groom service,Premium package,158,6,1,0,2256132,4.8,1,4,premium,2256132,150,600,2000000,5999999,"Premium tier needs Colombo metro or top-rated vendors. If over budget, drop spotlight vendors or reduce pax."
Synthetic Caters,Caters,Luxury package,387,2,1,0,6252183,4.9,0,2,luxury,6252183,200,800,6000000,15000000,Luxury predictions usually mean 400+ pax at Rs. 10k+ pp or flagship hotels. Re-check guest count and category.
Synthetic Floral & Deco,Floral & Deco,Mid package,144,4,2,0,590911,4.6,0,1,mid,590911,100,450,500000,1999999,You are between budget and premium. Compare 2–3 venue quotes. Keep guest count near 150–250 for mid-range halls.
Studio 90,Photography & Videography,Wedding-day coverage,200,3,3,0,105000,4.7,0,1,budget,105000,50,350,25000,499999,"Look for per-person packages under Rs. 5,000 or flat vendors under Rs. 500k. Reduce guest count or pick a suburban district."
Synthetic Groom service,Groom service,Premium package,274,6,1,0,2181317,4.7,1,3,premium,2181317,150,600,2000000,5999999,"Premium tier needs Colombo metro or top-rated vendors. If over budget, drop spotlight vendors or reduce pax."
Artsy Romance,Photography & Videography,All-in-One Platinum II,200,3,3,0,240000,4.6,0,1,budget,240000,50,350,25000,499999,"Look for per-person packages under Rs. 5,000 or flat vendors under Rs. 500k. Reduce guest count or pick a suburban district."
Synthetic Cakes,Cakes,Mid package,127,8,3,0,781609,4.1,0,4,mid,781609,100,450,500000,1999999,You are between budget and premium. Compare 2–3 venue quotes. Keep guest count near 150–250 for mid-range halls.
Grand Mondo Luxury Banquets,Venue & Res. Halls,All Inclusive Wedding Package,150,1,3,0,380000,4.7,1,3,budget,380000,50,350,25000,499999,"Look for per-person packages under Rs. 5,000 or flat vendors under Rs. 500k. Reduce guest count or pick a suburban district."
Synthetic Venue & Res. Halls,Venue & Res. Halls,Luxury package,372,1,3,0,11092396,4.1,0,3,luxury,11092396,200,800,6000000,15000000,Luxury predictions usually mean 400+ pax at Rs. 10k+ pp or flagship hotels. Re-check guest count and category.
Synthetic Venue & Res. Halls,Venue & Res. Halls,Premium package,268,1,1,1,9365,4.3,1,2,premium,2509820,150,600,2000000,5999999,"Premium tier needs Colombo metro or top-rated vendors. If over budget, drop spotlight vendors or reduce pax."
Synthetic Photography & Videography,Photography & Videography,Mid package,117,3,1,0,985398,4.0,0,1,mid,985398,100,450,500000,1999999,You are between budget and premium. Compare 2–3 venue quotes. Keep guest count near 150–250 for mid-range halls.
Synthetic Jewellary,Jewellary,Premium package,188,7,2,0,4777522,4.0,1,3,premium,4777522,150,600,2000000,5999999,"Premium tier needs Colombo metro or top-rated vendors. If over budget, drop spotlight vendors or reduce pax."
Synthetic Bridal Service,Bridal Service,Luxury package,640,5,1,0,10413392,4.3,0,4,luxury,10413392,200,800,6000000,15000000,Luxury predictions usually mean 400+ pax at Rs. 10k+ pp or flagship hotels. Re-check guest count and category.
Synthetic Groom service,Groom service,Premium package,376,6,2,0,4708474,4.7,0,5,premium,4708474,150,600,2000000,5999999,"Premium tier needs Colombo metro or top-rated vendors. If over budget, drop spotlight vendors or reduce pax."
Synthetic Jewellary,Jewellary,Premium package,425,7,1,0,5074101,4.2,0,4,premium,5074101,150,600,2000000,5999999,"Premium tier needs Colombo metro or top-rated vendors. If over budget, drop spotlight vendors or reduce pax."
Synthetic Groom service,Groom service,Luxury package,587,6,2,0,6407092,4.8,0,4,luxury,6407092,200,800,6000000,15000000,Luxury predictions usually mean 400+ pax at Rs. 10k+ pp or flagship hotels. Re-check guest count and category.
Synthetic Cakes,Cakes,Luxury package,500,8,2,0,7105619,4.3,1,5,luxury,7105619,200,800,6000000,15000000,Luxury predictions usually mean 400+ pax at Rs. 10k+ pp or flagship hotels. Re-check guest count and category.
Synthetic Caters,Caters,Budget package,50,2,2,0,302209,3.8,0,2,budget,302209,50,350,25000,499999,"Look for per-person packages under Rs. 5,000 or flat vendors under Rs. 500k. Reduce guest count or pick a suburban district."
Synthetic Cakes,Cakes,Budget package,192,8,1,0,143182,3.9,0,5,budget,143182,50,350,25000,499999,"Look for per-person packages under Rs. 5,000 or flat vendors under Rs. 500k. Reduce guest count or pick a suburban district."
Synthetic Venue & Res. Halls,Venue & Res. Halls,Premium package,582,1,2,1,10416,4.6,1,1,premium,6062112,150,600,2000000,5999999,"Premium tier needs Colombo metro or top-rated vendors. If over budget, drop spotlight vendors or reduce pax."
DI Photography,Photography & Videography,Videography wedding ceremony 1 cam,200,3,3,0,40000,4.6,0,1,budget,40000,50,350,25000,499999,"Look for per-person packages under Rs. 5,000 or flat vendors under Rs. 500k. Reduce guest count or pick a suburban district."
Synthetic Photography & Videography,Photography & Videography,Premium package,311,3,3,0,2644487,4.1,0,3,premium,2644487,150,600,2000000,5999999,"Premium tier needs Colombo metro or top-rated vendors. If over budget, drop spotlight vendors or reduce pax."
Synthetic Bridal Service,Bridal Service,Premium package,259,5,2,0,2556751,4.6,1,4,premium,2556751,150,600,2000000,5999999,"Premium tier needs Colombo metro or top-rated vendors. If over budget, drop spotlight vendors or reduce pax."
Synthetic Bridal Service,Bridal Service,Luxury package,281,5,1,0,8532115,4.6,1,4,luxury,8532115,200,800,6000000,15000000,Luxury predictions usually mean 400+ pax at Rs. 10k+ pp or flagship hotels. Re-check guest count and category.
Synthetic Caters,Caters,Mid package,117,2,3,1,7556,4.5,0,3,mid,884052,100,450,500000,1999999,You are between budget and premium. Compare 2–3 venue quotes. Keep guest count near 150–250 for mid-range halls.
Studio Cloudy,Photography & Videography,Pre-shoot / engagement,200,3,3,0,45000,4.8,1,1,budget,45000,50,350,25000,499999,"Look for per-person packages under Rs. 5,000 or flat vendors under Rs. 500k. Reduce guest count or pick a suburban district."
Synthetic Jewellary,Jewellary,Premium package,222,7,1,0,2663762,4.2,0,3,premium,2663762,150,600,2000000,5999999,"Premium tier needs Colombo metro or top-rated vendors. If over budget, drop spotlight vendors or reduce pax."
Synthetic Groom service,Groom service,Premium package,385,6,3,0,3400232,4.5,1,1,premium,3400232,150,600,2000000,5999999,"Premium tier needs Colombo metro or top-rated vendors. If over budget, drop spotlight vendors or reduce pax."
Synthetic Cakes,Cakes,Premium package,399,8,3,0,2411178,4.1,0,5,premium,2411178,150,600,2000000,5999999,"Premium tier needs Colombo metro or top-rated vendors. If over budget, drop spotlight vendors or reduce pax."
Synthetic Photography & Videography,Photography & Videography,Luxury package,359,3,2,0,11094393,4.3,0,1,luxury,11094393,200,800,6000000,15000000,Luxury predictions usually mean 400+ pax at Rs. 10k+ pp or flagship hotels. Re-check guest count and category.
Synthetic Bridal Service,Bridal Service,Mid package,274,5,3,0,1177268,4.5,0,4,mid,1177268,100,450,500000,1999999,You are between budget and premium. Compare 2–3 venue quotes. Keep guest count near 150–250 for mid-range halls.
Synthetic Bridal Service,Bridal Service,Budget package,103,5,2,0,237825,4.4,0,2,budget,237825,50,350,25000,499999,"Look for per-person packages under Rs. 5,000 or flat vendors under Rs. 500k. Reduce guest count or pick a suburban district."
Synthetic Jewellary,Jewellary,Mid package,164,7,1,0,1635211,3.8,0,2,mid,1635211,100,450,500000,1999999,You are between budget and premium. Compare 2–3 venue quotes. Keep guest count near 150–250 for mid-range halls.
Synthetic Groom service,Groom service,Premium package,298,6,2,0,3543646,4.5,1,2,premium,3543646,150,600,2000000,5999999,"Premium tier needs Colombo metro or top-rated vendors. If over budget, drop spotlight vendors or reduce pax."
Synthetic Venue & Res. Halls,Venue & Res. Halls,Premium package,407,1,1,1,12012,4.1,0,1,premium,4888884,150,600,2000000,5999999,"Premium tier needs Colombo metro or top-rated vendors. If over budget, drop spotlight vendors or reduce pax."
Synthetic Venue & Res. Halls,Venue & Res. Halls,Mid package,140,1,2,1,8517,4.7,0,5,mid,1192380,100,450,500000,1999999,You are between budget and premium. Compare 2–3 venue quotes. Keep guest count near 150–250 for mid-range halls.
Synthetic Caters,Caters,Mid package,389,2,3,1,5571,4.8,0,3,mid,2167119,100,450,500000,1999999,You are between budget and premium. Compare 2–3 venue quotes. Keep guest count near 150–250 for mid-range halls.
Synthetic Cakes,Cakes,Mid package,182,8,3,0,1147311,4.8,0,2,mid,1147311,100,450,500000,1999999,You are between budget and premium. Compare 2–3 venue quotes. Keep guest count near 150–250 for mid-range halls.
Synthetic Jewellary,Jewellary,Budget package,108,7,2,0,90573,3.8,0,3,budget,90573,50,350,25000,499999,"Look for per-person packages under Rs. 5,000 or flat vendors under Rs. 500k. Reduce guest count or pick a suburban district."
Synthetic Floral & Deco,Floral & Deco,Mid package,285,4,3,0,1071751,4.1,0,5,mid,1071751,100,450,500000,1999999,You are between budget and premium. Compare 2–3 venue quotes. Keep guest count near 150–250 for mid-range halls.
Synthetic Photography & Videography,Photography & Videography,Luxury package,260,3,3,0,10316432,4.1,0,3,luxury,10316432,200,800,6000000,15000000,Luxury predictions usually mean 400+ pax at Rs. 10k+ pp or flagship hotels. Re-check guest count and category.
Synthetic Jewellary,Jewellary,Luxury package,683,7,2,0,8535102,4.2,1,5,luxury,8535102,200,800,6000000,15000000,Luxury predictions usually mean 400+ pax at Rs. 10k+ pp or flagship hotels. Re-check guest count and category.
Synthetic Photography & Videography,Photography & Videography,Premium package,295,3,2,0,4582500,4.1,1,1,premium,4582500,150,600,2000000,5999999,"Premium tier needs Colombo metro or top-rated vendors. If over budget, drop spotlight vendors or reduce pax."
Synthetic Venue & Res. Halls,Venue & Res. Halls,Premium package,563,1,2,1,13319,3.9,0,5,premium,7498597,150,600,2000000,5999999,"Premium tier needs Colombo metro or top-rated vendors. If over budget, drop spotlight vendors or reduce pax."
Synthetic Venue & Res. Halls,Venue & Res. Halls,Premium package,336,1,3,1,11061,4.8,1,5,premium,3716496,150,600,2000000,5999999,"Premium tier needs Colombo metro or top-rated vendors. If over budget, drop spotlight vendors or reduce pax."
Synthetic Cakes,Cakes,Luxury package,239,8,1,0,9208811,4.1,1,5,luxury,9208811,200,800,6000000,15000000,Luxury predictions usually mean 400+ pax at Rs. 10k+ pp or flagship hotels. Re-check guest count and category.
Synthetic Floral & Deco,Floral & Deco,Mid package,158,4,2,0,677662,4.7,0,2,mid,677662,100,450,500000,1999999,You are between budget and premium. Compare 2–3 venue quotes. Keep guest count near 150–250 for mid-range halls.
Synthetic Caters,Caters,Premium package,596,2,3,1,9648,4.2,1,3,premium,5750208,150,600,2000000,5999999,"Premium tier needs Colombo metro or top-rated vendors. If over budget, drop spotlight vendors or reduce pax."
Synthetic Jewellary,Jewellary,Premium package,325,7,2,0,5261281,3.9,1,3,premium,5261281,150,600,2000000,5999999,"Premium tier needs Colombo metro or top-rated vendors. If over budget, drop spotlight vendors or reduce pax."
Hair Avenue,Bridal Service,Bridesmaid Platinum,120,5,3,0,20000,4.6,1,1,budget,20000,50,350,25000,499999,"Look for per-person packages under Rs. 5,000 or flat vendors under Rs. 500k. Reduce guest count or pick a suburban district."
Synthetic Bridal Service,Bridal Service,Luxury package,743,5,1,0,8220298,4.4,0,2,luxury,8220298,200,800,6000000,15000000,Luxury predictions usually mean 400+ pax at Rs. 10k+ pp or flagship hotels. Re-check guest count and category.
Synthetic Floral & Deco,Floral & Deco,Mid package,238,4,2,0,1478027,4.1,0,2,mid,1478027,100,450,500000,1999999,You are between budget and premium. Compare 2–3 venue quotes. Keep guest count near 150–250 for mid-range halls.
Synthetic Groom service,Groom service,Premium package,589,6,1,0,3544254,4.6,0,4,premium,3544254,150,600,2000000,5999999,"Premium tier needs Colombo metro or top-rated vendors. If over budget, drop spotlight vendors or reduce pax."
Synthetic Photography & Videography,Photography & Videography,Premium package,583,3,2,0,3719562,4.7,0,2,premium,3719562,150,600,2000000,5999999,"Premium tier needs Colombo metro or top-rated vendors. If over budget, drop spotlight vendors or reduce pax."
Synthetic Jewellary,Jewellary,Mid package,278,7,2,0,941632,4.3,0,3,mid,941632,100,450,500000,1999999,You are between budget and premium. Compare 2–3 venue quotes. Keep guest count near 150–250 for mid-range halls.
Synthetic Caters,Caters,Mid package,223,2,1,1,7656,4.6,0,4,mid,1707288,100,450,500000,1999999,You are between budget and premium. Compare 2–3 venue quotes. Keep guest count near 150–250 for mid-range halls.
Synthetic Floral & Deco,Floral & Deco,Premium package,234,4,3,0,4489069,4.1,1,2,premium,4489069,150,600,2000000,5999999,"Premium tier needs Colombo metro or top-rated vendors. If over budget, drop spotlight vendors or reduce pax."
Synthetic Floral & Deco,Floral & Deco,Premium package,260,4,2,0,2678274,4.8,0,1,premium,2678274,150,600,2000000,5999999,"Premium tier needs Colombo metro or top-rated vendors. If over budget, drop spotlight vendors or reduce pax."
Synthetic Caters,Caters,Luxury package,562,2,2,1,15493,4.6,0,5,luxury,8707066,200,800,6000000,15000000,Luxury predictions usually mean 400+ pax at Rs. 10k+ pp or flagship hotels. Re-check guest count and category.
Synthetic Cakes,Cakes,Premium package,266,8,1,0,2595435,4.0,0,2,premium,2595435,150,600,2000000,5999999,"Premium tier needs Colombo metro or top-rated vendors. If over budget, drop spotlight vendors or reduce pax."
Synthetic Photography & Videography,Photography & Videography,Mid package,133,3,1,0,689581,4.7,0,2,mid,689581,100,450,500000,1999999,You are between budget and premium. Compare 2–3 venue quotes. Keep guest count near 150–250 for mid-range halls.
Synthetic Bridal Service,Bridal Service,Luxury package,409,5,2,0,11215246,4.4,1,5,luxury,11215246,200,800,6000000,15000000,Luxury predictions usually mean 400+ pax at Rs. 10k+ pp or flagship hotels. Re-check guest count and category.
Synthetic Photography & Videography,Photography & Videography,Mid package,262,3,1,0,826108,4.1,0,4,mid,826108,100,450,500000,1999999,You are between budget and premium. Compare 2–3 venue quotes. Keep guest count near 150–250 for mid-range halls.
Synthetic Venue & Res. Halls,Venue & Res. Halls,Mid package,212,1,2,1,8046,4.4,0,3,mid,1705752,100,450,500000,1999999,You are between budget and premium. Compare 2–3 venue quotes. Keep guest count near 150–250 for mid-range halls.
Synthetic Bridal Service,Bridal Service,Mid package,125,5,2,0,612724,4.2,0,3,mid,612724,100,450,500000,1999999,You are between budget and premium. Compare 2–3 venue quotes. Keep guest count near 150–250 for mid-range halls.
Synthetic Venue & Res. Halls,Venue & Res. Halls,Budget package,195,1,3,1,4019,4.4,0,5,budget,783705,50,350,25000,499999,"Look for per-person packages under Rs. 5,000 or flat vendors under Rs. 500k. Reduce guest count or pick a suburban district."
Synthetic Bridal Service,Bridal Service,Budget package,92,5,2,0,310702,3.9,0,4,budget,310702,50,350,25000,499999,"Look for per-person packages under Rs. 5,000 or flat vendors under Rs. 500k. Reduce guest count or pick a suburban district."
Warmly Weddings,Photography & Videography,Bronze Wedding Package,200,3,3,0,150000,4.6,0,1,budget,150000,50,350,25000,499999,"Look for per-person packages under Rs. 5,000 or flat vendors under Rs. 500k. Reduce guest count or pick a suburban district."
Synthetic Jewellary,Jewellary,Luxury package,434,7,1,0,9027991,4.7,0,4,luxury,9027991,200,800,6000000,15000000,Luxury predictions usually mean 400+ pax at Rs. 10k+ pp or flagship hotels. Re-check guest count and category.
Synthetic Groom service,Groom service,Budget package,235,6,2,0,132633,4.0,0,1,budget,132633,50,350,25000,499999,"Look for per-person packages under Rs. 5,000 or flat vendors under Rs. 500k. Reduce guest count or pick a suburban district."
Synthetic Bridal Service,Bridal Service,Budget package,253,5,3,0,359725,4.8,0,2,budget,359725,50,350,25000,499999,"Look for per-person packages under Rs. 5,000 or flat vendors under Rs. 500k. Reduce guest count or pick a suburban district."
Colombo Jewellery Stores,Jewellary,Wedding package,120,7,3,0,80000,4.6,0,1,budget,80000,50,350,25000,499999,"Look for per-person packages under Rs. 5,000 or flat vendors under Rs. 500k. Reduce guest count or pick a suburban district."
Synthetic Groom service,Groom service,Premium package,302,6,2,0,2776832,4.5,1,2,premium,2776832,150,600,2000000,5999999,"Premium tier needs Colombo metro or top-rated vendors. If over budget, drop spotlight vendors or reduce pax."
Synthetic Caters,Caters,Luxury package,736,2,3,1,13231,4.1,1,3,luxury,9738016,200,800,6000000,15000000,Luxury predictions usually mean 400+ pax at Rs. 10k+ pp or flagship hotels. Re-check guest count and category.
Synthetic Bridal Service,Bridal Service,Premium package,164,5,2,0,3109645,4.5,1,1,premium,3109645,150,600,2000000,5999999,"Premium tier needs Colombo metro or top-rated vendors. If over budget, drop spotlight vendors or reduce pax."
Synthetic Bridal Service,Bridal Service,Premium package,160,5,1,0,2950037,4.4,0,2,premium,2950037,150,600,2000000,5999999,"Premium tier needs Colombo metro or top-rated vendors. If over budget, drop spotlight vendors or reduce pax."
Synthetic Photography & Videography,Photography & Videography,Mid package,258,3,2,0,1356379,4.3,0,2,mid,1356379,100,450,500000,1999999,You are between budget and premium. Compare 2–3 venue quotes. Keep guest count near 150–250 for mid-range halls.
Kalana Ashan Photography,Photography & Videography,Lite Wedding Package,200,3,3,0,160000,4.6,0,2,budget,160000,50,350,25000,499999,"Look for per-person packages under Rs. 5,000 or flat vendors under Rs. 500k. Reduce guest count or pick a suburban district."
Synthetic Cakes,Cakes,Premium package,156,8,1,0,2631090,4.4,1,4,premium,2631090,150,600,2000000,5999999,"Premium tier needs Colombo metro or top-rated vendors. If over budget, drop spotlight vendors or reduce pax."
Synthetic Floral & Deco,Floral & Deco,Mid package,307,4,1,0,1575673,4.6,0,5,mid,1575673,100,450,500000,1999999,You are between budget and premium. Compare 2–3 venue quotes. Keep guest count near 150–250 for mid-range halls.
Synthetic Venue & Res. Halls,Venue & Res. Halls,Premium package,152,1,3,1,13639,4.8,0,4,premium,2073128,150,600,2000000,5999999,"Premium tier needs Colombo metro or top-rated vendors. If over budget, drop spotlight vendors or reduce pax."
Synthetic Groom service,Groom service,Luxury package,592,6,2,0,8934896,4.2,0,2,luxury,8934896,200,800,6000000,15000000,Luxury predictions usually mean 400+ pax at Rs. 10k+ pp or flagship hotels. Re-check guest count and category.
Synthetic Jewellary,Jewellary,Budget package,89,7,1,0,193970,4.8,0,1,budget,193970,50,350,25000,499999,"Look for per-person packages under Rs. 5,000 or flat vendors under Rs. 500k. Reduce guest count or pick a suburban district."
Artsy Romance,Photography & Videography,Pre-shoot Silver,200,3,3,0,45000,4.6,0,1,budget,45000,50,350,25000,499999,"Look for per-person packages under Rs. 5,000 or flat vendors under Rs. 500k. Reduce guest count or pick a suburban district."
Synthetic Venue & Res. Halls,Venue & Res. Halls,Luxury package,235,1,3,1,13048,4.2,1,3,luxury,3066280,200,800,6000000,15000000,Luxury predictions usually mean 400+ pax at Rs. 10k+ pp or flagship hotels. Re-check guest count and category.
Synthetic Cakes,Cakes,Mid package,138,8,1,0,1602187,4.7,0,1,mid,1602187,100,450,500000,1999999,You are between budget and premium. Compare 2–3 venue quotes. Keep guest count near 150–250 for mid-range halls.
Synthetic Photography & Videography,Photography & Videography,Luxury package,356,3,2,0,11257362,4.6,1,5,luxury,11257362,200,800,6000000,15000000,Luxury predictions usually mean 400+ pax at Rs. 10k+ pp or flagship hotels. Re-check guest count and category.
Synthetic Photography & Videography,Photography & Videography,Premium package,408,3,2,0,4362244,4.5,1,1,premium,4362244,150,600,2000000,5999999,"Premium tier needs Colombo metro or top-rated vendors. If over budget, drop spotlight vendors or reduce pax."
Synthetic Bridal Service,Bridal Service,Mid package,120,5,3,0,1415715,4.4,0,4,mid,1415715,100,450,500000,1999999,You are between budget and premium. Compare 2–3 venue quotes. Keep guest count near 150–250 for mid-range halls.
Synthetic Groom service,Groom service,Luxury package,349,6,2,0,7790243,4.7,0,5,luxury,7790243,200,800,6000000,15000000,Luxury predictions usually mean 400+ pax at Rs. 10k+ pp or flagship hotels. Re-check guest count and category.
Synthetic Venue & Res. Halls,Venue & Res. Halls,Mid package,162,1,2,1,5719,3.9,0,1,mid,926478,100,450,500000,1999999,You are between budget and premium. Compare 2–3 venue quotes. Keep guest count near 150–250 for mid-range halls.
Salon Citrine,Bridal Service,Wedding package,120,5,3,0,35000,4.5,0,1,budget,35000,50,350,25000,499999,"Look for per-person packages under Rs. 5,000 or flat vendors under Rs. 500k. Reduce guest count or pick a suburban district."
Synthetic Groom service,Groom service,Mid package,239,6,2,0,1139093,4.1,0,1,mid,1139093,100,450,500000,1999999,You are between budget and premium. Compare 2–3 venue quotes. Keep guest count near 150–250 for mid-range halls.
Synthetic Cakes,Cakes,Budget package,233,8,2,0,251051,4.2,0,3,budget,251051,50,350,25000,499999,"Look for per-person packages under Rs. 5,000 or flat vendors under Rs. 500k. Reduce guest count or pick a suburban district."
Synthetic Bridal Service,Bridal Service,Mid package,243,5,2,0,1334928,4.7,0,3,mid,1334928,100,450,500000,1999999,You are between budget and premium. Compare 2–3 venue quotes. Keep guest count near 150–250 for mid-range halls.
Synthetic Venue & Res. Halls,Venue & Res. Halls,Mid package,343,1,3,1,8196,3.9,0,4,mid,2811228,100,450,500000,1999999,You are between budget and premium. Compare 2–3 venue quotes. Keep guest count near 150–250 for mid-range halls.
Synthetic Venue & Res. Halls,Venue & Res. Halls,Luxury package,625,1,2,1,19966,4.1,0,2,luxury,12478750,200,800,6000000,15000000,Luxury predictions usually mean 400+ pax at Rs. 10k+ pp or flagship hotels. Re-check guest count and category.
Synthetic Groom service,Groom service,Luxury package,265,6,2,0,9431765,4.9,0,5,luxury,9431765,200,800,6000000,15000000,Luxury predictions usually mean 400+ pax at Rs. 10k+ pp or flagship hotels. Re-check guest count and category.
Synthetic Caters,Caters,Mid package,417,2,2,0,1798477,4.7,0,2,mid,1798477,100,450,500000,1999999,You are between budget and premium. Compare 2–3 venue quotes. Keep guest count near 150–250 for mid-range halls.
Synthetic Bridal Service,Bridal Service,Budget package,186,5,2,0,178652,4.9,0,1,budget,178652,50,350,25000,499999,"Look for per-person packages under Rs. 5,000 or flat vendors under Rs. 500k. Reduce guest count or pick a suburban district."
Synthetic Venue & Res. Halls,Venue & Res. Halls,Premium package,552,1,1,0,3485177,4.0,0,4,premium,3485177,150,600,2000000,5999999,"Premium tier needs Colombo metro or top-rated vendors. If over budget, drop spotlight vendors or reduce pax."
Synthetic Bridal Service,Bridal Service,Mid package,446,5,2,0,1230611,3.9,0,3,mid,1230611,100,450,500000,1999999,You are between budget and premium. Compare 2–3 venue quotes. Keep guest count near 150–250 for mid-range halls.
Synthetic Caters,Caters,Luxury package,357,2,2,1,13948,4.7,1,5,luxury,4979436,200,800,6000000,15000000,Luxury predictions usually mean 400+ pax at Rs. 10k+ pp or flagship hotels. Re-check guest count and category.
Synthetic Caters,Caters,Mid package,128,2,2,0,1057733,4.5,0,2,mid,1057733,100,450,500000,1999999,You are between budget and premium. Compare 2–3 venue quotes. Keep guest count near 150–250 for mid-range halls.
Brides Mark,Bridal Service,Silver Package (offer),120,5,2,0,147000,4.6,1,1,budget,147000,50,350,25000,499999,"Look for per-person packages under Rs. 5,000 or flat vendors under Rs. 500k. Reduce guest count or pick a suburban district."
Synthetic Venue & Res. Halls,Venue & Res. Halls,Budget package,317,1,2,1,5232,4.0,0,4,budget,1658544,50,350,25000,499999,"Look for per-person packages under Rs. 5,000 or flat vendors under Rs. 500k. Reduce guest count or pick a suburban district."
Synthetic Floral & Deco,Floral & Deco,Luxury package,449,4,2,0,10108991,4.7,1,3,luxury,10108991,200,800,6000000,15000000,Luxury predictions usually mean 400+ pax at Rs. 10k+ pp or flagship hotels. Re-check guest count and category.
Synthetic Cakes,Cakes,Mid package,176,8,1,0,1187751,4.2,0,2,mid,1187751,100,450,500000,1999999,You are between budget and premium. Compare 2–3 venue quotes. Keep guest count near 150–250 for mid-range halls.
Synthetic Cakes,Cakes,Mid package,408,8,2,0,851444,4.4,0,1,mid,851444,100,450,500000,1999999,You are between budget and premium. Compare 2–3 venue quotes. Keep guest count near 150–250 for mid-range halls.
Synthetic Floral & Deco,Floral & Deco,Luxury package,328,4,3,0,6854327,4.7,0,1,luxury,6854327,200,800,6000000,15000000,Luxury predictions usually mean 400+ pax at Rs. 10k+ pp or flagship hotels. Re-check guest count and category.
Clover Banquets & Resorts,Venue & Res. Halls,Bites and live stations,150,1,2,1,100,4.7,1,2,budget,15000,50,350,25000,499999,"Look for per-person packages under Rs. 5,000 or flat vendors under Rs. 500k. Reduce guest count or pick a suburban district."
Synthetic Photography & Videography,Photography & Videography,Mid package,267,3,3,0,1390779,4.5,0,5,mid,1390779,100,450,500000,1999999,You are between budget and premium. Compare 2–3 venue quotes. Keep guest count near 150–250 for mid-range halls.
Synthetic Bridal Service,Bridal Service,Luxury package,400,5,2,0,8183080,4.0,0,2,luxury,8183080,200,800,6000000,15000000,Luxury predictions usually mean 400+ pax at Rs. 10k+ pp or flagship hotels. Re-check guest count and category.
Synthetic Cakes,Cakes,Luxury package,620,8,3,0,6243650,4.0,0,5,luxury,6243650,200,800,6000000,15000000,Luxury predictions usually mean 400+ pax at Rs. 10k+ pp or flagship hotels. Re-check guest count and category.
Synthetic Jewellary,Jewellary,Mid package,127,7,3,0,1299157,4.5,0,5,mid,1299157,100,450,500000,1999999,You are between budget and premium. Compare 2–3 venue quotes. Keep guest count near 150–250 for mid-range halls.
Synthetic Photography & Videography,Photography & Videography,Budget package,96,3,2,0,47443,3.9,0,3,budget,47443,50,350,25000,499999,"Look for per-person packages under Rs. 5,000 or flat vendors under Rs. 500k. Reduce guest count or pick a suburban district."
Synthetic Jewellary,Jewellary,Premium package,519,7,1,0,4757509,4.5,0,5,premium,4757509,150,600,2000000,5999999,"Premium tier needs Colombo metro or top-rated vendors. If over budget, drop spotlight vendors or reduce pax."
Synthetic Groom service,Groom service,Premium package,399,6,2,0,2569624,4.1,0,5,premium,2569624,150,600,2000000,5999999,"Premium tier needs Colombo metro or top-rated vendors. If over budget, drop spotlight vendors or reduce pax."
Everluxe Stories Photography,Photography & Videography,One Day Wedding without Pre-shoot 02,200,3,3,0,100000,4.7,1,1,budget,100000,50,350,25000,499999,"Look for per-person packages under Rs. 5,000 or flat vendors under Rs. 500k. Reduce guest count or pick a suburban district."
Synthetic Floral & Deco,Floral & Deco,Budget package,105,4,2,0,302491,3.9,0,3,budget,302491,50,350,25000,499999,"Look for per-person packages under Rs. 5,000 or flat vendors under Rs. 500k. Reduce guest count or pick a suburban district."
Synthetic Floral & Deco,Floral & Deco,Budget package,120,4,2,0,393789,4.5,0,5,budget,393789,50,350,25000,499999,"Look for per-person packages under Rs. 5,000 or flat vendors under Rs. 500k. Reduce guest count or pick a suburban district."
Synthetic Bridal Service,Bridal Service,Premium package,493,5,3,0,5248835,4.8,0,3,premium,5248835,150,600,2000000,5999999,"Premium tier needs Colombo metro or top-rated vendors. If over budget, drop spotlight vendors or reduce pax."
Synthetic Venue & Res. Halls,Venue & Res. Halls,Premium package,361,1,1,1,10620,4.2,0,3,premium,3833820,150,600,2000000,5999999,"Premium tier needs Colombo metro or top-rated vendors. If over budget, drop spotlight vendors or reduce pax."
Synthetic Photography & Videography,Photography & Videography,Luxury package,236,3,1,0,9665338,3.9,1,2,luxury,9665338,200,800,6000000,15000000,Luxury predictions usually mean 400+ pax at Rs. 10k+ pp or flagship hotels. Re-check guest count and category.
Synthetic Photography & Videography,Photography & Videography,Mid package,337,3,2,0,1533801,4.0,0,2,mid,1533801,100,450,500000,1999999,You are between budget and premium. Compare 2–3 venue quotes. Keep guest count near 150–250 for mid-range halls.
Synthetic Bridal Service,Bridal Service,Luxury package,593,5,2,0,10549534,4.3,0,4,luxury,10549534,200,800,6000000,15000000,Luxury predictions usually mean 400+ pax at Rs. 10k+ pp or flagship hotels. Re-check guest count and category.
Synthetic Cakes,Cakes,Luxury package,700,8,2,0,6057978,4.6,1,5,luxury,6057978,200,800,6000000,15000000,Luxury predictions usually mean 400+ pax at Rs. 10k+ pp or flagship hotels. Re-check guest count and category.
Synthetic Jewellary,Jewellary,Mid package,376,7,3,0,1457480,4.1,0,4,mid,1457480,100,450,500000,1999999,You are between budget and premium. Compare 2–3 venue quotes. Keep guest count near 150–250 for mid-range halls.
Synthetic Jewellary,Jewellary,Mid package,228,7,1,0,1282755,4.8,0,2,mid,1282755,100,450,500000,1999999,You are between budget and premium. Compare 2–3 venue quotes. Keep guest count near 150–250 for mid-range halls.
Pixgeek,Photography & Videography,Pre-shoot / engagement,200,3,3,0,30000,4.6,0,1,budget,30000,50,350,25000,499999,"Look for per-person packages under Rs. 5,000 or flat vendors under Rs. 500k. Reduce guest count or pick a suburban district."
Synthetic Jewellary,Jewellary,Mid package,316,7,2,0,1171546,4.6,0,2,mid,1171546,100,450,500000,1999999,You are between budget and premium. Compare 2–3 venue quotes. Keep guest count near 150–250 for mid-range halls.
Synthetic Cakes,Cakes,Luxury package,331,8,1,0,11181600,4.7,0,5,luxury,11181600,200,800,6000000,15000000,Luxury predictions usually mean 400+ pax at Rs. 10k+ pp or flagship hotels. Re-check guest count and category.
Synthetic Venue & Res. Halls,Venue & Res. Halls,Budget package,245,1,1,1,4734,3.8,0,1,budget,1159830,50,350,25000,499999,"Look for per-person packages under Rs. 5,000 or flat vendors under Rs. 500k. Reduce guest count or pick a suburban district."
Synthetic Photography & Videography,Photography & Videography,Budget package,241,3,2,0,427060,4.0,0,2,budget,427060,50,350,25000,499999,"Look for per-person packages under Rs. 5,000 or flat vendors under Rs. 500k. Reduce guest count or pick a suburban district."
Synthetic Bridal Service,Bridal Service,Luxury package,344,5,1,0,11734915,4.3,0,4,luxury,11734915,200,800,6000000,15000000,Luxury predictions usually mean 400+ pax at Rs. 10k+ pp or flagship hotels. Re-check guest count and category.
Synthetic Jewellary,Jewellary,Premium package,349,7,1,0,3561111,4.8,0,1,premium,3561111,150,600,2000000,5999999,"Premium tier needs Colombo metro or top-rated vendors. If over budget, drop spotlight vendors or reduce pax."
Green Valley Resort,Venue & Res. Halls,"Banquet menu from Rs. 3,550 pp",150,1,3,1,3550,4.4,0,1,mid,532500,100,450,500000,1999999,You are between budget and premium. Compare 2–3 venue quotes. Keep guest count near 150–250 for mid-range halls.
Synthetic Venue & Res. Halls,Venue & Res. Halls,Premium package,362,1,1,1,12342,4.7,0,2,premium,4467804,150,600,2000000,5999999,"Premium tier needs Colombo metro or top-rated vendors. If over budget, drop spotlight vendors or reduce pax."
ITC Ratnadipa,Venue & Res. Halls,Wedding package,150,1,3,0,4000000,4.8,1,1,premium,4000000,150,600,2000000,5999999,"Premium tier needs Colombo metro or top-rated vendors. If over budget, drop spotlight vendors or reduce pax."
Synthetic Floral & Deco,Floral & Deco,Mid package,187,4,2,0,1553393,4.2,0,4,mid,1553393,100,450,500000,1999999,You are between budget and premium. Compare 2–3 venue quotes. Keep guest count near 150–250 for mid-range halls.
Synthetic Bridal Service,Bridal Service,Luxury package,746,5,2,0,11311022,3.9,0,2,luxury,11311022,200,800,6000000,15000000,Luxury predictions usually mean 400+ pax at Rs. 10k+ pp or flagship hotels. Re-check guest count and category.
Synthetic Jewellary,Jewellary,Mid package,219,7,1,0,1479901,4.3,0,4,mid,1479901,100,450,500000,1999999,You are between budget and premium. Compare 2–3 venue quotes. Keep guest count near 150–250 for mid-range halls.
Synthetic Venue & Res. Halls,Venue & Res. Halls,Premium package,152,1,3,1,11618,4.3,1,4,premium,1765936,150,600,2000000,5999999,"Premium tier needs Colombo metro or top-rated vendors. If over budget, drop spotlight vendors or reduce pax."
Synthetic Venue & Res. Halls,Venue & Res. Halls,Premium package,243,1,2,1,13549,4.7,1,1,premium,3292407,150,600,2000000,5999999,"Premium tier needs Colombo metro or top-rated vendors. If over budget, drop spotlight vendors or reduce pax."
Synthetic Bridal Service,Bridal Service,Premium package,282,5,1,0,2878195,4.1,0,5,premium,2878195,150,600,2000000,5999999,"Premium tier needs Colombo metro or top-rated vendors. If over budget, drop spotlight vendors or reduce pax."
Synthetic Photography & Videography,Photography & Videography,Luxury package,281,3,2,0,6230988,4.1,0,5,luxury,6230988,200,800,6000000,15000000,Luxury predictions usually mean 400+ pax at Rs. 10k+ pp or flagship hotels. Re-check guest count and category.
Green Valley Resort,Venue & Res. Halls,Proposed bite menu (net per kg),150,1,3,1,3850,4.4,0,1,mid,577500,100,450,500000,1999999,You are between budget and premium. Compare 2–3 venue quotes. Keep guest count near 150–250 for mid-range halls.
DI Photography,Photography & Videography,Homecoming Silver,200,3,3,0,35000,4.6,0,1,budget,35000,50,350,25000,499999,"Look for per-person packages under Rs. 5,000 or flat vendors under Rs. 500k. Reduce guest count or pick a suburban district."
Synthetic Photography & Videography,Photography & Videography,Budget package,74,3,3,0,224463,4.3,0,3,budget,224463,50,350,25000,499999,"Look for per-person packages under Rs. 5,000 or flat vendors under Rs. 500k. Reduce guest count or pick a suburban district."
Synthetic Venue & Res. Halls,Venue & Res. Halls,Premium package,534,1,2,0,2206203,4.4,0,4,premium,2206203,150,600,2000000,5999999,"Premium tier needs Colombo metro or top-rated vendors. If over budget, drop spotlight vendors or reduce pax."
Synthetic Floral & Deco,Floral & Deco,Premium package,158,4,2,0,2457258,4.5,0,1,premium,2457258,150,600,2000000,5999999,"Premium tier needs Colombo metro or top-rated vendors. If over budget, drop spotlight vendors or reduce pax."
Synthetic Floral & Deco,Floral & Deco,Luxury package,655,4,2,0,6944897,4.8,0,5,luxury,6944897,200,800,6000000,15000000,Luxury predictions usually mean 400+ pax at Rs. 10k+ pp or flagship hotels. Re-check guest count and category.
Synthetic Caters,Caters,Budget package,173,2,1,1,3590,4.1,0,5,budget,621070,50,350,25000,499999,"Look for per-person packages under Rs. 5,000 or flat vendors under Rs. 500k. Reduce guest count or pick a suburban district."
Synthetic Jewellary,Jewellary,Budget package,322,7,3,0,67441,4.7,0,3,budget,67441,50,350,25000,499999,"Look for per-person packages under Rs. 5,000 or flat vendors under Rs. 500k. Reduce guest count or pick a suburban district."
Synthetic Caters,Caters,Budget package,284,2,3,1,3823,4.5,0,1,budget,1085732,50,350,25000,499999,"Look for per-person packages under Rs. 5,000 or flat vendors under Rs. 500k. Reduce guest count or pick a suburban district."
Fab,Caters,Wedding package,150,2,3,0,80000,4.6,1,1,budget,80000,50,350,25000,499999,"Look for per-person packages under Rs. 5,000 or flat vendors under Rs. 500k. Reduce guest count or pick a suburban district."
Synthetic Photography & Videography,Photography & Videography,Mid package,220,3,1,0,607156,4.1,0,5,mid,607156,100,450,500000,1999999,You are between budget and premium. Compare 2–3 venue quotes. Keep guest count near 150–250 for mid-range halls.
Synthetic Photography & Videography,Photography & Videography,Premium package,533,3,1,0,4800273,4.8,0,3,premium,4800273,150,600,2000000,5999999,"Premium tier needs Colombo metro or top-rated vendors. If over budget, drop spotlight vendors or reduce pax."
Synthetic Venue & Res. Halls,Venue & Res. Halls,Luxury package,245,1,2,1,16975,3.8,1,5,luxury,4158875,200,800,6000000,15000000,Luxury predictions usually mean 400+ pax at Rs. 10k+ pp or flagship hotels. Re-check guest count and category.
Shangri-La Colombo,Venue & Res. Halls,Wedding package,150,1,3,0,4000000,4.8,1,1,premium,4000000,150,600,2000000,5999999,"Premium tier needs Colombo metro or top-rated vendors. If over budget, drop spotlight vendors or reduce pax."
Synthetic Bridal Service,Bridal Service,Luxury package,391,5,2,0,8734181,4.5,0,4,luxury,8734181,200,800,6000000,15000000,Luxury predictions usually mean 400+ pax at Rs. 10k+ pp or flagship hotels. Re-check guest count and category.
Studio Wow Images,Photography & Videography,Bronze Package 01,200,3,1,0,95000,4.6,0,1,budget,95000,50,350,25000,499999,"Look for per-person packages under Rs. 5,000 or flat vendors under Rs. 500k. Reduce guest count or pick a suburban district."
Galle Face Hotel,Venue & Res. Halls,Wedding package,150,1,3,0,2000000,4.8,1,1,premium,2000000,150,600,2000000,5999999,"Premium tier needs Colombo metro or top-rated vendors. If over budget, drop spotlight vendors or reduce pax."
Synthetic Jewellary,Jewellary,Premium package,273,7,3,0,2486517,4.6,0,1,premium,2486517,150,600,2000000,5999999,"Premium tier needs Colombo metro or top-rated vendors. If over budget, drop spotlight vendors or reduce pax."
Synthetic Cakes,Cakes,Premium package,384,8,1,0,2362285,4.7,1,1,premium,2362285,150,600,2000000,5999999,"Premium tier needs Colombo metro or top-rated vendors. If over budget, drop spotlight vendors or reduce pax."
Synthetic Photography & Videography,Photography & Videography,Luxury package,269,3,1,0,9435731,4.3,0,3,luxury,9435731,200,800,6000000,15000000,Luxury predictions usually mean 400+ pax at Rs. 10k+ pp or flagship hotels. Re-check guest count and category.
Synthetic Floral & Deco,Floral & Deco,Premium package,587,4,2,0,2845211,4.5,0,4,premium,2845211,150,600,2000000,5999999,"Premium tier needs Colombo metro or top-rated vendors. If over budget, drop spotlight vendors or reduce pax."
Synthetic Cakes,Cakes,Mid package,108,8,1,0,1232580,4.6,0,2,mid,1232580,100,450,500000,1999999,You are between budget and premium. Compare 2–3 venue quotes. Keep guest count near 150–250 for mid-range halls.
Synthetic Caters,Caters,Luxury package,590,2,2,1,21223,3.9,0,5,luxury,12521570,200,800,6000000,15000000,Luxury predictions usually mean 400+ pax at Rs. 10k+ pp or flagship hotels. Re-check guest count and category.
Synthetic Groom service,Groom service,Mid package,184,6,1,0,708439,4.4,0,5,mid,708439,100,450,500000,1999999,You are between budget and premium. Compare 2–3 venue quotes. Keep guest count near 150–250 for mid-range halls.
Perfect Scenario,Photography & Videography,Pre-shoot / engagement,200,3,1,0,30000,4.6,0,1,budget,30000,50,350,25000,499999,"Look for per-person packages under Rs. 5,000 or flat vendors under Rs. 500k. Reduce guest count or pick a suburban district."
Synthetic Bridal Service,Bridal Service,Premium package,154,5,3,0,3003603,4.3,0,1,premium,3003603,150,600,2000000,5999999,"Premium tier needs Colombo metro or top-rated vendors. If over budget, drop spotlight vendors or reduce pax."
Synthetic Venue & Res. Halls,Venue & Res. Halls,Luxury package,263,1,3,1,19152,3.9,1,3,luxury,5036976,200,800,6000000,15000000,Luxury predictions usually mean 400+ pax at Rs. 10k+ pp or flagship hotels. Re-check guest count and category.
Synthetic Floral & Deco,Floral & Deco,Luxury package,357,4,1,0,11841921,4.3,0,5,luxury,11841921,200,800,6000000,15000000,Luxury predictions usually mean 400+ pax at Rs. 10k+ pp or flagship hotels. Re-check guest count and category.
Synthetic Jewellary,Jewellary,Mid package,287,7,1,0,518362,4.5,0,2,mid,518362,100,450,500000,1999999,You are between budget and premium. Compare 2–3 venue quotes. Keep guest count near 150–250 for mid-range halls.
Synthetic Venue & Res. Halls,Venue & Res. Halls,Mid package,174,1,3,1,9061,4.0,0,5,mid,1576614,100,450,500000,1999999,You are between budget and premium. Compare 2–3 venue quotes. Keep guest count near 150–250 for mid-range halls.
Synthetic Venue & Res. Halls,Venue & Res. Halls,Mid package,267,1,2,1,9052,4.0,0,1,mid,2416884,100,450,500000,1999999,You are between budget and premium. Compare 2–3 venue quotes. Keep guest count near 150–250 for mid-range halls.
Synthetic Bridal Service,Bridal Service,Premium package,184,5,1,0,3727194,3.9,1,4,premium,3727194,150,600,2000000,5999999,"Premium tier needs Colombo metro or top-rated vendors. If over budget, drop spotlight vendors or reduce pax."
Synthetic Groom service,Groom service,Premium package,484,6,1,0,3871508,4.1,0,5,premium,3871508,150,600,2000000,5999999,"Premium tier needs Colombo metro or top-rated vendors. If over budget, drop spotlight vendors or reduce pax."
Synthetic Photography & Videography,Photography & Videography,Luxury package,310,3,3,0,7498948,4.4,0,1,luxury,7498948,200,800,6000000,15000000,Luxury predictions usually mean 400+ pax at Rs. 10k+ pp or flagship hotels. Re-check guest count and category.
Synthetic Floral & Deco,Floral & Deco,Premium package,265,4,3,0,4705489,3.8,0,2,premium,4705489,150,600,2000000,5999999,"Premium tier needs Colombo metro or top-rated vendors. If over budget, drop spotlight vendors or reduce pax."
Synthetic Bridal Service,Bridal Service,Budget package,84,5,2,0,106851,4.9,0,2,budget,106851,50,350,25000,499999,"Look for per-person packages under Rs. 5,000 or flat vendors under Rs. 500k. Reduce guest count or pick a suburban district."
Amaya Beach Passikudah,Venue & Res. Halls,Wedding package,150,1,1,0,1200000,4.5,0,1,mid,1200000,100,450,500000,1999999,You are between budget and premium. Compare 2–3 venue quotes. Keep guest count near 150–250 for mid-range halls.
Synthetic Photography & Videography,Photography & Videography,Premium package,579,3,2,0,3754231,4.1,1,1,premium,3754231,150,600,2000000,5999999,"Premium tier needs Colombo metro or top-rated vendors. If over budget, drop spotlight vendors or reduce pax."
Synthetic Bridal Service,Bridal Service,Premium package,465,5,2,0,2730258,4.5,0,4,premium,2730258,150,600,2000000,5999999,"Premium tier needs Colombo metro or top-rated vendors. If over budget, drop spotlight vendors or reduce pax."
Synthetic Groom service,Groom service,Mid package,257,6,1,0,1052633,4.2,0,5,mid,1052633,100,450,500000,1999999,You are between budget and premium. Compare 2–3 venue quotes. Keep guest count near 150–250 for mid-range halls.
Hotel Canterbury,Venue & Res. Halls,Silver Selection Menu,150,1,3,1,7750,4.5,0,1,mid,1162500,100,450,500000,1999999,You are between budget and premium. Compare 2–3 venue quotes. Keep guest count near 150–250 for mid-range halls.
Synthetic Bridal Service,Bridal Service,Mid package,381,5,2,0,1733496,4.8,0,4,mid,1733496,100,450,500000,1999999,You are between budget and premium. Compare 2–3 venue quotes. Keep guest count near 150–250 for mid-range halls.
Synthetic Groom service,Groom service,Luxury package,507,6,3,0,8409425,4.0,0,4,luxury,8409425,200,800,6000000,15000000,Luxury predictions usually mean 400+ pax at Rs. 10k+ pp or flagship hotels. Re-check guest count and category.
Synthetic Cakes,Cakes,Luxury package,539,8,2,0,9404153,4.0,0,5,luxury,9404153,200,800,6000000,15000000,Luxury predictions usually mean 400+ pax at Rs. 10k+ pp or flagship hotels. Re-check guest count and category.
Synthetic Photography & Videography,Photography & Videography,Luxury package,527,3,1,0,10496865,4.4,0,1,luxury,10496865,200,800,6000000,15000000,Luxury predictions usually mean 400+ pax at Rs. 10k+ pp or flagship hotels. Re-check guest count and category.
Synthetic Groom service,Groom service,Premium package,490,6,2,0,5007124,4.2,1,3,premium,5007124,150,600,2000000,5999999,"Premium tier needs Colombo metro or top-rated vendors. If over budget, drop spotlight vendors or reduce pax."
Synthetic Venue & Res. Halls,Venue & Res. Halls,Mid package,425,1,1,1,6460,3.9,0,4,mid,2745500,100,450,500000,1999999,You are between budget and premium. Compare 2–3 venue quotes. Keep guest count near 150–250 for mid-range halls.
Jethro Rathnayake,Photography & Videography,Wedding-day coverage,200,3,3,0,90000,4.8,1,1,budget,90000,50,350,25000,499999,"Look for per-person packages under Rs. 5,000 or flat vendors under Rs. 500k. Reduce guest count or pick a suburban district."
Synthetic Bridal Service,Bridal Service,Mid package,312,5,2,0,593336,4.3,0,2,mid,593336,100,450,500000,1999999,You are between budget and premium. Compare 2–3 venue quotes. Keep guest count near 150–250 for mid-range halls.
Synthetic Photography & Videography,Photography & Videography,Luxury package,601,3,2,0,9062625,4.3,0,5,luxury,9062625,200,800,6000000,15000000,Luxury predictions usually mean 400+ pax at Rs. 10k+ pp or flagship hotels. Re-check guest count and category.
Synthetic Caters,Caters,Premium package,296,2,1,1,9471,3.8,1,1,premium,2803416,150,600,2000000,5999999,"Premium tier needs Colombo metro or top-rated vendors. If over budget, drop spotlight vendors or reduce pax."
Synthetic Groom service,Groom service,Mid package,347,6,1,0,1654437,3.9,0,3,mid,1654437,100,450,500000,1999999,You are between budget and premium. Compare 2–3 venue quotes. Keep guest count near 150–250 for mid-range halls.
Yarara Photography,Photography & Videography,Pre-shoot / engagement,200,3,2,0,42000,4.7,0,1,budget,42000,50,350,25000,499999,"Look for per-person packages under Rs. 5,000 or flat vendors under Rs. 500k. Reduce guest count or pick a suburban district."
Synthetic Caters,Caters,Mid package,195,2,1,1,6977,4.1,0,5,mid,1360515,100,450,500000,1999999,You are between budget and premium. Compare 2–3 venue quotes. Keep guest count near 150–250 for mid-range halls.
Synthetic Bridal Service,Bridal Service,Luxury package,622,5,2,0,11907148,4.5,0,1,luxury,11907148,200,800,6000000,15000000,Luxury predictions usually mean 400+ pax at Rs. 10k+ pp or flagship hotels. Re-check guest count and category.
Synthetic Jewellary,Jewellary,Mid package,232,7,3,0,737651,4.4,0,3,mid,737651,100,450,500000,1999999,You are between budget and premium. Compare 2–3 venue quotes. Keep guest count near 150–250 for mid-range halls.
Synthetic Cakes,Cakes,Budget package,279,8,3,0,434364,4.6,0,2,budget,434364,50,350,25000,499999,"Look for per-person packages under Rs. 5,000 or flat vendors under Rs. 500k. Reduce guest count or pick a suburban district."
Synthetic Caters,Caters,Budget package,336,2,1,1,5840,4.1,0,5,budget,1962240,50,350,25000,499999,"Look for per-person packages under Rs. 5,000 or flat vendors under Rs. 500k. Reduce guest count or pick a suburban district."
Synthetic Caters,Caters,Mid package,264,2,2,1,6755,4.6,0,1,mid,1783320,100,450,500000,1999999,You are between budget and premium. Compare 2–3 venue quotes. Keep guest count near 150–250 for mid-range halls.
Synthetic Caters,Caters,Mid package,238,2,3,1,7720,4.1,0,1,mid,1837360,100,450,500000,1999999,You are between budget and premium. Compare 2–3 venue quotes. Keep guest count near 150–250 for mid-range halls.
Synthetic Photography & Videography,Photography & Videography,Mid package,236,3,1,0,1503418,4.4,0,5,mid,1503418,100,450,500000,1999999,You are between budget and premium. Compare 2–3 venue quotes. Keep guest count near 150–250 for mid-range halls.
Synthetic Caters,Caters,Mid package,333,2,2,0,708506,4.9,0,3,mid,708506,100,450,500000,1999999,You are between budget and premium. Compare 2–3 venue quotes. Keep guest count near 150–250 for mid-range halls.
Romance Wedding Photography,Photography & Videography,Elegance Collection (most popular),200,3,3,0,295000,4.8,1,1,budget,295000,50,350,25000,499999,"Look for per-person packages under Rs. 5,000 or flat vendors under Rs. 500k. Reduce guest count or pick a suburban district."
Synthetic Floral & Deco,Floral & Deco,Premium package,449,4,2,0,2626236,4.3,0,5,premium,2626236,150,600,2000000,5999999,"Premium tier needs Colombo metro or top-rated vendors. If over budget, drop spotlight vendors or reduce pax."
Synthetic Jewellary,Jewellary,Luxury package,296,7,2,0,11252629,4.7,1,3,luxury,11252629,200,800,6000000,15000000,Luxury predictions usually mean 400+ pax at Rs. 10k+ pp or flagship hotels. Re-check guest count and category.
Synthetic Cakes,Cakes,Mid package,290,8,1,0,1245998,4.1,0,1,mid,1245998,100,450,500000,1999999,You are between budget and premium. Compare 2–3 venue quotes. Keep guest count near 150–250 for mid-range halls.
Synthetic Cakes,Cakes,Mid package,431,8,2,0,637475,4.1,0,5,mid,637475,100,450,500000,1999999,You are between budget and premium. Compare 2–3 venue quotes. Keep guest count near 150–250 for mid-range halls.
Synthetic Cakes,Cakes,Mid package,444,8,1,0,1211084,4.3,0,5,mid,1211084,100,450,500000,1999999,You are between budget and premium. Compare 2–3 venue quotes. Keep guest count near 150–250 for mid-range halls.
Synthetic Caters,Caters,Premium package,569,2,1,1,11263,4.4,1,5,premium,6408647,150,600,2000000,5999999,"Premium tier needs Colombo metro or top-rated vendors. If over budget, drop spotlight vendors or reduce pax."
Synthetic Cakes,Cakes,Luxury package,562,8,3,0,9889248,4.5,1,2,luxury,9889248,200,800,6000000,15000000,Luxury predictions usually mean 400+ pax at Rs. 10k+ pp or flagship hotels. Re-check guest count and category.
Bolagala Floating Resort,Venue & Res. Halls,Platinum Honeymoon,150,1,2,0,200000,4.6,0,1,budget,200000,50,350,25000,499999,"Look for per-person packages under Rs. 5,000 or flat vendors under Rs. 500k. Reduce guest count or pick a suburban district."
Courtyard by Marriott Colombo,Venue & Res. Halls,Platinum Dinner 2026 (nett pp),150,1,3,1,14722,4.8,1,1,premium,2208300,150,600,2000000,5999999,"Premium tier needs Colombo metro or top-rated vendors. If over budget, drop spotlight vendors or reduce pax."
Synthetic Bridal Service,Bridal Service,Luxury package,236,5,3,0,7577484,4.4,0,3,luxury,7577484,200,800,6000000,15000000,Luxury predictions usually mean 400+ pax at Rs. 10k+ pp or flagship hotels. Re-check guest count and category.
Synthetic Jewellary,Jewellary,Budget package,182,7,1,0,405868,4.7,0,1,budget,405868,50,350,25000,499999,"Look for per-person packages under Rs. 5,000 or flat vendors under Rs. 500k. Reduce guest count or pick a suburban district."
Synthetic Floral & Deco,Floral & Deco,Luxury package,321,4,2,0,11073119,4.3,0,2,luxury,11073119,200,800,6000000,15000000,Luxury predictions usually mean 400+ pax at Rs. 10k+ pp or flagship hotels. Re-check guest count and category.
Synthetic Photography & Videography,Photography & Videography,Luxury package,516,3,1,0,10775849,4.4,0,2,luxury,10775849,200,800,6000000,15000000,Luxury predictions usually mean 400+ pax at Rs. 10k+ pp or flagship hotels. Re-check guest count and category.
Synthetic Cakes,Cakes,Budget package,141,8,2,0,384463,3.9,0,5,budget,384463,50,350,25000,499999,"Look for per-person packages under Rs. 5,000 or flat vendors under Rs. 500k. Reduce guest count or pick a suburban district."
Courtyard by Marriott Colombo,Venue & Res. Halls,Silver Dinner 2026 (nett pp),200,1,3,1,11884,4.8,1,1,premium,2376800,150,600,2000000,5999999,"Premium tier needs Colombo metro or top-rated vendors. If over budget, drop spotlight vendors or reduce pax."
Synthetic Venue & Res. Halls,Venue & Res. Halls,Premium package,195,1,1,1,12480,3.8,1,1,premium,2433600,150,600,2000000,5999999,"Premium tier needs Colombo metro or top-rated vendors. If over budget, drop spotlight vendors or reduce pax."
Synthetic Jewellary,Jewellary,Mid package,223,7,1,0,1493298,4.0,0,1,mid,1493298,100,450,500000,1999999,You are between budget and premium. Compare 2–3 venue quotes. Keep guest count near 150–250 for mid-range halls.
Synthetic Groom service,Groom service,Luxury package,782,6,3,0,7901130,4.1,0,5,luxury,7901130,200,800,6000000,15000000,Luxury predictions usually mean 400+ pax at Rs. 10k+ pp or flagship hotels. Re-check guest count and category.
Synthetic Bridal Service,Bridal Service,Budget package,210,5,2,0,337329,4.1,0,1,budget,337329,50,350,25000,499999,"Look for per-person packages under Rs. 5,000 or flat vendors under Rs. 500k. Reduce guest count or pick a suburban district."
Synthetic Groom service,Groom service,Premium package,599,6,3,0,5038060,4.4,0,5,premium,5038060,150,600,2000000,5999999,"Premium tier needs Colombo metro or top-rated vendors. If over budget, drop spotlight vendors or reduce pax."
Synthetic Photography & Videography,Photography & Videography,Luxury package,566,3,1,0,6318967,4.3,1,1,luxury,6318967,200,800,6000000,15000000,Luxury predictions usually mean 400+ pax at Rs. 10k+ pp or flagship hotels. Re-check guest count and category.
Synthetic Groom service,Groom service,Budget package,176,6,3,0,166796,4.5,0,4,budget,166796,50,350,25000,499999,"Look for per-person packages under Rs. 5,000 or flat vendors under Rs. 500k. Reduce guest count or pick a suburban district."
Sampath Palliyaguruge Photography,Photography & Videography,Pre-shoot / engagement,200,3,3,0,35100,4.6,0,1,budget,35100,50,350,25000,499999,"Look for per-person packages under Rs. 5,000 or flat vendors under Rs. 500k. Reduce guest count or pick a suburban district."
Synthetic Photography & Videography,Photography & Videography,Premium package,177,3,3,0,3870324,4.0,0,3,premium,3870324,150,600,2000000,5999999,"Premium tier needs Colombo metro or top-rated vendors. If over budget, drop spotlight vendors or reduce pax."
Synthetic Cakes,Cakes,Premium package,443,8,1,0,2819789,4.3,0,2,premium,2819789,150,600,2000000,5999999,"Premium tier needs Colombo metro or top-rated vendors. If over budget, drop spotlight vendors or reduce pax."
Synthetic Floral & Deco,Floral & Deco,Mid package,167,4,1,0,875808,4.5,0,5,mid,875808,100,450,500000,1999999,You are between budget and premium. Compare 2–3 venue quotes. Keep guest count near 150–250 for mid-range halls.
Romance Wedding Photography,Photography & Videography,Amour Chapter,200,3,3,0,365000,4.8,1,1,budget,365000,50,350,25000,499999,"Look for per-person packages under Rs. 5,000 or flat vendors under Rs. 500k. Reduce guest count or pick a suburban district."
Synthetic Floral & Deco,Floral & Deco,Luxury package,744,4,1,0,10084935,4.1,0,1,luxury,10084935,200,800,6000000,15000000,Luxury predictions usually mean 400+ pax at Rs. 10k+ pp or flagship hotels. Re-check guest count and category.
Synthetic Cakes,Cakes,Mid package,154,8,3,0,1314630,4.0,0,3,mid,1314630,100,450,500000,1999999,You are between budget and premium. Compare 2–3 venue quotes. Keep guest count near 150–250 for mid-range halls.
Synthetic Venue & Res. Halls,Venue & Res. Halls,Mid package,355,1,1,1,9295,4.6,0,5,mid,3299725,100,450,500000,1999999,You are between budget and premium. Compare 2–3 venue quotes. Keep guest count near 150–250 for mid-range halls.
Synthetic Groom service,Groom service,Premium package,343,6,2,0,4295704,4.1,1,1,premium,4295704,150,600,2000000,5999999,"Premium tier needs Colombo metro or top-rated vendors. If over budget, drop spotlight vendors or reduce pax."
Synthetic Floral & Deco,Floral & Deco,Premium package,279,4,3,0,3054396,4.7,0,2,premium,3054396,150,600,2000000,5999999,"Premium tier needs Colombo metro or top-rated vendors. If over budget, drop spotlight vendors or reduce pax."
Synthetic Venue & Res. Halls,Venue & Res. Halls,Premium package,491,1,3,0,2585519,4.4,0,5,premium,2585519,150,600,2000000,5999999,"Premium tier needs Colombo metro or top-rated vendors. If over budget, drop spotlight vendors or reduce pax."
Synthetic Photography & Videography,Photography & Videography,Budget package,176,3,2,0,198466,4.2,0,4,budget,198466,50,350,25000,499999,"Look for per-person packages under Rs. 5,000 or flat vendors under Rs. 500k. Reduce guest count or pick a suburban district."
Synthetic Photography & Videography,Photography & Videography,Mid package,215,3,2,0,531498,4.0,0,3,mid,531498,100,450,500000,1999999,You are between budget and premium. Compare 2–3 venue quotes. Keep guest count near 150–250 for mid-range halls.
Synthetic Floral & Deco,Floral & Deco,Mid package,268,4,3,0,1559595,4.6,0,1,mid,1559595,100,450,500000,1999999,You are between budget and premium. Compare 2–3 venue quotes. Keep guest count near 150–250 for mid-range halls.
Synthetic Bridal Service,Bridal Service,Budget package,69,5,2,0,157842,4.4,0,4,budget,157842,50,350,25000,499999,"Look for per-person packages under Rs. 5,000 or flat vendors under Rs. 500k. Reduce guest count or pick a suburban district."
Hotel Canterbury,Venue & Res. Halls,Bronze Selection Menu,150,1,3,1,5750,4.5,0,1,mid,862500,100,450,500000,1999999,You are between budget and premium. Compare 2–3 venue quotes. Keep guest count near 150–250 for mid-range halls.
Synthetic Venue & Res. Halls,Venue & Res. Halls,Budget package,256,1,1,1,4238,4.7,0,3,budget,1084928,50,350,25000,499999,"Look for per-person packages under Rs. 5,000 or flat vendors under Rs. 500k. Reduce guest count or pick a suburban district."
Everluxe Stories Photography,Photography & Videography,Two Day Wedding with Pre-shoot 04,200,3,3,0,260000,4.7,1,1,budget,260000,50,350,25000,499999,"Look for per-person packages under Rs. 5,000 or flat vendors under Rs. 500k. Reduce guest count or pick a suburban district."
Synthetic Bridal Service,Bridal Service,Mid package,117,5,3,0,1304591,4.1,0,1,mid,1304591,100,450,500000,1999999,You are between budget and premium. Compare 2–3 venue quotes. Keep guest count near 150–250 for mid-range halls.
Artsy Romance,Photography & Videography,Pre-shoot Bronze,200,3,3,0,30000,4.6,0,1,budget,30000,50,350,25000,499999,"Look for per-person packages under Rs. 5,000 or flat vendors under Rs. 500k. Reduce guest count or pick a suburban district."
Synthetic Caters,Caters,Mid package,258,2,2,0,1348337,4.8,0,4,mid,1348337,100,450,500000,1999999,You are between budget and premium. Compare 2–3 venue quotes. Keep guest count near 150–250 for mid-range halls.
Synthetic Venue & Res. Halls,Venue & Res. Halls,Luxury package,592,1,1,1,16201,4.6,0,3,luxury,9590992,200,800,6000000,15000000,Luxury predictions usually mean 400+ pax at Rs. 10k+ pp or flagship hotels. Re-check guest count and category.
Synthetic Bridal Service,Bridal Service,Mid package,320,5,2,0,1595191,4.6,0,3,mid,1595191,100,450,500000,1999999,You are between budget and premium. Compare 2–3 venue quotes. Keep guest count near 150–250 for mid-range halls.
Synthetic Venue & Res. Halls,Venue & Res. Halls,Luxury package,441,1,2,1,21708,4.0,0,1,luxury,9573228,200,800,6000000,15000000,Luxury predictions usually mean 400+ pax at Rs. 10k+ pp or flagship hotels. Re-check guest count and category.
Synthetic Bridal Service,Bridal Service,Budget package,64,5,1,0,28935,4.8,0,1,budget,28935,50,350,25000,499999,"Look for per-person packages under Rs. 5,000 or flat vendors under Rs. 500k. Reduce guest count or pick a suburban district."
Synthetic Bridal Service,Bridal Service,Mid package,382,5,3,0,1247266,3.9,0,4,mid,1247266,100,450,500000,1999999,You are between budget and premium. Compare 2–3 venue quotes. Keep guest count near 150–250 for mid-range halls.
Mount Lavinia Hotel,Venue & Res. Halls,Wedding package,150,1,3,0,1500000,4.7,1,1,mid,1500000,100,450,500000,1999999,You are between budget and premium. Compare 2–3 venue quotes. Keep guest count near 150–250 for mid-range halls.
Synthetic Bridal Service,Bridal Service,Mid package,357,5,1,0,991660,4.7,0,4,mid,991660,100,450,500000,1999999,You are between budget and premium. Compare 2–3 venue quotes. Keep guest count near 150–250 for mid-range halls.
Synthetic Groom service,Groom service,Luxury package,709,6,1,0,8264350,4.7,0,5,luxury,8264350,200,800,6000000,15000000,Luxury predictions usually mean 400+ pax at Rs. 10k+ pp or flagship hotels. Re-check guest count and category.
Synthetic Bridal Service,Bridal Service,Premium package,572,5,1,0,2201924,4.3,1,1,premium,2201924,150,600,2000000,5999999,"Premium tier needs Colombo metro or top-rated vendors. If over budget, drop spotlight vendors or reduce pax."
Synthetic Caters,Caters,Premium package,389,2,2,1,11735,4.7,0,3,premium,4564915,150,600,2000000,5999999,"Premium tier needs Colombo metro or top-rated vendors. If over budget, drop spotlight vendors or reduce pax."
Synthetic Cakes,Cakes,Budget package,306,8,1,0,144588,3.9,0,5,budget,144588,50,350,25000,499999,"Look for per-person packages under Rs. 5,000 or flat vendors under Rs. 500k. Reduce guest count or pick a suburban district."
Synthetic Floral & Deco,Floral & Deco,Premium package,260,4,3,0,2556912,4.1,0,5,premium,2556912,150,600,2000000,5999999,"Premium tier needs Colombo metro or top-rated vendors. If over budget, drop spotlight vendors or reduce pax."
Synthetic Jewellary,Jewellary,Premium package,378,7,2,0,4931660,3.9,1,2,premium,4931660,150,600,2000000,5999999,"Premium tier needs Colombo metro or top-rated vendors. If over budget, drop spotlight vendors or reduce pax."
Synthetic Groom service,Groom service,Mid package,226,6,3,0,777980,4.4,0,2,mid,777980,100,450,500000,1999999,You are between budget and premium. Compare 2–3 venue quotes. Keep guest count near 150–250 for mid-range halls.
Synthetic Bridal Service,Bridal Service,Luxury package,526,5,3,0,11862038,4.7,1,4,luxury,11862038,200,800,6000000,15000000,Luxury predictions usually mean 400+ pax at Rs. 10k+ pp or flagship hotels. Re-check guest count and category.
Synthetic Photography & Videography,Photography & Videography,Budget package,345,3,1,0,361063,4.0,0,3,budget,361063,50,350,25000,499999,"Look for per-person packages under Rs. 5,000 or flat vendors under Rs. 500k. Reduce guest count or pick a suburban district."
Perfect Scenario,Photography & Videography,Wedding-day coverage,200,3,1,0,60000,4.6,0,1,budget,60000,50,350,25000,499999,"Look for per-person packages under Rs. 5,000 or flat vendors under Rs. 500k. Reduce guest count or pick a suburban district."
Synthetic Bridal Service,Bridal Service,Mid package,253,5,1,0,1264168,4.0,0,2,mid,1264168,100,450,500000,1999999,You are between budget and premium. Compare 2–3 venue quotes. Keep guest count near 150–250 for mid-range halls.
Synthetic Floral & Deco,Floral & Deco,Mid package,152,4,1,0,1490926,3.9,0,2,mid,1490926,100,450,500000,1999999,You are between budget and premium. Compare 2–3 venue quotes. Keep guest count near 150–250 for mid-range halls.
Synthetic Venue & Res. Halls,Venue & Res. Halls,Premium package,272,1,2,1,12852,4.3,0,1,premium,3495744,150,600,2000000,5999999,"Premium tier needs Colombo metro or top-rated vendors. If over budget, drop spotlight vendors or reduce pax."
Synthetic Photography & Videography,Photography & Videography,Mid package,291,3,2,0,1763344,4.8,0,2,mid,1763344,100,450,500000,1999999,You are between budget and premium. Compare 2–3 venue quotes. Keep guest count near 150–250 for mid-range halls.
Synthetic Bridal Service,Bridal Service,Mid package,366,5,1,0,1720064,4.7,0,1,mid,1720064,100,450,500000,1999999,You are between budget and premium. Compare 2–3 venue quotes. Keep guest count near 150–250 for mid-range halls.
Synthetic Photography & Videography,Photography & Videography,Luxury package,222,3,2,0,6525737,4.4,0,5,luxury,6525737,200,800,6000000,15000000,Luxury predictions usually mean 400+ pax at Rs. 10k+ pp or flagship hotels. Re-check guest count and category.
Synthetic Caters,Caters,Mid package,276,2,3,1,6376,4.2,0,3,mid,1759776,100,450,500000,1999999,You are between budget and premium. Compare 2–3 venue quotes. Keep guest count near 150–250 for mid-range halls.
Synthetic Venue & Res. Halls,Venue & Res. Halls,Luxury package,508,1,2,0,6391106,4.9,0,1,luxury,6391106,200,800,6000000,15000000,Luxury predictions usually mean 400+ pax at Rs. 10k+ pp or flagship hotels. Re-check guest count and category.
Everluxe Stories Photography,Photography & Videography,Two Day Wedding without Pre-shoot 04,200,3,3,0,230000,4.7,1,1,budget,230000,50,350,25000,499999,"Look for per-person packages under Rs. 5,000 or flat vendors under Rs. 500k. Reduce guest count or pick a suburban district."
A Lasting Impression LK,Photography & Videography,Pre-shoot / engagement,200,3,3,0,22500,4.6,0,1,budget,22500,50,350,25000,499999,"Look for per-person packages under Rs. 5,000 or flat vendors under Rs. 500k. Reduce guest count or pick a suburban district."
Synthetic Groom service,Groom service,Premium package,575,6,1,0,5489182,4.6,0,4,premium,5489182,150,600,2000000,5999999,"Premium tier needs Colombo metro or top-rated vendors. If over budget, drop spotlight vendors or reduce pax."
Synthetic Caters,Caters,Premium package,565,2,1,0,4940878,3.9,0,1,premium,4940878,150,600,2000000,5999999,"Premium tier needs Colombo metro or top-rated vendors. If over budget, drop spotlight vendors or reduce pax."
Synthetic Bridal Service,Bridal Service,Luxury package,230,5,3,0,8365655,4.3,0,4,luxury,8365655,200,800,6000000,15000000,Luxury predictions usually mean 400+ pax at Rs. 10k+ pp or flagship hotels. Re-check guest count and category.
Synthetic Caters,Caters,Mid package,446,2,3,1,5628,4.7,0,3,mid,2510088,100,450,500000,1999999,You are between budget and premium. Compare 2–3 venue quotes. Keep guest count near 150–250 for mid-range halls.
Synthetic Photography & Videography,Photography & Videography,Mid package,348,3,3,0,709359,3.8,0,5,mid,709359,100,450,500000,1999999,You are between budget and premium. Compare 2–3 venue quotes. Keep guest count near 150–250 for mid-range halls.
Synthetic Floral & Deco,Floral & Deco,Luxury package,551,4,1,0,8153835,4.9,1,2,luxury,8153835,200,800,6000000,15000000,Luxury predictions usually mean 400+ pax at Rs. 10k+ pp or flagship hotels. Re-check guest count and category.
Geethanjali Bridal,Bridal Service,Wedding package,120,5,3,0,60000,4.6,0,1,budget,60000,50,350,25000,499999,"Look for per-person packages under Rs. 5,000 or flat vendors under Rs. 500k. Reduce guest count or pick a suburban district."
Synthetic Venue & Res. Halls,Venue & Res. Halls,Premium package,368,1,3,1,13029,4.7,1,2,premium,4794672,150,600,2000000,5999999,"Premium tier needs Colombo metro or top-rated vendors. If over budget, drop spotlight vendors or reduce pax."
Synthetic Cakes,Cakes,Mid package,164,8,2,0,666636,4.5,0,2,mid,666636,100,450,500000,1999999,You are between budget and premium. Compare 2–3 venue quotes. Keep guest count near 150–250 for mid-range halls.
Synthetic Venue & Res. Halls,Venue & Res. Halls,Luxury package,504,1,1,1,20397,4.6,0,4,luxury,10280088,200,800,6000000,15000000,Luxury predictions usually mean 400+ pax at Rs. 10k+ pp or flagship hotels. Re-check guest count and category.
Synthetic Groom service,Groom service,Luxury package,594,6,2,0,7610527,3.9,0,4,luxury,7610527,200,800,6000000,15000000,Luxury predictions usually mean 400+ pax at Rs. 10k+ pp or flagship hotels. Re-check guest count and category.
Synthetic Caters,Caters,Mid package,438,2,3,0,1272554,4.0,0,5,mid,1272554,100,450,500000,1999999,You are between budget and premium. Compare 2–3 venue quotes. Keep guest count near 150–250 for mid-range halls.
Sifani Jewellers,Jewellary,Wedding package,120,7,3,0,100000,4.6,0,1,budget,100000,50,350,25000,499999,"Look for per-person packages under Rs. 5,000 or flat vendors under Rs. 500k. Reduce guest count or pick a suburban district."
Synthetic Bridal Service,Bridal Service,Budget package,160,5,1,0,316440,4.2,0,1,budget,316440,50,350,25000,499999,"Look for per-person packages under Rs. 5,000 or flat vendors under Rs. 500k. Reduce guest count or pick a suburban district."
Synthetic Cakes,Cakes,Budget package,175,8,1,0,365590,4.6,0,4,budget,365590,50,350,25000,499999,"Look for per-person packages under Rs. 5,000 or flat vendors under Rs. 500k. Reduce guest count or pick a suburban district."
Synthetic Photography & Videography,Photography & Videography,Luxury package,447,3,3,0,10850997,4.1,1,3,luxury,10850997,200,800,6000000,15000000,Luxury predictions usually mean 400+ pax at Rs. 10k+ pp or flagship hotels. Re-check guest count and category.
Synthetic Groom service,Groom service,Luxury package,338,6,2,0,11665858,4.2,1,3,luxury,11665858,200,800,6000000,15000000,Luxury predictions usually mean 400+ pax at Rs. 10k+ pp or flagship hotels. Re-check guest count and category.
Synthetic Floral & Deco,Floral & Deco,Luxury package,800,4,3,0,10462657,3.9,0,4,luxury,10462657,200,800,6000000,15000000,Luxury predictions usually mean 400+ pax at Rs. 10k+ pp or flagship hotels. Re-check guest count and category.
Synthetic Floral & Deco,Floral & Deco,Luxury package,765,4,2,0,6145562,4.7,1,1,luxury,6145562,200,800,6000000,15000000,Luxury predictions usually mean 400+ pax at Rs. 10k+ pp or flagship hotels. Re-check guest count and category.
Green Valley Resort,Venue & Res. Halls,"Banquet menu Rs. 4,750 pp (150-200 pax)",150,1,3,1,4750,4.4,0,1,mid,712500,100,450,500000,1999999,You are between budget and premium. Compare 2–3 venue quotes. Keep guest count near 150–250 for mid-range halls.
Synthetic Cakes,Cakes,Luxury package,440,8,1,0,8471290,4.7,0,1,luxury,8471290,200,800,6000000,15000000,Luxury predictions usually mean 400+ pax at Rs. 10k+ pp or flagship hotels. Re-check guest count and category.
Synthetic Jewellary,Jewellary,Premium package,487,7,2,0,3157101,3.8,1,1,premium,3157101,150,600,2000000,5999999,"Premium tier needs Colombo metro or top-rated vendors. If over budget, drop spotlight vendors or reduce pax."
Synthetic Jewellary,Jewellary,Budget package,336,7,2,0,290828,4.1,0,2,budget,290828,50,350,25000,499999,"Look for per-person packages under Rs. 5,000 or flat vendors under Rs. 500k. Reduce guest count or pick a suburban district."
Birendra Fernando Photography,Photography & Videography,Pre-shoot / engagement,200,3,3,0,24900,4.6,0,1,budget,24900,50,350,25000,499999,"Look for per-person packages under Rs. 5,000 or flat vendors under Rs. 500k. Reduce guest count or pick a suburban district."
Synthetic Caters,Caters,Premium package,508,2,2,1,11372,3.8,0,3,premium,5776976,150,600,2000000,5999999,"Premium tier needs Colombo metro or top-rated vendors. If over budget, drop spotlight vendors or reduce pax."
Synthetic Floral & Deco,Floral & Deco,Premium package,471,4,2,0,5454122,4.9,1,3,premium,5454122,150,600,2000000,5999999,"Premium tier needs Colombo metro or top-rated vendors. If over budget, drop spotlight vendors or reduce pax."
Everluxe Stories Photography,Photography & Videography,Two Day Wedding without Pre-shoot 01,200,3,3,0,140000,4.7,1,1,budget,140000,50,350,25000,499999,"Look for per-person packages under Rs. 5,000 or flat vendors under Rs. 500k. Reduce guest count or pick a suburban district."
Synthetic Caters,Caters,Luxury package,538,2,2,0,9736284,4.7,0,2,luxury,9736284,200,800,6000000,15000000,Luxury predictions usually mean 400+ pax at Rs. 10k+ pp or flagship hotels. Re-check guest count and category.
Synthetic Caters,Caters,Premium package,348,2,1,1,9662,3.9,1,1,premium,3362376,150,600,2000000,5999999,"Premium tier needs Colombo metro or top-rated vendors. If over budget, drop spotlight vendors or reduce pax."
Synthetic Jewellary,Jewellary,Luxury package,242,7,1,0,7288331,4.5,1,1,luxury,7288331,200,800,6000000,15000000,Luxury predictions usually mean 400+ pax at Rs. 10k+ pp or flagship hotels. Re-check guest count and category.
Amaya Hills Kandy,Venue & Res. Halls,Wedding package,150,1,2,0,900000,4.6,0,1,mid,900000,100,450,500000,1999999,You are between budget and premium. Compare 2–3 venue quotes. Keep guest count near 150–250 for mid-range halls.
Synthetic Groom service,Groom service,Luxury package,451,6,1,0,7259605,4.4,1,1,luxury,7259605,200,800,6000000,15000000,Luxury predictions usually mean 400+ pax at Rs. 10k+ pp or flagship hotels. Re-check guest count and category.
Synthetic Groom service,Groom service,Mid package,325,6,3,0,1297571,4.9,0,3,mid,1297571,100,450,500000,1999999,You are between budget and premium. Compare 2–3 venue quotes. Keep guest count near 150–250 for mid-range halls.
Synthetic Bridal Service,Bridal Service,Luxury package,447,5,3,0,11178909,4.2,1,3,luxury,11178909,200,800,6000000,15000000,Luxury predictions usually mean 400+ pax at Rs. 10k+ pp or flagship hotels. Re-check guest count and category.
Amangalla,Venue & Res. Halls,Wedding package,150,1,2,0,4000000,4.9,1,1,premium,4000000,150,600,2000000,5999999,"Premium tier needs Colombo metro or top-rated vendors. If over budget, drop spotlight vendors or reduce pax."
Synthetic Venue & Res. Halls,Venue & Res. Halls,Luxury package,409,1,2,1,13526,4.7,0,5,luxury,5532134,200,800,6000000,15000000,Luxury predictions usually mean 400+ pax at Rs. 10k+ pp or flagship hotels. Re-check guest count and category.
Palmyrah Catering,Caters,Wedding package,150,2,1,1,40000,4.6,0,1,luxury,6000000,200,800,6000000,15000000,Luxury predictions usually mean 400+ pax at Rs. 10k+ pp or flagship hotels. Re-check guest count and category.
Synthetic Caters,Caters,Mid package,390,2,2,1,6581,4.5,0,3,mid,2566590,100,450,500000,1999999,You are between budget and premium. Compare 2–3 venue quotes. Keep guest count near 150–250 for mid-range halls.
Synthetic Bridal Service,Bridal Service,Luxury package,489,5,2,0,11716704,3.8,0,3,luxury,11716704,200,800,6000000,15000000,Luxury predictions usually mean 400+ pax at Rs. 10k+ pp or flagship hotels. Re-check guest count and category.
Synthetic Jewellary,Jewellary,Budget package,55,7,1,0,363647,4.7,0,2,budget,363647,50,350,25000,499999,"Look for per-person packages under Rs. 5,000 or flat vendors under Rs. 500k. Reduce guest count or pick a suburban district."
Synthetic Jewellary,Jewellary,Mid package,208,7,3,0,1792549,3.9,0,5,mid,1792549,100,450,500000,1999999,You are between budget and premium. Compare 2–3 venue quotes. Keep guest count near 150–250 for mid-range halls.
Synthetic Floral & Deco,Floral & Deco,Luxury package,200,4,1,0,8050225,4.2,0,1,luxury,8050225,200,800,6000000,15000000,Luxury predictions usually mean 400+ pax at Rs. 10k+ pp or flagship hotels. Re-check guest count and category.
Butter Boutique,Cakes,Wedding package,120,8,3,0,15000,4.5,0,1,budget,15000,50,350,25000,499999,"Look for per-person packages under Rs. 5,000 or flat vendors under Rs. 500k. Reduce guest count or pick a suburban district."
DI Photography,Photography & Videography,Pre-shoot Silver,200,3,3,0,30000,4.6,0,1,budget,30000,50,350,25000,499999,"Look for per-person packages under Rs. 5,000 or flat vendors under Rs. 500k. Reduce guest count or pick a suburban district."
Synthetic Cakes,Cakes,Luxury package,215,8,1,0,6377347,4.5,1,5,luxury,6377347,200,800,6000000,15000000,Luxury predictions usually mean 400+ pax at Rs. 10k+ pp or flagship hotels. Re-check guest count and category.
Synthetic Venue & Res. Halls,Venue & Res. Halls,Budget package,152,1,3,1,5383,3.9,0,3,budget,818216,50,350,25000,499999,"Look for per-person packages under Rs. 5,000 or flat vendors under Rs. 500k. Reduce guest count or pick a suburban district."
Synthetic Jewellary,Jewellary,Luxury package,279,7,2,0,9324426,4.6,1,5,luxury,9324426,200,800,6000000,15000000,Luxury predictions usually mean 400+ pax at Rs. 10k+ pp or flagship hotels. Re-check guest count and category.
Synthetic Groom service,Groom service,Premium package,507,6,2,0,5074340,4.1,1,5,premium,5074340,150,600,2000000,5999999,"Premium tier needs Colombo metro or top-rated vendors. If over budget, drop spotlight vendors or reduce pax."
Synthetic Bridal Service,Bridal Service,Budget package,343,5,3,0,79448,4.7,0,3,budget,79448,50,350,25000,499999,"Look for per-person packages under Rs. 5,000 or flat vendors under Rs. 500k. Reduce guest count or pick a suburban district."
Artsy Romance,Photography & Videography,All-in-One Platinum I,200,3,3,0,200000,4.6,0,1,budget,200000,50,350,25000,499999,"Look for per-person packages under Rs. 5,000 or flat vendors under Rs. 500k. Reduce guest count or pick a suburban district."
Synthetic Jewellary,Jewellary,Mid package,178,7,2,0,729667,4.3,0,1,mid,729667,100,450,500000,1999999,You are between budget and premium. Compare 2–3 venue quotes. Keep guest count near 150–250 for mid-range halls.
Synthetic Caters,Caters,Premium package,533,2,3,1,10951,3.9,1,2,premium,5836883,150,600,2000000,5999999,"Premium tier needs Colombo metro or top-rated vendors. If over budget, drop spotlight vendors or reduce pax."
Synthetic Bridal Service,Bridal Service,Premium package,257,5,3,0,5005355,4.1,1,3,premium,5005355,150,600,2000000,5999999,"Premium tier needs Colombo metro or top-rated vendors. If over budget, drop spotlight vendors or reduce pax."
Synthetic Cakes,Cakes,Budget package,219,8,2,0,410511,4.4,0,4,budget,410511,50,350,25000,499999,"Look for per-person packages under Rs. 5,000 or flat vendors under Rs. 500k. Reduce guest count or pick a suburban district."
Synthetic Floral & Deco,Floral & Deco,Luxury package,714,4,1,0,11197451,4.6,0,4,luxury,11197451,200,800,6000000,15000000,Luxury predictions usually mean 400+ pax at Rs. 10k+ pp or flagship hotels. Re-check guest count and category.
Synthetic Caters,Caters,Luxury package,284,2,2,0,11309085,4.8,0,4,luxury,11309085,200,800,6000000,15000000,Luxury predictions usually mean 400+ pax at Rs. 10k+ pp or flagship hotels. Re-check guest count and category.
Synthetic Venue & Res. Halls,Venue & Res. Halls,Mid package,387,1,2,1,6453,3.9,0,5,mid,2497311,100,450,500000,1999999,You are between budget and premium. Compare 2–3 venue quotes. Keep guest count near 150–250 for mid-range halls.
Synthetic Cakes,Cakes,Luxury package,627,8,1,0,9280105,4.8,0,5,luxury,9280105,200,800,6000000,15000000,Luxury predictions usually mean 400+ pax at Rs. 10k+ pp or flagship hotels. Re-check guest count and category.
Synthetic Venue & Res. Halls,Venue & Res. Halls,Mid package,278,1,2,0,1121330,4.3,0,3,mid,1121330,100,450,500000,1999999,You are between budget and premium. Compare 2–3 venue quotes. Keep guest count near 150–250 for mid-range halls.
Synthetic Photography & Videography,Photography & Videography,Luxury package,460,3,2,0,11813474,4.3,0,3,luxury,11813474,200,800,6000000,15000000,Luxury predictions usually mean 400+ pax at Rs. 10k+ pp or flagship hotels. Re-check guest count and category.
Synthetic Venue & Res. Halls,Venue & Res. Halls,Premium package,373,1,1,1,9861,4.5,1,5,premium,3678153,150,600,2000000,5999999,"Premium tier needs Colombo metro or top-rated vendors. If over budget, drop spotlight vendors or reduce pax."
Synthetic Photography & Videography,Photography & Videography,Premium package,579,3,2,0,4100956,4.2,1,2,premium,4100956,150,600,2000000,5999999,"Premium tier needs Colombo metro or top-rated vendors. If over budget, drop spotlight vendors or reduce pax."
Synthetic Cakes,Cakes,Premium package,494,8,1,0,3392826,4.0,1,3,premium,3392826,150,600,2000000,5999999,"Premium tier needs Colombo metro or top-rated vendors. If over budget, drop spotlight vendors or reduce pax."
Synthetic Caters,Caters,Luxury package,545,2,2,1,21104,3.9,0,3,luxury,11501680,200,800,6000000,15000000,Luxury predictions usually mean 400+ pax at Rs. 10k+ pp or flagship hotels. Re-check guest count and category.
Synthetic Bridal Service,Bridal Service,Luxury package,556,5,1,0,7260990,3.8,0,4,luxury,7260990,200,800,6000000,15000000,Luxury predictions usually mean 400+ pax at Rs. 10k+ pp or flagship hotels. Re-check guest count and category.
Synthetic Floral & Deco,Floral & Deco,Premium package,256,4,1,0,3101407,4.1,1,2,premium,3101407,150,600,2000000,5999999,"Premium tier needs Colombo metro or top-rated vendors. If over budget, drop spotlight vendors or reduce pax."
Synthetic Caters,Caters,Luxury package,403,2,3,1,19347,4.5,0,1,luxury,7796841,200,800,6000000,15000000,Luxury predictions usually mean 400+ pax at Rs. 10k+ pp or flagship hotels. Re-check guest count and category.
Synthetic Photography & Videography,Photography & Videography,Mid package,134,3,1,0,555195,4.3,0,5,mid,555195,100,450,500000,1999999,You are between budget and premium. Compare 2–3 venue quotes. Keep guest count near 150–250 for mid-range halls.
Synthetic Venue & Res. Halls,Venue & Res. Halls,Luxury package,426,1,2,0,8732858,4.7,0,3,luxury,8732858,200,800,6000000,15000000,Luxury predictions usually mean 400+ pax at Rs. 10k+ pp or flagship hotels. Re-check guest count and category.
Pixgeek,Photography & Videography,Wedding-day coverage,200,3,3,0,60000,4.6,0,1,budget,60000,50,350,25000,499999,"Look for per-person packages under Rs. 5,000 or flat vendors under Rs. 500k. Reduce guest count or pick a suburban district."
Synthetic Groom service,Groom service,Mid package,338,6,1,0,1774984,4.9,0,5,mid,1774984,100,450,500000,1999999,You are between budget and premium. Compare 2–3 venue quotes. Keep guest count near 150–250 for mid-range halls.
Synthetic Photography & Videography,Photography & Videography,Premium package,280,3,2,0,4782595,4.6,1,4,premium,4782595,150,600,2000000,5999999,"Premium tier needs Colombo metro or top-rated vendors. If over budget, drop spotlight vendors or reduce pax."
Synthetic Groom service,Groom service,Mid package,235,6,1,0,1315038,4.1,0,2,mid,1315038,100,450,500000,1999999,You are between budget and premium. Compare 2–3 venue quotes. Keep guest count near 150–250 for mid-range halls.
Synthetic Groom service,Groom service,Luxury package,778,6,1,0,6108041,4.5,1,3,luxury,6108041,200,800,6000000,15000000,Luxury predictions usually mean 400+ pax at Rs. 10k+ pp or flagship hotels. Re-check guest count and category.
Synthetic Caters,Caters,Mid package,218,2,3,1,8710,4.6,0,5,mid,1898780,100,450,500000,1999999,You are between budget and premium. Compare 2–3 venue quotes. Keep guest count near 150–250 for mid-range halls.
Synthetic Caters,Caters,Mid package,250,2,2,1,6293,4.7,0,2,mid,1573250,100,450,500000,1999999,You are between budget and premium. Compare 2–3 venue quotes. Keep guest count near 150–250 for mid-range halls.
Sasika Boralessa Photography,Photography & Videography,Wedding-day coverage,200,3,2,0,46500,4.5,0,1,budget,46500,50,350,25000,499999,"Look for per-person packages under Rs. 5,000 or flat vendors under Rs. 500k. Reduce guest count or pick a suburban district."
Synthetic Groom service,Groom service,Luxury package,509,6,2,0,9453637,3.8,0,4,luxury,9453637,200,800,6000000,15000000,Luxury predictions usually mean 400+ pax at Rs. 10k+ pp or flagship hotels. Re-check guest count and category.
Synthetic Photography & Videography,Photography & Videography,Luxury package,647,3,3,0,10482547,4.9,0,3,luxury,10482547,200,800,6000000,15000000,Luxury predictions usually mean 400+ pax at Rs. 10k+ pp or flagship hotels. Re-check guest count and category.
Courtyard by Marriott Colombo,Venue & Res. Halls,Gold Dinner 2026 (nett pp),150,1,3,1,12948,4.8,1,1,mid,1942200,100,450,500000,1999999,You are between budget and premium. Compare 2–3 venue quotes. Keep guest count near 150–250 for mid-range halls.
Synthetic Jewellary,Jewellary,Premium package,538,7,2,0,4666818,4.7,1,1,premium,4666818,150,600,2000000,5999999,"Premium tier needs Colombo metro or top-rated vendors. If over budget, drop spotlight vendors or reduce pax."
Synthetic Bridal Service,Bridal Service,Premium package,594,5,2,0,2445851,4.8,0,4,premium,2445851,150,600,2000000,5999999,"Premium tier needs Colombo metro or top-rated vendors. If over budget, drop spotlight vendors or reduce pax."
Synthetic Venue & Res. Halls,Venue & Res. Halls,Luxury package,470,1,1,0,9166921,4.6,1,4,luxury,9166921,200,800,6000000,15000000,Luxury predictions usually mean 400+ pax at Rs. 10k+ pp or flagship hotels. Re-check guest count and category.
Eresh Jayanga Dias Photography,Photography & Videography,Package 04 - Wedding only,200,3,2,0,155000,4.6,0,1,budget,155000,50,350,25000,499999,"Look for per-person packages under Rs. 5,000 or flat vendors under Rs. 500k. Reduce guest count or pick a suburban district."
Synthetic Venue & Res. Halls,Venue & Res. Halls,Premium package,547,1,3,1,11714,4.2,0,2,premium,6407558,150,600,2000000,5999999,"Premium tier needs Colombo metro or top-rated vendors. If over budget, drop spotlight vendors or reduce pax."
Synthetic Photography & Videography,Photography & Videography,Premium package,174,3,3,0,5132212,3.8,0,3,premium,5132212,150,600,2000000,5999999,"Premium tier needs Colombo metro or top-rated vendors. If over budget, drop spotlight vendors or reduce pax."
Synthetic Jewellary,Jewellary,Mid package,411,7,3,0,639623,3.9,0,4,mid,639623,100,450,500000,1999999,You are between budget and premium. Compare 2–3 venue quotes. Keep guest count near 150–250 for mid-range halls.
Synthetic Photography & Videography,Photography & Videography,Luxury package,511,3,1,0,10085797,4.5,0,3,luxury,10085797,200,800,6000000,15000000,Luxury predictions usually mean 400+ pax at Rs. 10k+ pp or flagship hotels. Re-check guest count and category.
Synthetic Bridal Service,Bridal Service,Premium package,239,5,1,0,4152585,4.5,1,3,premium,4152585,150,600,2000000,5999999,"Premium tier needs Colombo metro or top-rated vendors. If over budget, drop spotlight vendors or reduce pax."
Ring Tales,Photography & Videography,Package 2,200,3,3,0,85000,4.7,0,1,budget,85000,50,350,25000,499999,"Look for per-person packages under Rs. 5,000 or flat vendors under Rs. 500k. Reduce guest count or pick a suburban district."
Sasika Boralessa Photography,Photography & Videography,Pre-shoot / engagement,200,3,2,0,18300,4.5,0,1,budget,18300,50,350,25000,499999,"Look for per-person packages under Rs. 5,000 or flat vendors under Rs. 500k. Reduce guest count or pick a suburban district."
Synthetic Photography & Videography,Photography & Videography,Budget package,197,3,1,0,356746,4.3,0,3,budget,356746,50,350,25000,499999,"Look for per-person packages under Rs. 5,000 or flat vendors under Rs. 500k. Reduce guest count or pick a suburban district."
Synthetic Bridal Service,Bridal Service,Luxury package,624,5,3,0,7337935,4.1,0,5,luxury,7337935,200,800,6000000,15000000,Luxury predictions usually mean 400+ pax at Rs. 10k+ pp or flagship hotels. Re-check guest count and category.
Lassana Flora,Floral & Deco,Wedding package,200,4,3,0,40000,4.8,1,1,budget,40000,50,350,25000,499999,"Look for per-person packages under Rs. 5,000 or flat vendors under Rs. 500k. Reduce guest count or pick a suburban district."
Synthetic Groom service,Groom service,Luxury package,430,6,1,0,8347675,3.9,1,2,luxury,8347675,200,800,6000000,15000000,Luxury predictions usually mean 400+ pax at Rs. 10k+ pp or flagship hotels. Re-check guest count and category.
Synthetic Floral & Deco,Floral & Deco,Premium package,535,4,2,0,4257055,4.4,1,4,premium,4257055,150,600,2000000,5999999,"Premium tier needs Colombo metro or top-rated vendors. If over budget, drop spotlight vendors or reduce pax."
Synthetic Photography & Videography,Photography & Videography,Luxury package,779,3,3,0,9619120,4.5,0,1,luxury,9619120,200,800,6000000,15000000,Luxury predictions usually mean 400+ pax at Rs. 10k+ pp or flagship hotels. Re-check guest count and category.
Everluxe Stories Photography,Photography & Videography,Engagement Package 04,200,3,3,0,85000,4.7,1,1,budget,85000,50,350,25000,499999,"Look for per-person packages under Rs. 5,000 or flat vendors under Rs. 500k. Reduce guest count or pick a suburban district."
Taj Samudra,Venue & Res. Halls,Wedding package,150,1,3,0,2200000,4.7,1,1,premium,2200000,150,600,2000000,5999999,"Premium tier needs Colombo metro or top-rated vendors. If over budget, drop spotlight vendors or reduce pax."
Synthetic Cakes,Cakes,Luxury package,693,8,3,0,7795670,4.5,0,4,luxury,7795670,200,800,6000000,15000000,Luxury predictions usually mean 400+ pax at Rs. 10k+ pp or flagship hotels. Re-check guest count and category.
Synthetic Photography & Videography,Photography & Videography,Premium package,594,3,2,0,4373040,4.6,0,3,premium,4373040,150,600,2000000,5999999,"Premium tier needs Colombo metro or top-rated vendors. If over budget, drop spotlight vendors or reduce pax."
Synthetic Venue & Res. Halls,Venue & Res. Halls,Budget package,283,1,2,1,4841,4.4,0,2,budget,1370003,50,350,25000,499999,"Look for per-person packages under Rs. 5,000 or flat vendors under Rs. 500k. Reduce guest count or pick a suburban district."
Synthetic Photography & Videography,Photography & Videography,Budget package,284,3,2,0,140702,4.3,0,4,budget,140702,50,350,25000,499999,"Look for per-person packages under Rs. 5,000 or flat vendors under Rs. 500k. Reduce guest count or pick a suburban district."
Synthetic Jewellary,Jewellary,Premium package,370,7,1,0,4974504,4.5,0,5,premium,4974504,150,600,2000000,5999999,"Premium tier needs Colombo metro or top-rated vendors. If over budget, drop spotlight vendors or reduce pax."
Synthetic Groom service,Groom service,Mid package,311,6,2,0,629937,3.8,0,4,mid,629937,100,450,500000,1999999,You are between budget and premium. Compare 2–3 venue quotes. Keep guest count near 150–250 for mid-range halls.
Synthetic Floral & Deco,Floral & Deco,Luxury package,556,4,3,0,11652793,4.0,0,1,luxury,11652793,200,800,6000000,15000000,Luxury predictions usually mean 400+ pax at Rs. 10k+ pp or flagship hotels. Re-check guest count and category.
Synthetic Groom service,Groom service,Mid package,174,6,3,0,544041,4.3,0,1,mid,544041,100,450,500000,1999999,You are between budget and premium. Compare 2–3 venue quotes. Keep guest count near 150–250 for mid-range halls.
Synthetic Bridal Service,Bridal Service,Luxury package,475,5,1,0,9276313,4.3,0,5,luxury,9276313,200,800,6000000,15000000,Luxury predictions usually mean 400+ pax at Rs. 10k+ pp or flagship hotels. Re-check guest count and category.
Synthetic Cakes,Cakes,Luxury package,399,8,2,0,9009245,4.5,1,1,luxury,9009245,200,800,6000000,15000000,Luxury predictions usually mean 400+ pax at Rs. 10k+ pp or flagship hotels. Re-check guest count and category.
Synthetic Caters,Caters,Mid package,133,2,3,1,9403,4.7,0,1,mid,1250599,100,450,500000,1999999,You are between budget and premium. Compare 2–3 venue quotes. Keep guest count near 150–250 for mid-range halls.
Synthetic Bridal Service,Bridal Service,Budget package,316,5,3,0,246116,4.4,0,4,budget,246116,50,350,25000,499999,"Look for per-person packages under Rs. 5,000 or flat vendors under Rs. 500k. Reduce guest count or pick a suburban district."
Synthetic Venue & Res. Halls,Venue & Res. Halls,Luxury package,782,1,2,1,21994,4.0,1,1,luxury,17199308,200,800,6000000,15000000,Luxury predictions usually mean 400+ pax at Rs. 10k+ pp or flagship hotels. Re-check guest count and category.
Synthetic Bridal Service,Bridal Service,Budget package,192,5,1,0,246285,4.2,0,3,budget,246285,50,350,25000,499999,"Look for per-person packages under Rs. 5,000 or flat vendors under Rs. 500k. Reduce guest count or pick a suburban district."
Synthetic Venue & Res. Halls,Venue & Res. Halls,Luxury package,537,1,1,1,18024,4.8,0,4,luxury,9678888,200,800,6000000,15000000,Luxury predictions usually mean 400+ pax at Rs. 10k+ pp or flagship hotels. Re-check guest count and category.
Synthetic Caters,Caters,Premium package,263,2,2,1,9008,3.9,0,2,premium,2369104,150,600,2000000,5999999,"Premium tier needs Colombo metro or top-rated vendors. If over budget, drop spotlight vendors or reduce pax."
Synthetic Photography & Videography,Photography & Videography,Premium package,355,3,1,0,2439786,4.9,0,3,premium,2439786,150,600,2000000,5999999,"Premium tier needs Colombo metro or top-rated vendors. If over budget, drop spotlight vendors or reduce pax."
Sampath Palliyaguruge Photography,Photography & Videography,Wedding-day coverage,200,3,3,0,75000,4.6,0,1,budget,75000,50,350,25000,499999,"Look for per-person packages under Rs. 5,000 or flat vendors under Rs. 500k. Reduce guest count or pick a suburban district."
Synthetic Caters,Caters,Budget package,247,2,2,1,3994,4.2,0,5,budget,986518,50,350,25000,499999,"Look for per-person packages under Rs. 5,000 or flat vendors under Rs. 500k. Reduce guest count or pick a suburban district."
Synthetic Cakes,Cakes,Mid package,248,8,1,0,796358,4.5,0,2,mid,796358,100,450,500000,1999999,You are between budget and premium. Compare 2–3 venue quotes. Keep guest count near 150–250 for mid-range halls.
Synthetic Caters,Caters,Luxury package,537,2,3,1,15391,4.8,1,1,luxury,8264967,200,800,6000000,15000000,Luxury predictions usually mean 400+ pax at Rs. 10k+ pp or flagship hotels. Re-check guest count and category.
Synthetic Photography & Videography,Photography & Videography,Luxury package,202,3,1,0,9588480,4.0,0,2,luxury,9588480,200,800,6000000,15000000,Luxury predictions usually mean 400+ pax at Rs. 10k+ pp or flagship hotels. Re-check guest count and category.
Tamarind Hill,Venue & Res. Halls,Wedding package,150,1,2,0,1200000,4.6,0,1,mid,1200000,100,450,500000,1999999,You are between budget and premium. Compare 2–3 venue quotes. Keep guest count near 150–250 for mid-range halls.
Synthetic Floral & Deco,Floral & Deco,Luxury package,505,4,1,0,11472822,4.0,1,3,luxury,11472822,200,800,6000000,15000000,Luxury predictions usually mean 400+ pax at Rs. 10k+ pp or flagship hotels. Re-check guest count and category.
Synthetic Cakes,Cakes,Mid package,238,8,3,0,1192562,4.6,0,4,mid,1192562,100,450,500000,1999999,You are between budget and premium. Compare 2–3 venue quotes. Keep guest count near 150–250 for mid-range halls.
Synthetic Cakes,Cakes,Budget package,96,8,2,0,421482,4.5,0,5,budget,421482,50,350,25000,499999,"Look for per-person packages under Rs. 5,000 or flat vendors under Rs. 500k. Reduce guest count or pick a suburban district."
Synthetic Floral & Deco,Floral & Deco,Luxury package,488,4,2,0,10056903,4.7,0,5,luxury,10056903,200,800,6000000,15000000,Luxury predictions usually mean 400+ pax at Rs. 10k+ pp or flagship hotels. Re-check guest count and category.
Synthetic Floral & Deco,Floral & Deco,Premium package,268,4,1,0,5458617,4.8,1,1,premium,5458617,150,600,2000000,5999999,"Premium tier needs Colombo metro or top-rated vendors. If over budget, drop spotlight vendors or reduce pax."
DR Creations,Photography & Videography,Wedding-day coverage,200,3,3,0,120000,4.9,1,1,budget,120000,50,350,25000,499999,"Look for per-person packages under Rs. 5,000 or flat vendors under Rs. 500k. Reduce guest count or pick a suburban district."
Synthetic Photography & Videography,Photography & Videography,Luxury package,623,3,1,0,6737667,4.3,1,3,luxury,6737667,200,800,6000000,15000000,Luxury predictions usually mean 400+ pax at Rs. 10k+ pp or flagship hotels. Re-check guest count and category.
Synthetic Jewellary,Jewellary,Luxury package,506,7,1,0,9996786,4.3,0,2,luxury,9996786,200,800,6000000,15000000,Luxury predictions usually mean 400+ pax at Rs. 10k+ pp or flagship hotels. Re-check guest count and category.
Synthetic Caters,Caters,Budget package,50,2,1,0,240971,3.8,0,1,budget,240971,50,350,25000,499999,"Look for per-person packages under Rs. 5,000 or flat vendors under Rs. 500k. Reduce guest count or pick a suburban district."
Synthetic Caters,Caters,Mid package,343,2,1,1,6630,4.4,0,3,mid,2274090,100,450,500000,1999999,You are between budget and premium. Compare 2–3 venue quotes. Keep guest count near 150–250 for mid-range halls.
Synthetic Floral & Deco,Floral & Deco,Luxury package,728,4,3,0,6290204,4.6,1,4,luxury,6290204,200,800,6000000,15000000,Luxury predictions usually mean 400+ pax at Rs. 10k+ pp or flagship hotels. Re-check guest count and category.
Synthetic Floral & Deco,Floral & Deco,Mid package,412,4,3,0,1099210,4.7,0,2,mid,1099210,100,450,500000,1999999,You are between budget and premium. Compare 2–3 venue quotes. Keep guest count near 150–250 for mid-range halls.
Synthetic Groom service,Groom service,Premium package,375,6,2,0,2961268,4.4,0,3,premium,2961268,150,600,2000000,5999999,"Premium tier needs Colombo metro or top-rated vendors. If over budget, drop spotlight vendors or reduce pax."
Synthetic Jewellary,Jewellary,Budget package,240,7,2,0,160641,4.8,0,4,budget,160641,50,350,25000,499999,"Look for per-person packages under Rs. 5,000 or flat vendors under Rs. 500k. Reduce guest count or pick a suburban district."
Synthetic Floral & Deco,Floral & Deco,Premium package,330,4,2,0,5421270,4.4,0,3,premium,5421270,150,600,2000000,5999999,"Premium tier needs Colombo metro or top-rated vendors. If over budget, drop spotlight vendors or reduce pax."
Nana Jewellers,Jewellary,Wedding package,120,7,3,0,80000,4.5,0,1,budget,80000,50,350,25000,499999,"Look for per-person packages under Rs. 5,000 or flat vendors under Rs. 500k. Reduce guest count or pick a suburban district."
Synthetic Caters,Caters,Premium package,235,2,1,0,4061572,4.5,0,3,premium,4061572,150,600,2000000,5999999,"Premium tier needs Colombo metro or top-rated vendors. If over budget, drop spotlight vendors or reduce pax."
Synthetic Venue & Res. Halls,Venue & Res. Halls,Premium package,520,1,2,0,3681959,3.9,0,4,premium,3681959,150,600,2000000,5999999,"Premium tier needs Colombo metro or top-rated vendors. If over budget, drop spotlight vendors or reduce pax."
Synthetic Bridal Service,Bridal Service,Mid package,269,5,2,0,1289374,4.9,0,4,mid,1289374,100,450,500000,1999999,You are between budget and premium. Compare 2–3 venue quotes. Keep guest count near 150–250 for mid-range halls.
Akalanka Kandanearachchi,Photography & Videography,Pre-shoot / engagement,200,3,3,0,57900,4.6,0,1,budget,57900,50,350,25000,499999,"Look for per-person packages under Rs. 5,000 or flat vendors under Rs. 500k. Reduce guest count or pick a suburban district."
Synthetic Photography & Videography,Photography & Videography,Mid package,424,3,3,0,1491925,3.8,0,5,mid,1491925,100,450,500000,1999999,You are between budget and premium. Compare 2–3 venue quotes. Keep guest count near 150–250 for mid-range halls.
Synthetic Jewellary,Jewellary,Luxury package,268,7,2,0,6288651,4.1,0,3,luxury,6288651,200,800,6000000,15000000,Luxury predictions usually mean 400+ pax at Rs. 10k+ pp or flagship hotels. Re-check guest count and category.
Synthetic Venue & Res. Halls,Venue & Res. Halls,Mid package,336,1,1,1,7852,4.6,0,3,mid,2638272,100,450,500000,1999999,You are between budget and premium. Compare 2–3 venue quotes. Keep guest count near 150–250 for mid-range halls.
Tidbits Bridal,Bridal Service,Wedding package,120,5,3,0,25000,4.4,0,1,budget,25000,50,350,25000,499999,"Look for per-person packages under Rs. 5,000 or flat vendors under Rs. 500k. Reduce guest count or pick a suburban district."
Synthetic Caters,Caters,Luxury package,258,2,2,1,18893,3.8,0,1,luxury,4874394,200,800,6000000,15000000,Luxury predictions usually mean 400+ pax at Rs. 10k+ pp or flagship hotels. Re-check guest count and category.
Synthetic Jewellary,Jewellary,Mid package,325,7,2,0,655282,4.3,0,5,mid,655282,100,450,500000,1999999,You are between budget and premium. Compare 2–3 venue quotes. Keep guest count near 150–250 for mid-range halls.
Synthetic Cakes,Cakes,Budget package,140,8,2,0,431139,4.5,0,2,budget,431139,50,350,25000,499999,"Look for per-person packages under Rs. 5,000 or flat vendors under Rs. 500k. Reduce guest count or pick a suburban district."
Synthetic Bridal Service,Bridal Service,Budget package,63,5,1,0,130989,4.1,0,2,budget,130989,50,350,25000,499999,"Look for per-person packages under Rs. 5,000 or flat vendors under Rs. 500k. Reduce guest count or pick a suburban district."
Synthetic Venue & Res. Halls,Venue & Res. Halls,Luxury package,800,1,2,0,11727149,4.6,0,5,luxury,11727149,200,800,6000000,15000000,Luxury predictions usually mean 400+ pax at Rs. 10k+ pp or flagship hotels. Re-check guest count and category.
Synthetic Venue & Res. Halls,Venue & Res. Halls,Budget package,65,1,1,1,5245,3.9,0,5,budget,340925,50,350,25000,499999,"Look for per-person packages under Rs. 5,000 or flat vendors under Rs. 500k. Reduce guest count or pick a suburban district."
Madush Malpathi Photography,Photography & Videography,Wedding-day coverage,200,3,3,0,60000,4.6,0,1,budget,60000,50,350,25000,499999,"Look for per-person packages under Rs. 5,000 or flat vendors under Rs. 500k. Reduce guest count or pick a suburban district."
Synthetic Photography & Videography,Photography & Videography,Premium package,244,3,1,0,3488979,4.8,1,1,premium,3488979,150,600,2000000,5999999,"Premium tier needs Colombo metro or top-rated vendors. If over budget, drop spotlight vendors or reduce pax."
Nolimit,Groom service,Wedding package,120,6,3,0,15000,4.4,0,1,budget,15000,50,350,25000,499999,"Look for per-person packages under Rs. 5,000 or flat vendors under Rs. 500k. Reduce guest count or pick a suburban district."
Synthetic Photography & Videography,Photography & Videography,Premium package,286,3,3,0,2393001,4.2,1,4,premium,2393001,150,600,2000000,5999999,"Premium tier needs Colombo metro or top-rated vendors. If over budget, drop spotlight vendors or reduce pax."
Synthetic Venue & Res. Halls,Venue & Res. Halls,Mid package,213,1,2,1,9092,4.5,0,4,mid,1936596,100,450,500000,1999999,You are between budget and premium. Compare 2–3 venue quotes. Keep guest count near 150–250 for mid-range halls.
Synthetic Cakes,Cakes,Budget package,138,8,2,0,358156,4.4,0,3,budget,358156,50,350,25000,499999,"Look for per-person packages under Rs. 5,000 or flat vendors under Rs. 500k. Reduce guest count or pick a suburban district."
Synthetic Jewellary,Jewellary,Premium package,337,7,2,0,4611986,4.6,0,2,premium,4611986,150,600,2000000,5999999,"Premium tier needs Colombo metro or top-rated vendors. If over budget, drop spotlight vendors or reduce pax."
Synthetic Caters,Caters,Luxury package,708,2,2,1,18318,4.6,0,1,luxury,12969144,200,800,6000000,15000000,Luxury predictions usually mean 400+ pax at Rs. 10k+ pp or flagship hotels. Re-check guest count and category.
Synthetic Venue & Res. Halls,Venue & Res. Halls,Luxury package,377,1,3,1,21766,4.5,0,3,luxury,8205782,200,800,6000000,15000000,Luxury predictions usually mean 400+ pax at Rs. 10k+ pp or flagship hotels. Re-check guest count and category.
Synthetic Venue & Res. Halls,Venue & Res. Halls,Luxury package,633,1,1,0,6471269,4.1,0,5,luxury,6471269,200,800,6000000,15000000,Luxury predictions usually mean 400+ pax at Rs. 10k+ pp or flagship hotels. Re-check guest count and category.
Synthetic Photography & Videography,Photography & Videography,Luxury package,523,3,2,0,9918748,4.7,1,2,luxury,9918748,200,800,6000000,15000000,Luxury predictions usually mean 400+ pax at Rs. 10k+ pp or flagship hotels. Re-check guest count and category.
Synthetic Caters,Caters,Premium package,245,2,3,0,3469336,4.5,1,2,premium,3469336,150,600,2000000,5999999,"Premium tier needs Colombo metro or top-rated vendors. If over budget, drop spotlight vendors or reduce pax."
Synthetic Bridal Service,Bridal Service,Luxury package,297,5,2,0,11091692,3.9,0,3,luxury,11091692,200,800,6000000,15000000,Luxury predictions usually mean 400+ pax at Rs. 10k+ pp or flagship hotels. Re-check guest count and category.
Synthetic Cakes,Cakes,Premium package,440,8,3,0,3030946,4.7,0,5,premium,3030946,150,600,2000000,5999999,"Premium tier needs Colombo metro or top-rated vendors. If over budget, drop spotlight vendors or reduce pax."
Synthetic Floral & Deco,Floral & Deco,Budget package,266,4,3,0,150953,4.9,0,4,budget,150953,50,350,25000,499999,"Look for per-person packages under Rs. 5,000 or flat vendors under Rs. 500k. Reduce guest count or pick a suburban district."
Synthetic Jewellary,Jewellary,Luxury package,581,7,1,0,9949441,3.9,0,2,luxury,9949441,200,800,6000000,15000000,Luxury predictions usually mean 400+ pax at Rs. 10k+ pp or flagship hotels. Re-check guest count and category.
Synthetic Caters,Caters,Mid package,446,2,1,1,7868,3.9,0,5,mid,3509128,100,450,500000,1999999,You are between budget and premium. Compare 2–3 venue quotes. Keep guest count near 150–250 for mid-range halls.
Synthetic Groom service,Groom service,Luxury package,205,6,2,0,7015801,4.1,0,3,luxury,7015801,200,800,6000000,15000000,Luxury predictions usually mean 400+ pax at Rs. 10k+ pp or flagship hotels. Re-check guest count and category.
Keells Catering,Caters,Wedding package,150,2,3,0,100000,4.5,0,1,budget,100000,50,350,25000,499999,"Look for per-person packages under Rs. 5,000 or flat vendors under Rs. 500k. Reduce guest count or pick a suburban district."
Synthetic Groom service,Groom service,Mid package,323,6,1,0,1109706,4.9,0,1,mid,1109706,100,450,500000,1999999,You are between budget and premium. Compare 2–3 venue quotes. Keep guest count near 150–250 for mid-range halls.
Grand Minaro Crystal Ballroom,Venue & Res. Halls,Bite menu for wedding functions (net/kg),150,1,3,1,1450,4.8,1,1,budget,217500,50,350,25000,499999,"Look for per-person packages under Rs. 5,000 or flat vendors under Rs. 500k. Reduce guest count or pick a suburban district."
Brides Mark,Bridal Service,Frock rent,120,5,2,0,15000,4.6,1,1,budget,15000,50,350,25000,499999,"Look for per-person packages under Rs. 5,000 or flat vendors under Rs. 500k. Reduce guest count or pick a suburban district."
Synthetic Jewellary,Jewellary,Mid package,110,7,2,0,566144,4.8,0,5,mid,566144,100,450,500000,1999999,You are between budget and premium. Compare 2–3 venue quotes. Keep guest count near 150–250 for mid-range halls.
Synthetic Floral & Deco,Floral & Deco,Luxury package,424,4,1,0,10228664,4.8,1,4,luxury,10228664,200,800,6000000,15000000,Luxury predictions usually mean 400+ pax at Rs. 10k+ pp or flagship hotels. Re-check guest count and category.
Synthetic Photography & Videography,Photography & Videography,Mid package,450,3,2,0,1274615,3.9,0,3,mid,1274615,100,450,500000,1999999,You are between budget and premium. Compare 2–3 venue quotes. Keep guest count near 150–250 for mid-range halls.
Synthetic Floral & Deco,Floral & Deco,Luxury package,411,4,1,0,11029002,4.3,0,1,luxury,11029002,200,800,6000000,15000000,Luxury predictions usually mean 400+ pax at Rs. 10k+ pp or flagship hotels. Re-check guest count and category.
Synthetic Bridal Service,Bridal Service,Luxury package,435,5,2,0,10240669,4.3,0,3,luxury,10240669,200,800,6000000,15000000,Luxury predictions usually mean 400+ pax at Rs. 10k+ pp or flagship hotels. Re-check guest count and category.
Synthetic Bridal Service,Bridal Service,Luxury package,502,5,3,0,7761547,4.4,0,2,luxury,7761547,200,800,6000000,15000000,Luxury predictions usually mean 400+ pax at Rs. 10k+ pp or flagship hotels. Re-check guest count and category.
Synthetic Jewellary,Jewellary,Premium package,238,7,1,0,4102972,4.4,0,3,premium,4102972,150,600,2000000,5999999,"Premium tier needs Colombo metro or top-rated vendors. If over budget, drop spotlight vendors or reduce pax."
Synthetic Jewellary,Jewellary,Premium package,331,7,1,0,4541800,4.4,1,5,premium,4541800,150,600,2000000,5999999,"Premium tier needs Colombo metro or top-rated vendors. If over budget, drop spotlight vendors or reduce pax."
Synthetic Groom service,Groom service,Luxury package,382,6,2,0,6426777,4.0,0,1,luxury,6426777,200,800,6000000,15000000,Luxury predictions usually mean 400+ pax at Rs. 10k+ pp or flagship hotels. Re-check guest count and category.
Synthetic Venue & Res. Halls,Venue & Res. Halls,Premium package,492,1,2,1,9901,4.2,0,4,premium,4871292,150,600,2000000,5999999,"Premium tier needs Colombo metro or top-rated vendors. If over budget, drop spotlight vendors or reduce pax."
Synthetic Floral & Deco,Floral & Deco,Luxury package,477,4,1,0,11735333,4.9,1,2,luxury,11735333,200,800,6000000,15000000,Luxury predictions usually mean 400+ pax at Rs. 10k+ pp or flagship hotels. Re-check guest count and category.
Synthetic Caters,Caters,Budget package,125,2,1,0,408197,4.8,0,4,budget,408197,50,350,25000,499999,"Look for per-person packages under Rs. 5,000 or flat vendors under Rs. 500k. Reduce guest count or pick a suburban district."
Synthetic Groom service,Groom service,Luxury package,260,6,1,0,9973612,4.8,1,4,luxury,9973612,200,800,6000000,15000000,Luxury predictions usually mean 400+ pax at Rs. 10k+ pp or flagship hotels. Re-check guest count and category.
Synthetic Cakes,Cakes,Premium package,213,8,1,0,3354559,4.3,1,3,premium,3354559,150,600,2000000,5999999,"Premium tier needs Colombo metro or top-rated vendors. If over budget, drop spotlight vendors or reduce pax."
Synthetic Groom service,Groom service,Luxury package,352,6,2,0,11997108,4.3,0,5,luxury,11997108,200,800,6000000,15000000,Luxury predictions usually mean 400+ pax at Rs. 10k+ pp or flagship hotels. Re-check guest count and category.
Synthetic Groom service,Groom service,Premium package,241,6,2,0,2397197,4.2,0,2,premium,2397197,150,600,2000000,5999999,"Premium tier needs Colombo metro or top-rated vendors. If over budget, drop spotlight vendors or reduce pax."
Synthetic Caters,Caters,Luxury package,254,2,1,0,7789294,4.8,0,3,luxury,7789294,200,800,6000000,15000000,Luxury predictions usually mean 400+ pax at Rs. 10k+ pp or flagship hotels. Re-check guest count and category.
Synthetic Groom service,Groom service,Luxury package,590,6,3,0,10399227,4.2,0,5,luxury,10399227,200,800,6000000,15000000,Luxury predictions usually mean 400+ pax at Rs. 10k+ pp or flagship hotels. Re-check guest count and category.
Synthetic Venue & Res. Halls,Venue & Res. Halls,Luxury package,479,1,3,1,14545,4.9,0,5,luxury,6967055,200,800,6000000,15000000,Luxury predictions usually mean 400+ pax at Rs. 10k+ pp or flagship hotels. Re-check guest count and category.
Synthetic Venue & Res. Halls,Venue & Res. Halls,Premium package,418,1,3,1,12709,4.6,1,2,premium,5312362,150,600,2000000,5999999,"Premium tier needs Colombo metro or top-rated vendors. If over budget, drop spotlight vendors or reduce pax."
Synthetic Jewellary,Jewellary,Mid package,449,7,3,0,908652,4.8,0,1,mid,908652,100,450,500000,1999999,You are between budget and premium. Compare 2–3 venue quotes. Keep guest count near 150–250 for mid-range halls.
Synthetic Cakes,Cakes,Luxury package,615,8,2,0,7283114,4.1,1,2,luxury,7283114,200,800,6000000,15000000,Luxury predictions usually mean 400+ pax at Rs. 10k+ pp or flagship hotels. Re-check guest count and category.
Synthetic Bridal Service,Bridal Service,Premium package,405,5,1,0,5415631,4.5,1,1,premium,5415631,150,600,2000000,5999999,"Premium tier needs Colombo metro or top-rated vendors. If over budget, drop spotlight vendors or reduce pax."
Synthetic Floral & Deco,Floral & Deco,Luxury package,393,4,1,0,6743402,4.0,1,1,luxury,6743402,200,800,6000000,15000000,Luxury predictions usually mean 400+ pax at Rs. 10k+ pp or flagship hotels. Re-check guest count and category.
Synthetic Cakes,Cakes,Luxury package,545,8,3,0,10512641,4.0,1,2,luxury,10512641,200,800,6000000,15000000,Luxury predictions usually mean 400+ pax at Rs. 10k+ pp or flagship hotels. Re-check guest count and category.
Synthetic Cakes,Cakes,Budget package,331,8,3,0,184952,4.3,0,1,budget,184952,50,350,25000,499999,"Look for per-person packages under Rs. 5,000 or flat vendors under Rs. 500k. Reduce guest count or pick a suburban district."
Synthetic Venue & Res. Halls,Venue & Res. Halls,Mid package,362,1,3,1,9324,3.9,0,1,mid,3375288,100,450,500000,1999999,You are between budget and premium. Compare 2–3 venue quotes. Keep guest count near 150–250 for mid-range halls.
Synthetic Jewellary,Jewellary,Premium package,252,7,3,0,3116393,4.5,0,3,premium,3116393,150,600,2000000,5999999,"Premium tier needs Colombo metro or top-rated vendors. If over budget, drop spotlight vendors or reduce pax."
Synthetic Venue & Res. Halls,Venue & Res. Halls,Premium package,292,1,1,0,4275742,3.8,0,1,premium,4275742,150,600,2000000,5999999,"Premium tier needs Colombo metro or top-rated vendors. If over budget, drop spotlight vendors or reduce pax."
Synthetic Floral & Deco,Floral & Deco,Mid package,409,4,2,0,1426574,4.4,0,5,mid,1426574,100,450,500000,1999999,You are between budget and premium. Compare 2–3 venue quotes. Keep guest count near 150–250 for mid-range halls.
Synthetic Caters,Caters,Premium package,349,2,2,1,11922,4.1,0,2,premium,4160778,150,600,2000000,5999999,"Premium tier needs Colombo metro or top-rated vendors. If over budget, drop spotlight vendors or reduce pax."
Synthetic Photography & Videography,Photography & Videography,Premium package,578,3,3,0,4913117,4.8,0,3,premium,4913117,150,600,2000000,5999999,"Premium tier needs Colombo metro or top-rated vendors. If over budget, drop spotlight vendors or reduce pax."
Synthetic Floral & Deco,Floral & Deco,Mid package,430,4,1,0,690510,3.9,0,1,mid,690510,100,450,500000,1999999,You are between budget and premium. Compare 2–3 venue quotes. Keep guest count near 150–250 for mid-range halls.
Synthetic Photography & Videography,Photography & Videography,Mid package,226,3,2,0,600666,3.9,0,4,mid,600666,100,450,500000,1999999,You are between budget and premium. Compare 2–3 venue quotes. Keep guest count near 150–250 for mid-range halls.
Synthetic Caters,Caters,Mid package,299,2,3,1,6307,4.5,0,4,mid,1885793,100,450,500000,1999999,You are between budget and premium. Compare 2–3 venue quotes. Keep guest count near 150–250 for mid-range halls.
Synthetic Cakes,Cakes,Premium package,256,8,3,0,2141746,4.1,0,1,premium,2141746,150,600,2000000,5999999,"Premium tier needs Colombo metro or top-rated vendors. If over budget, drop spotlight vendors or reduce pax."
Synthetic Venue & Res. Halls,Venue & Res. Halls,Premium package,369,1,1,1,10591,3.8,0,1,premium,3908079,150,600,2000000,5999999,"Premium tier needs Colombo metro or top-rated vendors. If over budget, drop spotlight vendors or reduce pax."
Synthetic Cakes,Cakes,Premium package,169,8,2,0,4456586,4.7,0,5,premium,4456586,150,600,2000000,5999999,"Premium tier needs Colombo metro or top-rated vendors. If over budget, drop spotlight vendors or reduce pax."
Synthetic Groom service,Groom service,Premium package,158,6,2,0,5367050,4.4,0,5,premium,5367050,150,600,2000000,5999999,"Premium tier needs Colombo metro or top-rated vendors. If over budget, drop spotlight vendors or reduce pax."
Synthetic Caters,Caters,Luxury package,781,2,2,1,15375,4.6,0,3,luxury,12007875,200,800,6000000,15000000,Luxury predictions usually mean 400+ pax at Rs. 10k+ pp or flagship hotels. Re-check guest count and category.
Synthetic Venue & Res. Halls,Venue & Res. Halls,Premium package,548,1,1,1,9529,4.0,0,5,premium,5221892,150,600,2000000,5999999,"Premium tier needs Colombo metro or top-rated vendors. If over budget, drop spotlight vendors or reduce pax."
Synthetic Jewellary,Jewellary,Premium package,483,7,1,0,2494876,4.7,0,3,premium,2494876,150,600,2000000,5999999,"Premium tier needs Colombo metro or top-rated vendors. If over budget, drop spotlight vendors or reduce pax."
Synthetic Jewellary,Jewellary,Premium package,378,7,3,0,2827307,4.3,1,2,premium,2827307,150,600,2000000,5999999,"Premium tier needs Colombo metro or top-rated vendors. If over budget, drop spotlight vendors or reduce pax."
Synthetic Photography & Videography,Photography & Videography,Luxury package,626,3,1,0,9910231,4.6,1,5,luxury,9910231,200,800,6000000,15000000,Luxury predictions usually mean 400+ pax at Rs. 10k+ pp or flagship hotels. Re-check guest count and category.
Synthetic Caters,Caters,Luxury package,615,2,2,1,18003,4.6,0,4,luxury,11071845,200,800,6000000,15000000,Luxury predictions usually mean 400+ pax at Rs. 10k+ pp or flagship hotels. Re-check guest count and category.
Synthetic Caters,Caters,Premium package,394,2,1,1,13021,3.9,1,4,premium,5130274,150,600,2000000,5999999,"Premium tier needs Colombo metro or top-rated vendors. If over budget, drop spotlight vendors or reduce pax."
Synthetic Floral & Deco,Floral & Deco,Luxury package,421,4,1,0,7348746,4.3,0,5,luxury,7348746,200,800,6000000,15000000,Luxury predictions usually mean 400+ pax at Rs. 10k+ pp or flagship hotels. Re-check guest count and category.
Synthetic Photography & Videography,Photography & Videography,Luxury package,736,3,3,0,8639985,4.1,1,1,luxury,8639985,200,800,6000000,15000000,Luxury predictions usually mean 400+ pax at Rs. 10k+ pp or flagship hotels. Re-check guest count and category.
Synthetic Cakes,Cakes,Luxury package,218,8,3,0,8291931,3.8,0,2,luxury,8291931,200,800,6000000,15000000,Luxury predictions usually mean 400+ pax at Rs. 10k+ pp or flagship hotels. Re-check guest count and category.
Synthetic Caters,Caters,Luxury package,760,2,3,0,7123383,3.9,0,5,luxury,7123383,200,800,6000000,15000000,Luxury predictions usually mean 400+ pax at Rs. 10k+ pp or flagship hotels. Re-check guest count and category.
Synthetic Cakes,Cakes,Mid package,210,8,3,0,1597554,4.6,0,4,mid,1597554,100,450,500000,1999999,You are between budget and premium. Compare 2–3 venue quotes. Keep guest count near 150–250 for mid-range halls.
Synthetic Cakes,Cakes,Mid package,437,8,2,0,1555759,4.3,0,4,mid,1555759,100,450,500000,1999999,You are between budget and premium. Compare 2–3 venue quotes. Keep guest count near 150–250 for mid-range halls.
Hilton Colombo,Venue & Res. Halls,Wedding package,150,1,3,0,2500000,4.7,1,1,premium,2500000,150,600,2000000,5999999,"Premium tier needs Colombo metro or top-rated vendors. If over budget, drop spotlight vendors or reduce pax."
Synthetic Bridal Service,Bridal Service,Luxury package,576,5,2,0,7739350,4.7,0,1,luxury,7739350,200,800,6000000,15000000,Luxury predictions usually mean 400+ pax at Rs. 10k+ pp or flagship hotels. Re-check guest count and category.
Heritance Tea Factory,Venue & Res. Halls,Wedding package,150,1,1,0,1500000,4.8,1,1,mid,1500000,100,450,500000,1999999,You are between budget and premium. Compare 2–3 venue quotes. Keep guest count near 150–250 for mid-range halls.
Synthetic Bridal Service,Bridal Service,Mid package,241,5,1,0,1018953,4.7,0,4,mid,1018953,100,450,500000,1999999,You are between budget and premium. Compare 2–3 venue quotes. Keep guest count near 150–250 for mid-range halls.
Synthetic Photography & Videography,Photography & Videography,Mid package,270,3,1,0,1485283,4.3,0,2,mid,1485283,100,450,500000,1999999,You are between budget and premium. Compare 2–3 venue quotes. Keep guest count near 150–250 for mid-range halls.
Synthetic Groom service,Groom service,Premium package,403,6,2,0,2265819,4.9,1,4,premium,2265819,150,600,2000000,5999999,"Premium tier needs Colombo metro or top-rated vendors. If over budget, drop spotlight vendors or reduce pax."
Synthetic Bridal Service,Bridal Service,Premium package,582,5,3,0,4400535,4.1,0,5,premium,4400535,150,600,2000000,5999999,"Premium tier needs Colombo metro or top-rated vendors. If over budget, drop spotlight vendors or reduce pax."
Synthetic Cakes,Cakes,Luxury package,585,8,2,0,10063527,4.0,0,4,luxury,10063527,200,800,6000000,15000000,Luxury predictions usually mean 400+ pax at Rs. 10k+ pp or flagship hotels. Re-check guest count and category.
Synthetic Jewellary,Jewellary,Premium package,529,7,3,0,2108794,4.5,0,3,premium,2108794,150,600,2000000,5999999,"Premium tier needs Colombo metro or top-rated vendors. If over budget, drop spotlight vendors or reduce pax."
Clover Banquets & Resorts,Venue & Res. Halls,"Platinum Menu (Emerald & Gold, 150-800 pax)",150,1,2,1,6100,4.7,1,1,mid,915000,100,450,500000,1999999,You are between budget and premium. Compare 2–3 venue quotes. Keep guest count near 150–250 for mid-range halls.
Synthetic Venue & Res. Halls,Venue & Res. Halls,Premium package,420,1,2,1,12020,4.0,1,5,premium,5048400,150,600,2000000,5999999,"Premium tier needs Colombo metro or top-rated vendors. If over budget, drop spotlight vendors or reduce pax."
Cinnamon Red Colombo,Venue & Res. Halls,Wedding package,150,1,3,0,800000,4.5,0,1,mid,800000,100,450,500000,1999999,You are between budget and premium. Compare 2–3 venue quotes. Keep guest count near 150–250 for mid-range halls.
Synthetic Caters,Caters,Premium package,150,2,3,1,13572,4.3,0,3,premium,2035800,150,600,2000000,5999999,"Premium tier needs Colombo metro or top-rated vendors. If over budget, drop spotlight vendors or reduce pax."
Synthetic Bridal Service,Bridal Service,Luxury package,576,5,1,0,10553911,3.9,0,1,luxury,10553911,200,800,6000000,15000000,Luxury predictions usually mean 400+ pax at Rs. 10k+ pp or flagship hotels. Re-check guest count and category.
Synthetic Jewellary,Jewellary,Mid package,266,7,2,0,555317,4.1,0,1,mid,555317,100,450,500000,1999999,You are between budget and premium. Compare 2–3 venue quotes. Keep guest count near 150–250 for mid-range halls.
Synthetic Jewellary,Jewellary,Luxury package,596,7,3,0,8714684,4.3,0,5,luxury,8714684,200,800,6000000,15000000,Luxury predictions usually mean 400+ pax at Rs. 10k+ pp or flagship hotels. Re-check guest count and category.
Synthetic Jewellary,Jewellary,Premium package,495,7,1,0,3073918,4.4,0,3,premium,3073918,150,600,2000000,5999999,"Premium tier needs Colombo metro or top-rated vendors. If over budget, drop spotlight vendors or reduce pax."
Synthetic Floral & Deco,Floral & Deco,Budget package,226,4,2,0,371823,4.0,0,4,budget,371823,50,350,25000,499999,"Look for per-person packages under Rs. 5,000 or flat vendors under Rs. 500k. Reduce guest count or pick a suburban district."
Synthetic Groom service,Groom service,Luxury package,371,6,1,0,7153560,3.9,0,2,luxury,7153560,200,800,6000000,15000000,Luxury predictions usually mean 400+ pax at Rs. 10k+ pp or flagship hotels. Re-check guest count and category.
Studio Wow Images,Photography & Videography,Bronze Package 03,200,3,1,0,130000,4.6,0,1,budget,130000,50,350,25000,499999,"Look for per-person packages under Rs. 5,000 or flat vendors under Rs. 500k. Reduce guest count or pick a suburban district."
Cape Weligama,Venue & Res. Halls,Wedding package,150,1,1,0,4000000,4.9,1,1,premium,4000000,150,600,2000000,5999999,"Premium tier needs Colombo metro or top-rated vendors. If over budget, drop spotlight vendors or reduce pax."
Berjaya Hotel Colombo,Venue & Res. Halls,Wedding package,150,1,3,0,800000,4.4,0,1,mid,800000,100,450,500000,1999999,You are between budget and premium. Compare 2–3 venue quotes. Keep guest count near 150–250 for mid-range halls.
Synthetic Bridal Service,Bridal Service,Premium package,510,5,1,0,3857647,4.0,1,3,premium,3857647,150,600,2000000,5999999,"Premium tier needs Colombo metro or top-rated vendors. If over budget, drop spotlight vendors or reduce pax."
Synthetic Bridal Service,Bridal Service,Mid package,417,5,2,0,763627,4.0,0,5,mid,763627,100,450,500000,1999999,You are between budget and premium. Compare 2–3 venue quotes. Keep guest count near 150–250 for mid-range halls.
Synthetic Caters,Caters,Mid package,415,2,2,1,8026,4.6,0,5,mid,3330790,100,450,500000,1999999,You are between budget and premium. Compare 2–3 venue quotes. Keep guest count near 150–250 for mid-range halls.
Synthetic Bridal Service,Bridal Service,Luxury package,680,5,2,0,11972454,3.9,0,3,luxury,11972454,200,800,6000000,15000000,Luxury predictions usually mean 400+ pax at Rs. 10k+ pp or flagship hotels. Re-check guest count and category.
Synthetic Groom service,Groom service,Luxury package,354,6,1,0,9082191,4.9,0,2,luxury,9082191,200,800,6000000,15000000,Luxury predictions usually mean 400+ pax at Rs. 10k+ pp or flagship hotels. Re-check guest count and category.
Synthetic Photography & Videography,Photography & Videography,Premium package,290,3,1,0,4386358,4.6,1,3,premium,4386358,150,600,2000000,5999999,"Premium tier needs Colombo metro or top-rated vendors. If over budget, drop spotlight vendors or reduce pax."
Synthetic Jewellary,Jewellary,Mid package,187,7,2,0,1760911,4.2,0,1,mid,1760911,100,450,500000,1999999,You are between budget and premium. Compare 2–3 venue quotes. Keep guest count near 150–250 for mid-range halls.
Synthetic Floral & Deco,Floral & Deco,Luxury package,533,4,1,0,9876070,4.5,1,2,luxury,9876070,200,800,6000000,15000000,Luxury predictions usually mean 400+ pax at Rs. 10k+ pp or flagship hotels. Re-check guest count and category.
Synthetic Floral & Deco,Floral & Deco,Premium package,428,4,1,0,4092227,4.0,1,2,premium,4092227,150,600,2000000,5999999,"Premium tier needs Colombo metro or top-rated vendors. If over budget, drop spotlight vendors or reduce pax."
Nilame Dress Hire,Groom service,Wedding package,120,6,2,0,15000,4.6,0,1,budget,15000,50,350,25000,499999,"Look for per-person packages under Rs. 5,000 or flat vendors under Rs. 500k. Reduce guest count or pick a suburban district."
Synthetic Bridal Service,Bridal Service,Budget package,246,5,1,0,162059,4.1,0,2,budget,162059,50,350,25000,499999,"Look for per-person packages under Rs. 5,000 or flat vendors under Rs. 500k. Reduce guest count or pick a suburban district."
Synthetic Bridal Service,Bridal Service,Mid package,447,5,3,0,1191371,4.4,0,4,mid,1191371,100,450,500000,1999999,You are between budget and premium. Compare 2–3 venue quotes. Keep guest count near 150–250 for mid-range halls.
Synthetic Cakes,Cakes,Mid package,288,8,2,0,855103,3.9,0,1,mid,855103,100,450,500000,1999999,You are between budget and premium. Compare 2–3 venue quotes. Keep guest count near 150–250 for mid-range halls.
Synthetic Photography & Videography,Photography & Videography,Budget package,337,3,2,0,40233,4.3,0,1,budget,40233,50,350,25000,499999,"Look for per-person packages under Rs. 5,000 or flat vendors under Rs. 500k. Reduce guest count or pick a suburban district."
Synthetic Bridal Service,Bridal Service,Mid package,283,5,1,0,1298701,3.8,0,4,mid,1298701,100,450,500000,1999999,You are between budget and premium. Compare 2–3 venue quotes. Keep guest count near 150–250 for mid-range halls.
Synthetic Venue & Res. Halls,Venue & Res. Halls,Luxury package,318,1,3,1,20534,4.4,0,2,luxury,6529812,200,800,6000000,15000000,Luxury predictions usually mean 400+ pax at Rs. 10k+ pp or flagship hotels. Re-check guest count and category.
Synthetic Bridal Service,Bridal Service,Premium package,510,5,3,0,3496002,4.6,0,1,premium,3496002,150,600,2000000,5999999,"Premium tier needs Colombo metro or top-rated vendors. If over budget, drop spotlight vendors or reduce pax."
Synthetic Floral & Deco,Floral & Deco,Premium package,260,4,2,0,4064948,3.9,0,4,premium,4064948,150,600,2000000,5999999,"Premium tier needs Colombo metro or top-rated vendors. If over budget, drop spotlight vendors or reduce pax."
Synthetic Cakes,Cakes,Luxury package,276,8,1,0,10781350,4.8,0,4,luxury,10781350,200,800,6000000,15000000,Luxury predictions usually mean 400+ pax at Rs. 10k+ pp or flagship hotels. Re-check guest count and category.
Synthetic Floral & Deco,Floral & Deco,Mid package,414,4,2,0,1568877,3.9,0,5,mid,1568877,100,450,500000,1999999,You are between budget and premium. Compare 2–3 venue quotes. Keep guest count near 150–250 for mid-range halls.
Synthetic Groom service,Groom service,Luxury package,527,6,1,0,9074882,4.6,0,4,luxury,9074882,200,800,6000000,15000000,Luxury predictions usually mean 400+ pax at Rs. 10k+ pp or flagship hotels. Re-check guest count and category.
Synthetic Floral & Deco,Floral & Deco,Mid package,342,4,1,0,989754,4.5,0,1,mid,989754,100,450,500000,1999999,You are between budget and premium. Compare 2–3 venue quotes. Keep guest count near 150–250 for mid-range halls.
Synthetic Photography & Videography,Photography & Videography,Luxury package,233,3,2,0,10212627,4.9,0,4,luxury,10212627,200,800,6000000,15000000,Luxury predictions usually mean 400+ pax at Rs. 10k+ pp or flagship hotels. Re-check guest count and category.
Synthetic Bridal Service,Bridal Service,Mid package,230,5,1,0,1062897,4.7,0,2,mid,1062897,100,450,500000,1999999,You are between budget and premium. Compare 2–3 venue quotes. Keep guest count near 150–250 for mid-range halls.
Synthetic Floral & Deco,Floral & Deco,Luxury package,633,4,1,0,10120345,4.2,1,3,luxury,10120345,200,800,6000000,15000000,Luxury predictions usually mean 400+ pax at Rs. 10k+ pp or flagship hotels. Re-check guest count and category.
Synthetic Photography & Videography,Photography & Videography,Mid package,370,3,2,0,1240977,3.8,0,2,mid,1240977,100,450,500000,1999999,You are between budget and premium. Compare 2–3 venue quotes. Keep guest count near 150–250 for mid-range halls.
Synthetic Caters,Caters,Mid package,174,2,3,0,795959,4.7,0,1,mid,795959,100,450,500000,1999999,You are between budget and premium. Compare 2–3 venue quotes. Keep guest count near 150–250 for mid-range halls.
Studio Wow Images,Photography & Videography,Gold Package 01,200,3,1,0,200000,4.6,0,1,budget,200000,50,350,25000,499999,"Look for per-person packages under Rs. 5,000 or flat vendors under Rs. 500k. Reduce guest count or pick a suburban district."
Synthetic Venue & Res. Halls,Venue & Res. Halls,Mid package,153,1,2,1,8795,4.3,0,3,mid,1345635,100,450,500000,1999999,You are between budget and premium. Compare 2–3 venue quotes. Keep guest count near 150–250 for mid-range halls.
Synthetic Caters,Caters,Luxury package,413,2,2,1,12608,4.2,0,2,luxury,5207104,200,800,6000000,15000000,Luxury predictions usually mean 400+ pax at Rs. 10k+ pp or flagship hotels. Re-check guest count and category.
Synthetic Caters,Caters,Luxury package,386,2,2,1,18208,4.7,1,2,luxury,7028288,200,800,6000000,15000000,Luxury predictions usually mean 400+ pax at Rs. 10k+ pp or flagship hotels. Re-check guest count and category.
Synthetic Caters,Caters,Budget package,330,2,1,1,3876,4.6,0,1,budget,1279080,50,350,25000,499999,"Look for per-person packages under Rs. 5,000 or flat vendors under Rs. 500k. Reduce guest count or pick a suburban district."
Kandyan Reach Hotel,Venue & Res. Halls,Grand Celebration Package,150,1,1,1,6000,4.7,1,1,mid,900000,100,450,500000,1999999,You are between budget and premium. Compare 2–3 venue quotes. Keep guest count near 150–250 for mid-range halls.
Synthetic Jewellary,Jewellary,Premium package,514,7,2,0,3692290,4.0,0,2,premium,3692290,150,600,2000000,5999999,"Premium tier needs Colombo metro or top-rated vendors. If over budget, drop spotlight vendors or reduce pax."
Synthetic Photography & Videography,Photography & Videography,Premium package,232,3,1,0,2433255,4.5,0,5,premium,2433255,150,600,2000000,5999999,"Premium tier needs Colombo metro or top-rated vendors. If over budget, drop spotlight vendors or reduce pax."
Synthetic Venue & Res. Halls,Venue & Res. Halls,Mid package,236,1,3,1,9069,4.3,0,3,mid,2140284,100,450,500000,1999999,You are between budget and premium. Compare 2–3 venue quotes. Keep guest count near 150–250 for mid-range halls.
Synthetic Groom service,Groom service,Mid package,401,6,2,0,1612117,4.1,0,3,mid,1612117,100,450,500000,1999999,You are between budget and premium. Compare 2–3 venue quotes. Keep guest count near 150–250 for mid-range halls.
Odel Menswear,Groom service,Wedding package,120,6,3,0,20000,4.5,0,1,budget,20000,50,350,25000,499999,"Look for per-person packages under Rs. 5,000 or flat vendors under Rs. 500k. Reduce guest count or pick a suburban district."
Geeshan Bandara Photography,Photography & Videography,Wedding-day coverage,200,3,3,0,120000,4.9,1,1,budget,120000,50,350,25000,499999,"Look for per-person packages under Rs. 5,000 or flat vendors under Rs. 500k. Reduce guest count or pick a suburban district."
Synthetic Jewellary,Jewellary,Premium package,354,7,1,0,2451070,4.0,0,2,premium,2451070,150,600,2000000,5999999,"Premium tier needs Colombo metro or top-rated vendors. If over budget, drop spotlight vendors or reduce pax."
Artsy Romance,Photography & Videography,Engagement Silver,200,3,3,0,80000,4.6,0,1,budget,80000,50,350,25000,499999,"Look for per-person packages under Rs. 5,000 or flat vendors under Rs. 500k. Reduce guest count or pick a suburban district."
Heritance Kandalama,Venue & Res. Halls,Wedding package,150,1,1,0,2000000,4.8,1,1,premium,2000000,150,600,2000000,5999999,"Premium tier needs Colombo metro or top-rated vendors. If over budget, drop spotlight vendors or reduce pax."
Synthetic Jewellary,Jewellary,Budget package,185,7,2,0,298642,4.8,0,4,budget,298642,50,350,25000,499999,"Look for per-person packages under Rs. 5,000 or flat vendors under Rs. 500k. Reduce guest count or pick a suburban district."
Synthetic Cakes,Cakes,Luxury package,384,8,1,0,8058825,4.9,0,4,luxury,8058825,200,800,6000000,15000000,Luxury predictions usually mean 400+ pax at Rs. 10k+ pp or flagship hotels. Re-check guest count and category.
Synthetic Floral & Deco,Floral & Deco,Luxury package,631,4,1,0,6163700,4.9,0,3,luxury,6163700,200,800,6000000,15000000,Luxury predictions usually mean 400+ pax at Rs. 10k+ pp or flagship hotels. Re-check guest count and category.
Synthetic Venue & Res. Halls,Venue & Res. Halls,Budget package,310,1,2,0,124677,3.9,0,5,budget,124677,50,350,25000,499999,"Look for per-person packages under Rs. 5,000 or flat vendors under Rs. 500k. Reduce guest count or pick a suburban district."
Synthetic Floral & Deco,Floral & Deco,Budget package,228,4,1,0,156892,4.7,0,2,budget,156892,50,350,25000,499999,"Look for per-person packages under Rs. 5,000 or flat vendors under Rs. 500k. Reduce guest count or pick a suburban district."
Synthetic Venue & Res. Halls,Venue & Res. Halls,Budget package,102,1,2,0,32046,3.8,0,5,budget,32046,50,350,25000,499999,"Look for per-person packages under Rs. 5,000 or flat vendors under Rs. 500k. Reduce guest count or pick a suburban district."
Synthetic Caters,Caters,Luxury package,424,2,2,0,11264775,4.2,0,3,luxury,11264775,200,800,6000000,15000000,Luxury predictions usually mean 400+ pax at Rs. 10k+ pp or flagship hotels. Re-check guest count and category.
Synthetic Cakes,Cakes,Budget package,323,8,2,0,276066,4.6,0,2,budget,276066,50,350,25000,499999,"Look for per-person packages under Rs. 5,000 or flat vendors under Rs. 500k. Reduce guest count or pick a suburban district."
Synthetic Groom service,Groom service,Mid package,212,6,1,0,1625987,3.9,0,4,mid,1625987,100,450,500000,1999999,You are between budget and premium. Compare 2–3 venue quotes. Keep guest count near 150–250 for mid-range halls.
Synthetic Groom service,Groom service,Luxury package,501,6,3,0,11893384,4.2,1,1,luxury,11893384,200,800,6000000,15000000,Luxury predictions usually mean 400+ pax at Rs. 10k+ pp or flagship hotels. Re-check guest count and category.
Synthetic Caters,Caters,Premium package,452,2,2,1,13961,4.8,0,5,premium,6310372,150,600,2000000,5999999,"Premium tier needs Colombo metro or top-rated vendors. If over budget, drop spotlight vendors or reduce pax."
Synthetic Cakes,Cakes,Premium package,177,8,1,0,5266859,4.5,1,1,premium,5266859,150,600,2000000,5999999,"Premium tier needs Colombo metro or top-rated vendors. If over budget, drop spotlight vendors or reduce pax."
Synthetic Venue & Res. Halls,Venue & Res. Halls,Premium package,441,1,1,1,9531,4.6,1,1,premium,4203171,150,600,2000000,5999999,"Premium tier needs Colombo metro or top-rated vendors. If over budget, drop spotlight vendors or reduce pax."
Synthetic Bridal Service,Bridal Service,Mid package,361,5,1,0,1314872,4.0,0,2,mid,1314872,100,450,500000,1999999,You are between budget and premium. Compare 2–3 venue quotes. Keep guest count near 150–250 for mid-range halls.
Synthetic Jewellary,Jewellary,Premium package,187,7,1,0,2200517,4.3,0,3,premium,2200517,150,600,2000000,5999999,"Premium tier needs Colombo metro or top-rated vendors. If over budget, drop spotlight vendors or reduce pax."
Synthetic Jewellary,Jewellary,Premium package,273,7,3,0,2656360,4.1,1,5,premium,2656360,150,600,2000000,5999999,"Premium tier needs Colombo metro or top-rated vendors. If over budget, drop spotlight vendors or reduce pax."
Green Valley Resort,Venue & Res. Halls,"Banquet menu Rs. 5,800 pp",150,1,3,1,5800,4.4,0,1,mid,870000,100,450,500000,1999999,You are between budget and premium. Compare 2–3 venue quotes. Keep guest count near 150–250 for mid-range halls.
Synthetic Bridal Service,Bridal Service,Luxury package,487,5,3,0,7105246,4.8,0,3,luxury,7105246,200,800,6000000,15000000,Luxury predictions usually mean 400+ pax at Rs. 10k+ pp or flagship hotels. Re-check guest count and category.
Erosveil,Photography & Videography,Wedding Package 02,200,3,3,0,102000,4.6,0,1,budget,102000,50,350,25000,499999,"Look for per-person packages under Rs. 5,000 or flat vendors under Rs. 500k. Reduce guest count or pick a suburban district."
Synthetic Floral & Deco,Floral & Deco,Luxury package,319,4,2,0,6630469,3.9,0,4,luxury,6630469,200,800,6000000,15000000,Luxury predictions usually mean 400+ pax at Rs. 10k+ pp or flagship hotels. Re-check guest count and category.
Everluxe Stories Photography,Photography & Videography,One Day Wedding with Pre-shoot 01,200,3,3,0,100000,4.7,1,1,budget,100000,50,350,25000,499999,"Look for per-person packages under Rs. 5,000 or flat vendors under Rs. 500k. Reduce guest count or pick a suburban district."
Synthetic Bridal Service,Bridal Service,Premium package,230,5,1,0,4203548,4.0,0,4,premium,4203548,150,600,2000000,5999999,"Premium tier needs Colombo metro or top-rated vendors. If over budget, drop spotlight vendors or reduce pax."
Synthetic Photography & Videography,Photography & Videography,Premium package,237,3,1,0,4267571,4.4,0,2,premium,4267571,150,600,2000000,5999999,"Premium tier needs Colombo metro or top-rated vendors. If over budget, drop spotlight vendors or reduce pax."
Synthetic Photography & Videography,Photography & Videography,Budget package,256,3,2,0,449754,4.9,0,1,budget,449754,50,350,25000,499999,"Look for per-person packages under Rs. 5,000 or flat vendors under Rs. 500k. Reduce guest count or pick a suburban district."
Synthetic Venue & Res. Halls,Venue & Res. Halls,Budget package,237,1,3,1,5193,4.4,0,2,budget,1230741,50,350,25000,499999,"Look for per-person packages under Rs. 5,000 or flat vendors under Rs. 500k. Reduce guest count or pick a suburban district."
Ramani Fernando Salons,Bridal Service,Wedding package,120,5,3,0,40000,4.7,1,1,budget,40000,50,350,25000,499999,"Look for per-person packages under Rs. 5,000 or flat vendors under Rs. 500k. Reduce guest count or pick a suburban district."
Synthetic Venue & Res. Halls,Venue & Res. Halls,Mid package,256,1,3,1,9040,3.9,0,2,mid,2314240,100,450,500000,1999999,You are between budget and premium. Compare 2–3 venue quotes. Keep guest count near 150–250 for mid-range halls.
Kandy Floral Studio,Floral & Deco,Wedding package,200,4,2,0,25000,4.5,0,1,budget,25000,50,350,25000,499999,"Look for per-person packages under Rs. 5,000 or flat vendors under Rs. 500k. Reduce guest count or pick a suburban district."
Synthetic Photography & Videography,Photography & Videography,Mid package,196,3,1,0,750824,4.1,0,2,mid,750824,100,450,500000,1999999,You are between budget and premium. Compare 2–3 venue quotes. Keep guest count near 150–250 for mid-range halls.
Synthetic Bridal Service,Bridal Service,Premium package,399,5,1,0,4814004,4.3,1,2,premium,4814004,150,600,2000000,5999999,"Premium tier needs Colombo metro or top-rated vendors. If over budget, drop spotlight vendors or reduce pax."
Synthetic Bridal Service,Bridal Service,Mid package,138,5,2,0,1022779,4.9,0,1,mid,1022779,100,450,500000,1999999,You are between budget and premium. Compare 2–3 venue quotes. Keep guest count near 150–250 for mid-range halls.
Synthetic Floral & Deco,Floral & Deco,Budget package,333,4,1,0,196714,4.4,0,4,budget,196714,50,350,25000,499999,"Look for per-person packages under Rs. 5,000 or flat vendors under Rs. 500k. Reduce guest count or pick a suburban district."
Synthetic Cakes,Cakes,Luxury package,455,8,1,0,9734069,4.5,0,2,luxury,9734069,200,800,6000000,15000000,Luxury predictions usually mean 400+ pax at Rs. 10k+ pp or flagship hotels. Re-check guest count and category.
Synthetic Jewellary,Jewellary,Mid package,391,7,2,0,1114322,4.6,0,5,mid,1114322,100,450,500000,1999999,You are between budget and premium. Compare 2–3 venue quotes. Keep guest count near 150–250 for mid-range halls.
Synthetic Cakes,Cakes,Luxury package,607,8,1,0,8854980,4.5,0,2,luxury,8854980,200,800,6000000,15000000,Luxury predictions usually mean 400+ pax at Rs. 10k+ pp or flagship hotels. Re-check guest count and category.
Synthetic Cakes,Cakes,Budget package,207,8,1,0,47083,4.7,0,1,budget,47083,50,350,25000,499999,"Look for per-person packages under Rs. 5,000 or flat vendors under Rs. 500k. Reduce guest count or pick a suburban district."
Synthetic Groom service,Groom service,Luxury package,691,6,1,0,6599728,4.2,0,1,luxury,6599728,200,800,6000000,15000000,Luxury predictions usually mean 400+ pax at Rs. 10k+ pp or flagship hotels. Re-check guest count and category.
Mövenpick Hotel Colombo,Venue & Res. Halls,Wedding package,150,1,3,0,2000000,4.6,0,1,premium,2000000,150,600,2000000,5999999,"Premium tier needs Colombo metro or top-rated vendors. If over budget, drop spotlight vendors or reduce pax."
Synthetic Jewellary,Jewellary,Premium package,573,7,2,0,2905064,4.4,0,2,premium,2905064,150,600,2000000,5999999,"Premium tier needs Colombo metro or top-rated vendors. If over budget, drop spotlight vendors or reduce pax."
Synthetic Cakes,Cakes,Luxury package,787,8,2,0,9287639,4.2,0,1,luxury,9287639,200,800,6000000,15000000,Luxury predictions usually mean 400+ pax at Rs. 10k+ pp or flagship hotels. Re-check guest count and category.
Synthetic Photography & Videography,Photography & Videography,Premium package,240,3,2,0,4552726,4.0,0,2,premium,4552726,150,600,2000000,5999999,"Premium tier needs Colombo metro or top-rated vendors. If over budget, drop spotlight vendors or reduce pax."
Synthetic Caters,Caters,Budget package,126,2,1,1,4303,4.8,0,1,budget,542178,50,350,25000,499999,"Look for per-person packages under Rs. 5,000 or flat vendors under Rs. 500k. Reduce guest count or pick a suburban district."
Synthetic Caters,Caters,Luxury package,464,2,2,0,8670712,4.0,1,5,luxury,8670712,200,800,6000000,15000000,Luxury predictions usually mean 400+ pax at Rs. 10k+ pp or flagship hotels. Re-check guest count and category.
Synthetic Photography & Videography,Photography & Videography,Mid package,224,3,2,0,747058,4.3,0,2,mid,747058,100,450,500000,1999999,You are between budget and premium. Compare 2–3 venue quotes. Keep guest count near 150–250 for mid-range halls.
Synthetic Venue & Res. Halls,Venue & Res. Halls,Luxury package,675,1,1,1,21470,4.0,1,1,luxury,14492250,200,800,6000000,15000000,Luxury predictions usually mean 400+ pax at Rs. 10k+ pp or flagship hotels. Re-check guest count and category.
Synthetic Caters,Caters,Budget package,99,2,1,1,5729,4.9,0,1,budget,567171,50,350,25000,499999,"Look for per-person packages under Rs. 5,000 or flat vendors under Rs. 500k. Reduce guest count or pick a suburban district."
Synthetic Jewellary,Jewellary,Mid package,197,7,1,0,586258,4.5,0,1,mid,586258,100,450,500000,1999999,You are between budget and premium. Compare 2–3 venue quotes. Keep guest count near 150–250 for mid-range halls.
Spring & Summer,Groom service,Wedding package,120,6,3,0,25000,4.5,0,1,budget,25000,50,350,25000,499999,"Look for per-person packages under Rs. 5,000 or flat vendors under Rs. 500k. Reduce guest count or pick a suburban district."
Tai Hsin Shiek Photography,Photography & Videography,Pre-shoot / engagement,200,3,3,0,27300,4.5,0,1,budget,27300,50,350,25000,499999,"Look for per-person packages under Rs. 5,000 or flat vendors under Rs. 500k. Reduce guest count or pick a suburban district."
Synthetic Venue & Res. Halls,Venue & Res. Halls,Luxury package,277,1,1,1,13549,4.1,1,3,luxury,3753073,200,800,6000000,15000000,Luxury predictions usually mean 400+ pax at Rs. 10k+ pp or flagship hotels. Re-check guest count and category.
Synthetic Jewellary,Jewellary,Mid package,178,7,1,0,841732,4.1,0,4,mid,841732,100,450,500000,1999999,You are between budget and premium. Compare 2–3 venue quotes. Keep guest count near 150–250 for mid-range halls.
Synthetic Floral & Deco,Floral & Deco,Budget package,112,4,1,0,202059,4.2,0,2,budget,202059,50,350,25000,499999,"Look for per-person packages under Rs. 5,000 or flat vendors under Rs. 500k. Reduce guest count or pick a suburban district."
Synthetic Floral & Deco,Floral & Deco,Mid package,349,4,2,0,1191096,4.6,0,5,mid,1191096,100,450,500000,1999999,You are between budget and premium. Compare 2–3 venue quotes. Keep guest count near 150–250 for mid-range halls.
Grand Minaro Crystal Ballroom,Venue & Res. Halls,Silver Package 150 pax,150,1,3,1,980000,4.8,1,2,luxury,147000000,200,800,6000000,15000000,Luxury predictions usually mean 400+ pax at Rs. 10k+ pp or flagship hotels. Re-check guest count and category.
Synthetic Groom service,Groom service,Luxury package,415,6,3,0,7436567,4.8,1,5,luxury,7436567,200,800,6000000,15000000,Luxury predictions usually mean 400+ pax at Rs. 10k+ pp or flagship hotels. Re-check guest count and category.
Synthetic Venue & Res. Halls,Venue & Res. Halls,Luxury package,232,1,1,1,12055,3.9,0,3,luxury,2796760,200,800,6000000,15000000,Luxury predictions usually mean 400+ pax at Rs. 10k+ pp or flagship hotels. Re-check guest count and category.
Synthetic Groom service,Groom service,Premium package,468,6,3,0,2540556,4.1,0,5,premium,2540556,150,600,2000000,5999999,"Premium tier needs Colombo metro or top-rated vendors. If over budget, drop spotlight vendors or reduce pax."
OZO Colombo,Venue & Res. Halls,Wedding package,150,1,3,0,700000,4.4,0,1,mid,700000,100,450,500000,1999999,You are between budget and premium. Compare 2–3 venue quotes. Keep guest count near 150–250 for mid-range halls.
Synthetic Bridal Service,Bridal Service,Premium package,161,5,1,0,3836783,4.7,1,4,premium,3836783,150,600,2000000,5999999,"Premium tier needs Colombo metro or top-rated vendors. If over budget, drop spotlight vendors or reduce pax."
Shangri-La Hambantota,Venue & Res. Halls,Wedding package,150,1,1,0,2500000,4.7,1,1,premium,2500000,150,600,2000000,5999999,"Premium tier needs Colombo metro or top-rated vendors. If over budget, drop spotlight vendors or reduce pax."
Weligama Bay Marriott Resort,Venue & Res. Halls,Wedding package,150,1,1,0,2500000,4.6,0,1,premium,2500000,150,600,2000000,5999999,"Premium tier needs Colombo metro or top-rated vendors. If over budget, drop spotlight vendors or reduce pax."
Synthetic Cakes,Cakes,Premium package,347,8,3,0,4203307,4.7,0,3,premium,4203307,150,600,2000000,5999999,"Premium tier needs Colombo metro or top-rated vendors. If over budget, drop spotlight vendors or reduce pax."
Synthetic Groom service,Groom service,Luxury package,227,6,1,0,10935867,4.9,0,2,luxury,10935867,200,800,6000000,15000000,Luxury predictions usually mean 400+ pax at Rs. 10k+ pp or flagship hotels. Re-check guest count and category.
Synthetic Bridal Service,Bridal Service,Luxury package,216,5,1,0,11288332,4.7,0,2,luxury,11288332,200,800,6000000,15000000,Luxury predictions usually mean 400+ pax at Rs. 10k+ pp or flagship hotels. Re-check guest count and category.
Synthetic Venue & Res. Halls,Venue & Res. Halls,Premium package,545,1,3,1,9504,4.1,0,4,premium,5179680,150,600,2000000,5999999,"Premium tier needs Colombo metro or top-rated vendors. If over budget, drop spotlight vendors or reduce pax."
Mandarin Colombo,Groom service,Wedding package,120,6,3,0,30000,4.5,0,1,budget,30000,50,350,25000,499999,"Look for per-person packages under Rs. 5,000 or flat vendors under Rs. 500k. Reduce guest count or pick a suburban district."
Artsy Romance,Photography & Videography,Homecoming Silver,200,3,3,0,80000,4.6,0,1,budget,80000,50,350,25000,499999,"Look for per-person packages under Rs. 5,000 or flat vendors under Rs. 500k. Reduce guest count or pick a suburban district."
Synthetic Venue & Res. Halls,Venue & Res. Halls,Mid package,258,1,3,1,9412,4.3,0,1,mid,2428296,100,450,500000,1999999,You are between budget and premium. Compare 2–3 venue quotes. Keep guest count near 150–250 for mid-range halls.
The Barnhouse Sri Lanka,Venue & Res. Halls,Photography extras,150,1,2,1,8000,4.7,1,2,mid,1200000,100,450,500000,1999999,You are between budget and premium. Compare 2–3 venue quotes. Keep guest count near 150–250 for mid-range halls.
Synthetic Jewellary,Jewellary,Premium package,349,7,1,0,2825622,3.8,1,1,premium,2825622,150,600,2000000,5999999,"Premium tier needs Colombo metro or top-rated vendors. If over budget, drop spotlight vendors or reduce pax."
Synthetic Floral & Deco,Floral & Deco,Premium package,548,4,3,0,4898787,4.3,0,1,premium,4898787,150,600,2000000,5999999,"Premium tier needs Colombo metro or top-rated vendors. If over budget, drop spotlight vendors or reduce pax."
Synthetic Groom service,Groom service,Luxury package,464,6,1,0,9343796,4.6,1,1,luxury,9343796,200,800,6000000,15000000,Luxury predictions usually mean 400+ pax at Rs. 10k+ pp or flagship hotels. Re-check guest count and category.
Synthetic Jewellary,Jewellary,Premium package,204,7,2,0,3133928,4.2,0,5,premium,3133928,150,600,2000000,5999999,"Premium tier needs Colombo metro or top-rated vendors. If over budget, drop spotlight vendors or reduce pax."
AVANI Kalutara Resort,Venue & Res. Halls,Outdoor full function - lagoon,150,1,2,0,150000,4.8,1,1,budget,150000,50,350,25000,499999,"Look for per-person packages under Rs. 5,000 or flat vendors under Rs. 500k. Reduce guest count or pick a suburban district."
Synthetic Venue & Res. Halls,Venue & Res. Halls,Premium package,440,1,2,1,9374,4.3,1,4,premium,4124560,150,600,2000000,5999999,"Premium tier needs Colombo metro or top-rated vendors. If over budget, drop spotlight vendors or reduce pax."
Synthetic Floral & Deco,Floral & Deco,Mid package,329,4,3,0,1224858,3.8,0,4,mid,1224858,100,450,500000,1999999,You are between budget and premium. Compare 2–3 venue quotes. Keep guest count near 150–250 for mid-range halls.
Fairway Colombo,Venue & Res. Halls,Wedding package,150,1,3,0,1000000,4.4,0,1,mid,1000000,100,450,500000,1999999,You are between budget and premium. Compare 2–3 venue quotes. Keep guest count near 150–250 for mid-range halls.
Synthetic Floral & Deco,Floral & Deco,Premium package,170,4,2,0,3430102,4.7,0,1,premium,3430102,150,600,2000000,5999999,"Premium tier needs Colombo metro or top-rated vendors. If over budget, drop spotlight vendors or reduce pax."
Synthetic Photography & Videography,Photography & Videography,Mid package,266,3,1,0,1729041,3.9,0,4,mid,1729041,100,450,500000,1999999,You are between budget and premium. Compare 2–3 venue quotes. Keep guest count near 150–250 for mid-range halls.
Synthetic Floral & Deco,Floral & Deco,Budget package,262,4,3,0,266715,4.3,0,3,budget,266715,50,350,25000,499999,"Look for per-person packages under Rs. 5,000 or flat vendors under Rs. 500k. Reduce guest count or pick a suburban district."
Everluxe Stories Photography,Photography & Videography,One Day Wedding without Pre-shoot 04,200,3,3,0,150000,4.7,1,1,budget,150000,50,350,25000,499999,"Look for per-person packages under Rs. 5,000 or flat vendors under Rs. 500k. Reduce guest count or pick a suburban district."
Synthetic Bridal Service,Bridal Service,Budget package,144,5,1,0,422854,4.0,0,1,budget,422854,50,350,25000,499999,"Look for per-person packages under Rs. 5,000 or flat vendors under Rs. 500k. Reduce guest count or pick a suburban district."
Synthetic Cakes,Cakes,Mid package,118,8,3,0,1701070,4.2,0,1,mid,1701070,100,450,500000,1999999,You are between budget and premium. Compare 2–3 venue quotes. Keep guest count near 150–250 for mid-range halls.
Synthetic Caters,Caters,Budget package,199,2,1,1,4004,3.9,0,2,budget,796796,50,350,25000,499999,"Look for per-person packages under Rs. 5,000 or flat vendors under Rs. 500k. Reduce guest count or pick a suburban district."
Synthetic Bridal Service,Bridal Service,Premium package,426,5,1,0,2653611,4.5,0,3,premium,2653611,150,600,2000000,5999999,"Premium tier needs Colombo metro or top-rated vendors. If over budget, drop spotlight vendors or reduce pax."
Shan Liyanage Photography,Photography & Videography,Wedding-day coverage,200,3,2,0,36000,4.6,0,1,budget,36000,50,350,25000,499999,"Look for per-person packages under Rs. 5,000 or flat vendors under Rs. 500k. Reduce guest count or pick a suburban district."
Synthetic Venue & Res. Halls,Venue & Res. Halls,Mid package,169,1,2,1,7006,4.4,0,1,mid,1184014,100,450,500000,1999999,You are between budget and premium. Compare 2–3 venue quotes. Keep guest count near 150–250 for mid-range halls.
DI Photography,Photography & Videography,Wedding photography from,200,3,3,0,75000,4.6,0,1,budget,75000,50,350,25000,499999,"Look for per-person packages under Rs. 5,000 or flat vendors under Rs. 500k. Reduce guest count or pick a suburban district."
Synthetic Photography & Videography,Photography & Videography,Mid package,277,3,2,0,780143,4.3,0,3,mid,780143,100,450,500000,1999999,You are between budget and premium. Compare 2–3 venue quotes. Keep guest count near 150–250 for mid-range halls.
Synthetic Photography & Videography,Photography & Videography,Luxury package,567,3,2,0,11448249,3.9,0,2,luxury,11448249,200,800,6000000,15000000,Luxury predictions usually mean 400+ pax at Rs. 10k+ pp or flagship hotels. Re-check guest count and category.
Synthetic Caters,Caters,Luxury package,214,2,1,1,18260,4.4,1,3,luxury,3907640,200,800,6000000,15000000,Luxury predictions usually mean 400+ pax at Rs. 10k+ pp or flagship hotels. Re-check guest count and category.
Synthetic Photography & Videography,Photography & Videography,Premium package,245,3,1,0,3259764,4.2,0,5,premium,3259764,150,600,2000000,5999999,"Premium tier needs Colombo metro or top-rated vendors. If over budget, drop spotlight vendors or reduce pax."
Synthetic Bridal Service,Bridal Service,Luxury package,529,5,2,0,8574910,3.9,0,3,luxury,8574910,200,800,6000000,15000000,Luxury predictions usually mean 400+ pax at Rs. 10k+ pp or flagship hotels. Re-check guest count and category.
Synthetic Groom service,Groom service,Mid package,368,6,1,0,1763691,4.1,0,1,mid,1763691,100,450,500000,1999999,You are between budget and premium. Compare 2–3 venue quotes. Keep guest count near 150–250 for mid-range halls.
Synthetic Groom service,Groom service,Premium package,380,6,2,0,4649277,4.7,0,1,premium,4649277,150,600,2000000,5999999,"Premium tier needs Colombo metro or top-rated vendors. If over budget, drop spotlight vendors or reduce pax."
Synthetic Bridal Service,Bridal Service,Luxury package,692,5,3,0,11954752,4.8,1,1,luxury,11954752,200,800,6000000,15000000,Luxury predictions usually mean 400+ pax at Rs. 10k+ pp or flagship hotels. Re-check guest count and category.
Synthetic Groom service,Groom service,Luxury package,610,6,3,0,11125444,4.1,1,4,luxury,11125444,200,800,6000000,15000000,Luxury predictions usually mean 400+ pax at Rs. 10k+ pp or flagship hotels. Re-check guest count and category.
Oak Ray Regency,Venue & Res. Halls,Wedding package,150,1,2,0,600000,4.4,0,1,mid,600000,100,450,500000,1999999,You are between budget and premium. Compare 2–3 venue quotes. Keep guest count near 150–250 for mid-range halls.
Synthetic Bridal Service,Bridal Service,Luxury package,324,5,3,0,7114370,4.0,0,3,luxury,7114370,200,800,6000000,15000000,Luxury predictions usually mean 400+ pax at Rs. 10k+ pp or flagship hotels. Re-check guest count and category.
Synthetic Venue & Res. Halls,Venue & Res. Halls,Mid package,355,1,2,0,1468202,4.4,0,5,mid,1468202,100,450,500000,1999999,You are between budget and premium. Compare 2–3 venue quotes. Keep guest count near 150–250 for mid-range halls.
Synthetic Cakes,Cakes,Mid package,359,8,2,0,1556271,4.0,0,5,mid,1556271,100,450,500000,1999999,You are between budget and premium. Compare 2–3 venue quotes. Keep guest count near 150–250 for mid-range halls.
Salon Bonitha,Bridal Service,Wedding package,120,5,3,0,40000,4.5,0,1,budget,40000,50,350,25000,499999,"Look for per-person packages under Rs. 5,000 or flat vendors under Rs. 500k. Reduce guest count or pick a suburban district."
Synthetic Caters,Caters,Luxury package,237,2,2,0,8562092,4.6,0,2,luxury,8562092,200,800,6000000,15000000,Luxury predictions usually mean 400+ pax at Rs. 10k+ pp or flagship hotels. Re-check guest count and category.
Synthetic Bridal Service,Bridal Service,Mid package,247,5,2,0,693996,4.8,0,2,mid,693996,100,450,500000,1999999,You are between budget and premium. Compare 2–3 venue quotes. Keep guest count near 150–250 for mid-range halls.
Synthetic Photography & Videography,Photography & Videography,Mid package,363,3,1,0,1469888,4.8,0,2,mid,1469888,100,450,500000,1999999,You are between budget and premium. Compare 2–3 venue quotes. Keep guest count near 150–250 for mid-range halls.
Synthetic Bridal Service,Bridal Service,Premium package,408,5,3,0,3226284,3.8,1,2,premium,3226284,150,600,2000000,5999999,"Premium tier needs Colombo metro or top-rated vendors. If over budget, drop spotlight vendors or reduce pax."
Synthetic Cakes,Cakes,Luxury package,552,8,2,0,7480091,4.6,0,1,luxury,7480091,200,800,6000000,15000000,Luxury predictions usually mean 400+ pax at Rs. 10k+ pp or flagship hotels. Re-check guest count and category.
Courtyard by Marriott Colombo,Venue & Res. Halls,Silver Dinner 2027 (nett pp),150,1,3,1,13073,4.8,1,1,mid,1960950,100,450,500000,1999999,You are between budget and premium. Compare 2–3 venue quotes. Keep guest count near 150–250 for mid-range halls.
Synthetic Caters,Caters,Premium package,236,2,2,1,11166,4.3,1,1,premium,2635176,150,600,2000000,5999999,"Premium tier needs Colombo metro or top-rated vendors. If over budget, drop spotlight vendors or reduce pax."
Synthetic Jewellary,Jewellary,Budget package,132,7,1,0,311763,4.1,0,2,budget,311763,50,350,25000,499999,"Look for per-person packages under Rs. 5,000 or flat vendors under Rs. 500k. Reduce guest count or pick a suburban district."
Synthetic Photography & Videography,Photography & Videography,Luxury package,270,3,3,0,10999470,4.4,1,2,luxury,10999470,200,800,6000000,15000000,Luxury predictions usually mean 400+ pax at Rs. 10k+ pp or flagship hotels. Re-check guest count and category.
Synthetic Caters,Caters,Mid package,447,2,1,1,7721,3.9,0,2,mid,3451287,100,450,500000,1999999,You are between budget and premium. Compare 2–3 venue quotes. Keep guest count near 150–250 for mid-range halls.
Synthetic Groom service,Groom service,Mid package,372,6,3,0,633637,4.6,0,1,mid,633637,100,450,500000,1999999,You are between budget and premium. Compare 2–3 venue quotes. Keep guest count near 150–250 for mid-range halls.
Synthetic Photography & Videography,Photography & Videography,Budget package,323,3,2,0,436899,4.1,0,4,budget,436899,50,350,25000,499999,"Look for per-person packages under Rs. 5,000 or flat vendors under Rs. 500k. Reduce guest count or pick a suburban district."
DI Photography,Photography & Videography,Wedding photography top,200,3,3,0,180000,4.6,0,1,budget,180000,50,350,25000,499999,"Look for per-person packages under Rs. 5,000 or flat vendors under Rs. 500k. Reduce guest count or pick a suburban district."
Synthetic Caters,Caters,Premium package,351,2,1,1,10701,4.5,1,5,premium,3756051,150,600,2000000,5999999,"Premium tier needs Colombo metro or top-rated vendors. If over budget, drop spotlight vendors or reduce pax."
Synthetic Bridal Service,Bridal Service,Budget package,65,5,1,0,289651,4.7,0,4,budget,289651,50,350,25000,499999,"Look for per-person packages under Rs. 5,000 or flat vendors under Rs. 500k. Reduce guest count or pick a suburban district."
Synthetic Bridal Service,Bridal Service,Premium package,476,5,2,0,5274623,4.1,1,5,premium,5274623,150,600,2000000,5999999,"Premium tier needs Colombo metro or top-rated vendors. If over budget, drop spotlight vendors or reduce pax."
Synthetic Venue & Res. Halls,Venue & Res. Halls,Budget package,253,1,1,1,4952,4.6,0,4,budget,1252856,50,350,25000,499999,"Look for per-person packages under Rs. 5,000 or flat vendors under Rs. 500k. Reduce guest count or pick a suburban district."
Synthetic Jewellary,Jewellary,Mid package,309,7,2,0,874151,4.8,0,4,mid,874151,100,450,500000,1999999,You are between budget and premium. Compare 2–3 venue quotes. Keep guest count near 150–250 for mid-range halls.
Synthetic Cakes,Cakes,Premium package,591,8,2,0,2832000,3.9,1,1,premium,2832000,150,600,2000000,5999999,"Premium tier needs Colombo metro or top-rated vendors. If over budget, drop spotlight vendors or reduce pax."
Synthetic Jewellary,Jewellary,Budget package,172,7,1,0,448971,4.4,0,1,budget,448971,50,350,25000,499999,"Look for per-person packages under Rs. 5,000 or flat vendors under Rs. 500k. Reduce guest count or pick a suburban district."
Synthetic Cakes,Cakes,Mid package,190,8,3,0,1757870,4.7,0,3,mid,1757870,100,450,500000,1999999,You are between budget and premium. Compare 2–3 venue quotes. Keep guest count near 150–250 for mid-range halls.
Synthetic Groom service,Groom service,Premium package,248,6,1,0,4063357,3.8,1,3,premium,4063357,150,600,2000000,5999999,"Premium tier needs Colombo metro or top-rated vendors. If over budget, drop spotlight vendors or reduce pax."
Synthetic Floral & Deco,Floral & Deco,Luxury package,379,4,2,0,11770894,4.2,1,1,luxury,11770894,200,800,6000000,15000000,Luxury predictions usually mean 400+ pax at Rs. 10k+ pp or flagship hotels. Re-check guest count and category.
Synthetic Bridal Service,Bridal Service,Budget package,145,5,3,0,208352,4.4,0,1,budget,208352,50,350,25000,499999,"Look for per-person packages under Rs. 5,000 or flat vendors under Rs. 500k. Reduce guest count or pick a suburban district."
Synthetic Venue & Res. Halls,Venue & Res. Halls,Mid package,232,1,2,1,7560,3.8,0,4,mid,1753920,100,450,500000,1999999,You are between budget and premium. Compare 2–3 venue quotes. Keep guest count near 150–250 for mid-range halls.
Synthetic Groom service,Groom service,Premium package,295,6,3,0,5406395,4.0,1,1,premium,5406395,150,600,2000000,5999999,"Premium tier needs Colombo metro or top-rated vendors. If over budget, drop spotlight vendors or reduce pax."
Synthetic Caters,Caters,Luxury package,437,2,2,1,13090,4.3,0,2,luxury,5720330,200,800,6000000,15000000,Luxury predictions usually mean 400+ pax at Rs. 10k+ pp or flagship hotels. Re-check guest count and category.
Lewmini Muthukumara Photography,Photography & Videography,Wedding-day coverage,200,3,1,0,81000,4.6,0,1,budget,81000,50,350,25000,499999,"Look for per-person packages under Rs. 5,000 or flat vendors under Rs. 500k. Reduce guest count or pick a suburban district."
Synthetic Jewellary,Jewellary,Luxury package,713,7,2,0,11027878,4.3,0,4,luxury,11027878,200,800,6000000,15000000,Luxury predictions usually mean 400+ pax at Rs. 10k+ pp or flagship hotels. Re-check guest count and category.
Synthetic Jewellary,Jewellary,Mid package,285,7,3,0,617530,4.5,0,2,mid,617530,100,450,500000,1999999,You are between budget and premium. Compare 2–3 venue quotes. Keep guest count near 150–250 for mid-range halls.
Synthetic Cakes,Cakes,Premium package,473,8,2,0,4384804,4.3,0,4,premium,4384804,150,600,2000000,5999999,"Premium tier needs Colombo metro or top-rated vendors. If over budget, drop spotlight vendors or reduce pax."
Synthetic Floral & Deco,Floral & Deco,Premium package,174,4,2,0,4802351,4.9,0,3,premium,4802351,150,600,2000000,5999999,"Premium tier needs Colombo metro or top-rated vendors. If over budget, drop spotlight vendors or reduce pax."
Bright Room,Photography & Videography,Videography wedding day,200,3,2,0,45000,4.4,0,1,budget,45000,50,350,25000,499999,"Look for per-person packages under Rs. 5,000 or flat vendors under Rs. 500k. Reduce guest count or pick a suburban district."
Synthetic Groom service,Groom service,Premium package,188,6,1,0,3966572,4.3,0,2,premium,3966572,150,600,2000000,5999999,"Premium tier needs Colombo metro or top-rated vendors. If over budget, drop spotlight vendors or reduce pax."
Synthetic Groom service,Groom service,Budget package,201,6,2,0,386730,4.5,0,1,budget,386730,50,350,25000,499999,"Look for per-person packages under Rs. 5,000 or flat vendors under Rs. 500k. Reduce guest count or pick a suburban district."
Synthetic Bridal Service,Bridal Service,Premium package,375,5,3,0,5028142,4.1,0,2,premium,5028142,150,600,2000000,5999999,"Premium tier needs Colombo metro or top-rated vendors. If over budget, drop spotlight vendors or reduce pax."
Synthetic Cakes,Cakes,Budget package,304,8,1,0,404307,4.3,0,2,budget,404307,50,350,25000,499999,"Look for per-person packages under Rs. 5,000 or flat vendors under Rs. 500k. Reduce guest count or pick a suburban district."
Madush Malpathi Photography,Photography & Videography,Pre-shoot / engagement,200,3,3,0,24900,4.6,0,1,budget,24900,50,350,25000,499999,"Look for per-person packages under Rs. 5,000 or flat vendors under Rs. 500k. Reduce guest count or pick a suburban district."
Synthetic Floral & Deco,Floral & Deco,Luxury package,687,4,2,0,10316751,4.0,0,1,luxury,10316751,200,800,6000000,15000000,Luxury predictions usually mean 400+ pax at Rs. 10k+ pp or flagship hotels. Re-check guest count and category.
Synthetic Floral & Deco,Floral & Deco,Premium package,354,4,2,0,5206204,4.8,0,1,premium,5206204,150,600,2000000,5999999,"Premium tier needs Colombo metro or top-rated vendors. If over budget, drop spotlight vendors or reduce pax."
Synthetic Floral & Deco,Floral & Deco,Luxury package,273,4,2,0,6142153,4.7,0,4,luxury,6142153,200,800,6000000,15000000,Luxury predictions usually mean 400+ pax at Rs. 10k+ pp or flagship hotels. Re-check guest count and category.
Synthetic Caters,Caters,Premium package,373,2,2,1,12334,4.3,0,1,premium,4600582,150,600,2000000,5999999,"Premium tier needs Colombo metro or top-rated vendors. If over budget, drop spotlight vendors or reduce pax."
Synthetic Caters,Caters,Premium package,286,2,3,1,10650,4.8,1,1,premium,3045900,150,600,2000000,5999999,"Premium tier needs Colombo metro or top-rated vendors. If over budget, drop spotlight vendors or reduce pax."
Synthetic Floral & Deco,Floral & Deco,Premium package,319,4,3,0,2182987,4.0,0,4,premium,2182987,150,600,2000000,5999999,"Premium tier needs Colombo metro or top-rated vendors. If over budget, drop spotlight vendors or reduce pax."
Synthetic Floral & Deco,Floral & Deco,Mid package,246,4,2,0,639473,4.3,0,2,mid,639473,100,450,500000,1999999,You are between budget and premium. Compare 2–3 venue quotes. Keep guest count near 150–250 for mid-range halls.
Synthetic Groom service,Groom service,Premium package,297,6,3,0,5347189,4.8,0,3,premium,5347189,150,600,2000000,5999999,"Premium tier needs Colombo metro or top-rated vendors. If over budget, drop spotlight vendors or reduce pax."
Synthetic Jewellary,Jewellary,Premium package,495,7,2,0,3333291,4.8,1,3,premium,3333291,150,600,2000000,5999999,"Premium tier needs Colombo metro or top-rated vendors. If over budget, drop spotlight vendors or reduce pax."
