guest_group,age,priority,plus_one,wheelchair,allergy,side_code,relationship_code,has_avoid,table_type,min_age,max_age,min_priority,max_priority,min_seats,max_seats,action_if_bad
Groom's Family,30,4,0,0,0,1,4,0,groom-family,1,95,3,4,8,12,Seat with Groom's Family. Keep children at the same table as their family.
Groom's Family,54,4,1,0,0,1,4,0,groom-family,1,95,3,4,8,12,Seat with Groom's Family. Keep children at the same table as their family.
Groom's Family,12,4,0,0,0,1,4,0,groom-family,1,95,3,4,8,12,Seat with Groom's Family. Keep children at the same table as their family.
Neighbours,20,1,0,0,1,2,1,0,general,1,95,1,2,8,10,Seat at a General table. Add chairs if the table is already at max_seats.
Groom's Friends,37,2,0,0,0,1,3,0,friends,16,80,2,2,8,10,"Seat at a Friends table. If that suite is full, use General — not VIP / Head."
Bride's Family,60,4,0,0,0,0,4,0,bride-family,1,95,3,4,8,12,Seat with Bride's Family. Keep children at the same table as their family.
Bride's Colleagues,38,2,0,0,0,0,2,0,friends,16,80,2,2,8,10,"Seat at a Friends table. If that suite is full, use General — not VIP / Head."
Neighbours,35,1,0,0,0,2,1,0,general,1,95,1,2,8,10,Seat at a General table. Add chairs if the table is already at max_seats.
VIP,65,5,0,1,0,2,5,0,vip,16,90,5,5,6,12,Move this guest to a VIP / Head table. Do not seat VIP at General or Friends.
Other,15,1,0,0,0,2,1,1,general,1,95,1,2,8,10,Seat at a General table. Add chairs if the table is already at max_seats.
VIP,24,5,0,0,1,2,5,0,vip,16,90,5,5,6,12,Move this guest to a VIP / Head table. Do not seat VIP at General or Friends.
VIP,35,5,0,0,1,2,5,0,vip,16,90,5,5,6,12,Move this guest to a VIP / Head table. Do not seat VIP at General or Friends.
Bride's Family,10,4,1,0,0,0,4,0,bride-family,1,95,3,4,8,12,Seat with Bride's Family. Keep children at the same table as their family.
Relatives,73,3,0,0,0,2,4,0,groom-family,1,95,3,4,8,12,Seat with Groom's Family. Keep children at the same table as their family.
Bride's Family,44,4,0,0,0,0,4,0,bride-family,1,95,3,4,8,12,Seat with Bride's Family. Keep children at the same table as their family.
Relatives,69,3,1,0,0,2,4,0,bride-family,1,95,3,4,8,12,Seat with Bride's Family. Keep children at the same table as their family.
Groom's Family,43,4,1,0,0,1,4,0,groom-family,1,95,3,4,8,12,Seat with Groom's Family. Keep children at the same table as their family.
Bride's Friends,33,2,0,0,0,0,3,0,friends,16,80,2,2,8,10,"Seat at a Friends table. If that suite is full, use General — not VIP / Head."
VIP,75,5,0,0,0,2,5,0,vip,16,90,5,5,6,12,Move this guest to a VIP / Head table. Do not seat VIP at General or Friends.
Groom's Family,29,4,0,0,0,1,4,0,groom-family,1,95,3,4,8,12,Seat with Groom's Family. Keep children at the same table as their family.
Neighbours,61,1,0,0,0,2,1,0,general,1,95,1,2,8,10,Seat at a General table. Add chairs if the table is already at max_seats.
Relatives,61,3,0,0,0,2,4,0,bride-family,1,95,3,4,8,12,Seat with Bride's Family. Keep children at the same table as their family.
Neighbours,24,1,0,0,1,2,1,0,general,1,95,1,2,8,10,Seat at a General table. Add chairs if the table is already at max_seats.
Other,35,1,0,0,1,2,1,0,general,1,95,1,2,8,10,Seat at a General table. Add chairs if the table is already at max_seats.
VIP,48,5,0,0,0,2,5,0,vip,16,90,5,5,6,12,Move this guest to a VIP / Head table. Do not seat VIP at General or Friends.
Bride's Family,40,4,0,0,0,0,4,0,bride-family,1,95,3,4,8,12,Seat with Bride's Family. Keep children at the same table as their family.
Relatives,36,3,0,0,0,2,4,0,groom-family,1,95,3,4,8,12,Seat with Groom's Family. Keep children at the same table as their family.
Relatives,53,3,0,0,0,2,4,0,groom-family,1,95,3,4,8,12,Seat with Groom's Family. Keep children at the same table as their family.
Groom's Family,35,4,0,0,0,1,4,0,groom-family,1,95,3,4,8,12,Seat with Groom's Family. Keep children at the same table as their family.
Bride's Family,38,4,0,0,0,0,4,0,bride-family,1,95,3,4,8,12,Seat with Bride's Family. Keep children at the same table as their family.
Groom's Family,62,4,0,0,0,1,4,0,groom-family,1,95,3,4,8,12,Seat with Groom's Family. Keep children at the same table as their family.
VIP,39,5,0,0,1,2,5,0,vip,16,90,5,5,6,12,Move this guest to a VIP / Head table. Do not seat VIP at General or Friends.
Relatives,77,3,0,0,1,2,4,0,groom-family,1,95,3,4,8,12,Seat with Groom's Family. Keep children at the same table as their family.
Neighbours,40,1,0,0,1,2,1,0,general,1,95,1,2,8,10,Seat at a General table. Add chairs if the table is already at max_seats.
Bride's Family,20,4,1,0,0,0,4,0,bride-family,1,95,3,4,8,12,Seat with Bride's Family. Keep children at the same table as their family.
Groom's Family,26,4,0,0,0,1,4,0,groom-family,1,95,3,4,8,12,Seat with Groom's Family. Keep children at the same table as their family.
Bride's Friends,25,2,0,0,1,0,3,0,friends,16,80,2,2,8,10,"Seat at a Friends table. If that suite is full, use General — not VIP / Head."
Relatives,35,3,0,0,0,2,4,0,groom-family,1,95,3,4,8,12,Seat with Groom's Family. Keep children at the same table as their family.
Bride's Friends,35,2,0,0,1,0,3,0,friends,16,80,2,2,8,10,"Seat at a Friends table. If that suite is full, use General — not VIP / Head."
Groom's Family,32,4,0,0,0,1,4,0,groom-family,1,95,3,4,8,12,Seat with Groom's Family. Keep children at the same table as their family.
Neighbours,56,1,0,0,0,2,1,0,general,1,95,1,2,8,10,Seat at a General table. Add chairs if the table is already at max_seats.
Groom's Family,33,4,0,0,1,1,4,0,groom-family,1,95,3,4,8,12,Seat with Groom's Family. Keep children at the same table as their family.
Bride's Friends,31,2,0,0,1,0,3,0,friends,16,80,2,2,8,10,"Seat at a Friends table. If that suite is full, use General — not VIP / Head."
Groom's Family,41,4,0,0,0,1,4,0,groom-family,1,95,3,4,8,12,Seat with Groom's Family. Keep children at the same table as their family.
Bride's Family,40,4,0,0,0,0,4,0,bride-family,1,95,3,4,8,12,Seat with Bride's Family. Keep children at the same table as their family.
Groom's Friends,35,2,0,0,0,1,3,0,friends,16,80,2,2,8,10,"Seat at a Friends table. If that suite is full, use General — not VIP / Head."
Relatives,35,3,1,0,0,2,4,0,groom-family,1,95,3,4,8,12,Seat with Groom's Family. Keep children at the same table as their family.
VIP,50,5,0,0,0,2,5,0,vip,16,90,5,5,6,12,Move this guest to a VIP / Head table. Do not seat VIP at General or Friends.
Bride's Friends,30,2,0,0,1,0,3,0,friends,16,80,2,2,8,10,"Seat at a Friends table. If that suite is full, use General — not VIP / Head."
Neighbours,35,1,0,0,0,2,1,0,general,1,95,1,2,8,10,Seat at a General table. Add chairs if the table is already at max_seats.
VIP,18,5,0,0,1,2,5,0,vip,16,90,5,5,6,12,Move this guest to a VIP / Head table. Do not seat VIP at General or Friends.
Groom's Friends,38,2,1,0,0,1,3,0,friends,16,80,2,2,8,10,"Seat at a Friends table. If that suite is full, use General — not VIP / Head."
Bride's Family,29,4,0,0,0,0,4,0,bride-family,1,95,3,4,8,12,Seat with Bride's Family. Keep children at the same table as their family.
VIP,59,5,1,0,0,2,5,0,vip,16,90,5,5,6,12,Move this guest to a VIP / Head table. Do not seat VIP at General or Friends.
VIP,56,5,0,0,1,2,5,0,vip,16,90,5,5,6,12,Move this guest to a VIP / Head table. Do not seat VIP at General or Friends.
VIP,61,5,0,0,0,2,5,0,vip,16,90,5,5,6,12,Move this guest to a VIP / Head table. Do not seat VIP at General or Friends.
Groom's Family,59,4,0,0,0,1,4,0,groom-family,1,95,3,4,8,12,Seat with Groom's Family. Keep children at the same table as their family.
Relatives,33,3,0,0,0,2,4,0,groom-family,1,95,3,4,8,12,Seat with Groom's Family. Keep children at the same table as their family.
Groom's Colleagues,50,2,0,0,0,1,2,0,friends,16,80,2,2,8,10,"Seat at a Friends table. If that suite is full, use General — not VIP / Head."
Groom's Family,44,4,0,0,0,1,4,0,groom-family,1,95,3,4,8,12,Seat with Groom's Family. Keep children at the same table as their family.
Other,35,1,0,0,1,2,1,0,general,1,95,1,2,8,10,Seat at a General table. Add chairs if the table is already at max_seats.
Groom's Family,38,4,0,0,0,1,4,0,groom-family,1,95,3,4,8,12,Seat with Groom's Family. Keep children at the same table as their family.
VIP,72,5,0,0,0,2,5,0,vip,16,90,5,5,6,12,Move this guest to a VIP / Head table. Do not seat VIP at General or Friends.
Neighbours,19,1,0,0,0,2,1,0,general,1,95,1,2,8,10,Seat at a General table. Add chairs if the table is already at max_seats.
VIP,57,5,0,0,1,2,5,0,vip,16,90,5,5,6,12,Move this guest to a VIP / Head table. Do not seat VIP at General or Friends.
Groom's Family,53,4,0,0,0,1,4,0,groom-family,1,95,3,4,8,12,Seat with Groom's Family. Keep children at the same table as their family.
Groom's Family,25,4,1,0,0,1,4,1,groom-family,1,95,3,4,8,12,Seat with Groom's Family. Keep children at the same table as their family.
VIP,59,5,0,0,0,2,5,0,vip,16,90,5,5,6,12,Move this guest to a VIP / Head table. Do not seat VIP at General or Friends.
Bride's Family,24,4,0,1,0,0,4,0,bride-family,1,95,3,4,8,12,Seat with Bride's Family. Keep children at the same table as their family.
VIP,36,5,0,0,0,2,5,0,vip,16,90,5,5,6,12,Move this guest to a VIP / Head table. Do not seat VIP at General or Friends.
Bride's Family,19,4,0,0,0,0,4,0,bride-family,1,95,3,4,8,12,Seat with Bride's Family. Keep children at the same table as their family.
Neighbours,35,1,0,0,1,2,1,0,general,1,95,1,2,8,10,Seat at a General table. Add chairs if the table is already at max_seats.
Other,72,1,0,0,1,2,1,0,general,1,95,1,2,8,10,Seat at a General table. Add chairs if the table is already at max_seats.
Relatives,56,3,1,0,0,2,4,0,groom-family,1,95,3,4,8,12,Seat with Groom's Family. Keep children at the same table as their family.
Groom's Family,50,4,0,0,0,1,4,0,groom-family,1,95,3,4,8,12,Seat with Groom's Family. Keep children at the same table as their family.
Groom's Family,41,4,0,0,1,1,4,0,groom-family,1,95,3,4,8,12,Seat with Groom's Family. Keep children at the same table as their family.
Relatives,35,3,0,0,0,2,4,0,groom-family,1,95,3,4,8,12,Seat with Groom's Family. Keep children at the same table as their family.
Neighbours,31,1,0,0,0,2,1,0,general,1,95,1,2,8,10,Seat at a General table. Add chairs if the table is already at max_seats.
Groom's Family,3,4,0,0,0,1,4,0,groom-family,1,95,3,4,8,12,Seat with Groom's Family. Keep children at the same table as their family.
VIP,47,5,0,0,0,2,5,0,vip,16,90,5,5,6,12,Move this guest to a VIP / Head table. Do not seat VIP at General or Friends.
Groom's Friends,24,2,0,0,0,1,3,0,friends,16,80,2,2,8,10,"Seat at a Friends table. If that suite is full, use General — not VIP / Head."
VIP,46,5,0,0,0,2,5,0,vip,16,90,5,5,6,12,Move this guest to a VIP / Head table. Do not seat VIP at General or Friends.
Neighbours,65,1,0,0,1,2,1,0,general,1,95,1,2,8,10,Seat at a General table. Add chairs if the table is already at max_seats.
VIP,52,5,0,0,0,2,5,0,vip,16,90,5,5,6,12,Move this guest to a VIP / Head table. Do not seat VIP at General or Friends.
Relatives,62,3,0,0,0,2,4,0,groom-family,1,95,3,4,8,12,Seat with Groom's Family. Keep children at the same table as their family.
Bride's Colleagues,26,2,0,0,0,0,2,0,friends,16,80,2,2,8,10,"Seat at a Friends table. If that suite is full, use General — not VIP / Head."
Other,26,1,0,1,0,2,1,0,general,1,95,1,2,8,10,Seat at a General table. Add chairs if the table is already at max_seats.
VIP,35,5,0,0,0,2,5,0,vip,16,90,5,5,6,12,Move this guest to a VIP / Head table. Do not seat VIP at General or Friends.
Bride's Colleagues,32,2,0,0,1,0,2,0,friends,16,80,2,2,8,10,"Seat at a Friends table. If that suite is full, use General — not VIP / Head."
Groom's Colleagues,34,2,0,0,0,1,2,0,friends,16,80,2,2,8,10,"Seat at a Friends table. If that suite is full, use General — not VIP / Head."
Groom's Colleagues,49,2,0,1,0,1,2,0,friends,16,80,2,2,8,10,"Seat at a Friends table. If that suite is full, use General — not VIP / Head."
Bride's Family,40,4,0,0,0,0,4,0,bride-family,1,95,3,4,8,12,Seat with Bride's Family. Keep children at the same table as their family.
VIP,50,5,0,0,0,2,5,0,vip,16,90,5,5,6,12,Move this guest to a VIP / Head table. Do not seat VIP at General or Friends.
Relatives,35,3,0,0,0,2,4,0,bride-family,1,95,3,4,8,12,Seat with Bride's Family. Keep children at the same table as their family.
Bride's Family,36,4,0,0,1,0,4,0,bride-family,1,95,3,4,8,12,Seat with Bride's Family. Keep children at the same table as their family.
Groom's Family,54,4,0,0,0,1,4,0,groom-family,1,95,3,4,8,12,Seat with Groom's Family. Keep children at the same table as their family.
Groom's Family,24,4,0,1,0,1,4,0,groom-family,1,95,3,4,8,12,Seat with Groom's Family. Keep children at the same table as their family.
Bride's Friends,34,2,0,0,0,0,3,0,friends,16,80,2,2,8,10,"Seat at a Friends table. If that suite is full, use General — not VIP / Head."
Groom's Family,19,4,0,0,0,1,4,0,groom-family,1,95,3,4,8,12,Seat with Groom's Family. Keep children at the same table as their family.
VIP,59,5,0,0,0,2,5,0,vip,16,90,5,5,6,12,Move this guest to a VIP / Head table. Do not seat VIP at General or Friends.
Other,36,1,0,0,1,2,1,0,general,1,95,1,2,8,10,Seat at a General table. Add chairs if the table is already at max_seats.
Neighbours,73,1,0,0,0,2,1,0,general,1,95,1,2,8,10,Seat at a General table. Add chairs if the table is already at max_seats.
Neighbours,65,1,0,0,1,2,1,0,general,1,95,1,2,8,10,Seat at a General table. Add chairs if the table is already at max_seats.
Groom's Colleagues,36,2,0,0,0,1,2,0,friends,16,80,2,2,8,10,"Seat at a Friends table. If that suite is full, use General — not VIP / Head."
Bride's Family,32,4,0,0,0,0,4,0,bride-family,1,95,3,4,8,12,Seat with Bride's Family. Keep children at the same table as their family.
Relatives,61,3,0,0,0,2,4,0,groom-family,1,95,3,4,8,12,Seat with Groom's Family. Keep children at the same table as their family.
VIP,68,5,0,0,0,2,5,0,vip,16,90,5,5,6,12,Move this guest to a VIP / Head table. Do not seat VIP at General or Friends.
Bride's Family,23,4,0,0,0,0,4,0,bride-family,1,95,3,4,8,12,Seat with Bride's Family. Keep children at the same table as their family.
Relatives,35,3,0,0,0,2,4,0,groom-family,1,95,3,4,8,12,Seat with Groom's Family. Keep children at the same table as their family.
Bride's Family,59,4,0,0,0,0,4,0,bride-family,1,95,3,4,8,12,Seat with Bride's Family. Keep children at the same table as their family.
Groom's Family,35,4,0,0,1,1,4,0,groom-family,1,95,3,4,8,12,Seat with Groom's Family. Keep children at the same table as their family.
Other,54,1,0,0,0,2,1,0,general,1,95,1,2,8,10,Seat at a General table. Add chairs if the table is already at max_seats.
Groom's Family,44,4,1,0,0,1,4,0,groom-family,1,95,3,4,8,12,Seat with Groom's Family. Keep children at the same table as their family.
Other,66,1,0,0,0,2,1,0,general,1,95,1,2,8,10,Seat at a General table. Add chairs if the table is already at max_seats.
Bride's Family,44,4,0,0,1,0,4,0,bride-family,1,95,3,4,8,12,Seat with Bride's Family. Keep children at the same table as their family.
Relatives,35,3,0,0,0,2,4,0,bride-family,1,95,3,4,8,12,Seat with Bride's Family. Keep children at the same table as their family.
Bride's Friends,25,2,0,0,0,0,3,0,friends,16,80,2,2,8,10,"Seat at a Friends table. If that suite is full, use General — not VIP / Head."
Bride's Friends,27,2,0,0,0,0,3,0,friends,16,80,2,2,8,10,"Seat at a Friends table. If that suite is full, use General — not VIP / Head."
Bride's Friends,35,2,1,0,0,0,3,0,friends,16,80,2,2,8,10,"Seat at a Friends table. If that suite is full, use General — not VIP / Head."
Bride's Friends,30,2,0,0,1,0,3,0,friends,16,80,2,2,8,10,"Seat at a Friends table. If that suite is full, use General — not VIP / Head."
VIP,67,5,0,0,0,2,5,0,vip,16,90,5,5,6,12,Move this guest to a VIP / Head table. Do not seat VIP at General or Friends.
VIP,54,5,0,0,0,2,5,0,vip,16,90,5,5,6,12,Move this guest to a VIP / Head table. Do not seat VIP at General or Friends.
VIP,61,5,0,1,0,2,5,0,vip,16,90,5,5,6,12,Move this guest to a VIP / Head table. Do not seat VIP at General or Friends.
Bride's Friends,35,2,0,1,0,0,3,0,friends,16,80,2,2,8,10,"Seat at a Friends table. If that suite is full, use General — not VIP / Head."
Other,31,1,0,0,0,2,1,0,general,1,95,1,2,8,10,Seat at a General table. Add chairs if the table is already at max_seats.
VIP,36,5,0,0,0,2,5,0,vip,16,90,5,5,6,12,Move this guest to a VIP / Head table. Do not seat VIP at General or Friends.
Relatives,35,3,0,0,0,2,4,0,bride-family,1,95,3,4,8,12,Seat with Bride's Family. Keep children at the same table as their family.
Neighbours,64,1,0,0,1,2,1,0,general,1,95,1,2,8,10,Seat at a General table. Add chairs if the table is already at max_seats.
Bride's Friends,35,2,0,0,0,0,3,0,friends,16,80,2,2,8,10,"Seat at a Friends table. If that suite is full, use General — not VIP / Head."
VIP,35,5,0,0,0,2,5,0,vip,16,90,5,5,6,12,Move this guest to a VIP / Head table. Do not seat VIP at General or Friends.
VIP,35,5,0,0,1,2,5,0,vip,16,90,5,5,6,12,Move this guest to a VIP / Head table. Do not seat VIP at General or Friends.
Bride's Friends,39,2,0,1,0,0,3,0,friends,16,80,2,2,8,10,"Seat at a Friends table. If that suite is full, use General — not VIP / Head."
Neighbours,71,1,0,0,0,2,1,0,general,1,95,1,2,8,10,Seat at a General table. Add chairs if the table is already at max_seats.
Groom's Colleagues,35,2,0,0,0,1,2,0,friends,16,80,2,2,8,10,"Seat at a Friends table. If that suite is full, use General — not VIP / Head."
Relatives,47,3,0,0,0,2,4,0,groom-family,1,95,3,4,8,12,Seat with Groom's Family. Keep children at the same table as their family.
VIP,33,5,1,0,0,2,5,0,vip,16,90,5,5,6,12,Move this guest to a VIP / Head table. Do not seat VIP at General or Friends.
Groom's Family,16,4,0,0,1,1,4,0,groom-family,1,95,3,4,8,12,Seat with Groom's Family. Keep children at the same table as their family.
Bride's Family,27,4,0,0,0,0,4,0,bride-family,1,95,3,4,8,12,Seat with Bride's Family. Keep children at the same table as their family.
VIP,59,5,0,0,0,2,5,0,vip,16,90,5,5,6,12,Move this guest to a VIP / Head table. Do not seat VIP at General or Friends.
VIP,52,5,1,0,1,2,5,0,vip,16,90,5,5,6,12,Move this guest to a VIP / Head table. Do not seat VIP at General or Friends.
Groom's Friends,29,2,0,0,0,1,3,0,friends,16,80,2,2,8,10,"Seat at a Friends table. If that suite is full, use General — not VIP / Head."
Groom's Family,14,4,0,0,0,1,4,0,groom-family,1,95,3,4,8,12,Seat with Groom's Family. Keep children at the same table as their family.
Groom's Family,18,4,0,0,0,1,4,0,groom-family,1,95,3,4,8,12,Seat with Groom's Family. Keep children at the same table as their family.
Relatives,35,3,0,0,1,2,4,0,groom-family,1,95,3,4,8,12,Seat with Groom's Family. Keep children at the same table as their family.
Relatives,51,3,0,0,1,2,4,0,groom-family,1,95,3,4,8,12,Seat with Groom's Family. Keep children at the same table as their family.
Groom's Family,39,4,0,0,0,1,4,0,groom-family,1,95,3,4,8,12,Seat with Groom's Family. Keep children at the same table as their family.
Groom's Family,35,4,0,0,0,1,4,0,groom-family,1,95,3,4,8,12,Seat with Groom's Family. Keep children at the same table as their family.
VIP,39,5,0,0,0,2,5,0,vip,16,90,5,5,6,12,Move this guest to a VIP / Head table. Do not seat VIP at General or Friends.
Bride's Family,42,4,0,0,1,0,4,0,bride-family,1,95,3,4,8,12,Seat with Bride's Family. Keep children at the same table as their family.
Neighbours,54,1,0,0,0,2,1,0,general,1,95,1,2,8,10,Seat at a General table. Add chairs if the table is already at max_seats.
VIP,59,5,0,0,1,2,5,0,vip,16,90,5,5,6,12,Move this guest to a VIP / Head table. Do not seat VIP at General or Friends.
Relatives,65,3,0,0,0,2,4,0,groom-family,1,95,3,4,8,12,Seat with Groom's Family. Keep children at the same table as their family.
Bride's Family,37,4,0,0,0,0,4,0,bride-family,1,95,3,4,8,12,Seat with Bride's Family. Keep children at the same table as their family.
Bride's Family,59,4,0,0,0,0,4,0,bride-family,1,95,3,4,8,12,Seat with Bride's Family. Keep children at the same table as their family.
Bride's Family,10,4,0,0,0,0,4,0,bride-family,1,95,3,4,8,12,Seat with Bride's Family. Keep children at the same table as their family.
Groom's Friends,21,2,0,0,1,1,3,0,friends,16,80,2,2,8,10,"Seat at a Friends table. If that suite is full, use General — not VIP / Head."
Groom's Friends,23,2,1,0,0,1,3,0,friends,16,80,2,2,8,10,"Seat at a Friends table. If that suite is full, use General — not VIP / Head."
Groom's Friends,40,2,0,0,0,1,3,0,friends,16,80,2,2,8,10,"Seat at a Friends table. If that suite is full, use General — not VIP / Head."
VIP,39,5,0,0,1,2,5,0,vip,16,90,5,5,6,12,Move this guest to a VIP / Head table. Do not seat VIP at General or Friends.
Groom's Friends,33,2,0,0,0,1,3,0,friends,16,80,2,2,8,10,"Seat at a Friends table. If that suite is full, use General — not VIP / Head."
Groom's Family,35,4,0,0,0,1,4,0,groom-family,1,95,3,4,8,12,Seat with Groom's Family. Keep children at the same table as their family.
Groom's Colleagues,46,2,0,0,0,1,2,0,friends,16,80,2,2,8,10,"Seat at a Friends table. If that suite is full, use General — not VIP / Head."
Bride's Family,52,4,0,0,0,0,4,0,bride-family,1,95,3,4,8,12,Seat with Bride's Family. Keep children at the same table as their family.
VIP,43,5,0,0,0,2,5,0,vip,16,90,5,5,6,12,Move this guest to a VIP / Head table. Do not seat VIP at General or Friends.
VIP,35,5,0,0,0,2,5,0,vip,16,90,5,5,6,12,Move this guest to a VIP / Head table. Do not seat VIP at General or Friends.
Other,25,1,0,0,0,2,1,0,general,1,95,1,2,8,10,Seat at a General table. Add chairs if the table is already at max_seats.
Relatives,35,3,1,0,0,2,4,0,bride-family,1,95,3,4,8,12,Seat with Bride's Family. Keep children at the same table as their family.
Neighbours,16,1,0,0,0,2,1,0,general,1,95,1,2,8,10,Seat at a General table. Add chairs if the table is already at max_seats.
Other,34,1,0,0,0,2,1,0,general,1,95,1,2,8,10,Seat at a General table. Add chairs if the table is already at max_seats.
Bride's Colleagues,45,2,0,0,0,0,2,0,friends,16,80,2,2,8,10,"Seat at a Friends table. If that suite is full, use General — not VIP / Head."
Other,30,1,0,0,1,2,1,0,general,1,95,1,2,8,10,Seat at a General table. Add chairs if the table is already at max_seats.
Relatives,35,3,0,0,0,2,4,0,bride-family,1,95,3,4,8,12,Seat with Bride's Family. Keep children at the same table as their family.
Bride's Family,49,4,0,0,0,0,4,0,bride-family,1,95,3,4,8,12,Seat with Bride's Family. Keep children at the same table as their family.
Groom's Family,38,4,0,0,0,1,4,0,groom-family,1,95,3,4,8,12,Seat with Groom's Family. Keep children at the same table as their family.
Bride's Family,30,4,0,0,0,0,4,0,bride-family,1,95,3,4,8,12,Seat with Bride's Family. Keep children at the same table as their family.
Bride's Family,39,4,1,0,0,0,4,0,bride-family,1,95,3,4,8,12,Seat with Bride's Family. Keep children at the same table as their family.
Bride's Family,35,4,0,0,0,0,4,0,bride-family,1,95,3,4,8,12,Seat with Bride's Family. Keep children at the same table as their family.
VIP,72,5,0,0,0,2,5,0,vip,16,90,5,5,6,12,Move this guest to a VIP / Head table. Do not seat VIP at General or Friends.
Groom's Friends,36,2,0,0,0,1,3,0,friends,16,80,2,2,8,10,"Seat at a Friends table. If that suite is full, use General — not VIP / Head."
Bride's Family,25,4,0,0,0,0,4,0,bride-family,1,95,3,4,8,12,Seat with Bride's Family. Keep children at the same table as their family.
Groom's Colleagues,40,2,0,0,0,1,2,0,friends,16,80,2,2,8,10,"Seat at a Friends table. If that suite is full, use General — not VIP / Head."
VIP,37,5,0,0,0,2,5,0,vip,16,90,5,5,6,12,Move this guest to a VIP / Head table. Do not seat VIP at General or Friends.
VIP,21,5,0,1,0,2,5,0,vip,16,90,5,5,6,12,Move this guest to a VIP / Head table. Do not seat VIP at General or Friends.
Groom's Family,51,4,0,0,0,1,4,1,groom-family,1,95,3,4,8,12,Seat with Groom's Family. Keep children at the same table as their family.
Bride's Family,67,4,0,0,0,0,4,0,bride-family,1,95,3,4,8,12,Seat with Bride's Family. Keep children at the same table as their family.
Groom's Family,64,4,0,0,0,1,4,0,groom-family,1,95,3,4,8,12,Seat with Groom's Family. Keep children at the same table as their family.
Neighbours,35,1,0,0,0,2,1,0,general,1,95,1,2,8,10,Seat at a General table. Add chairs if the table is already at max_seats.
Bride's Family,17,4,0,0,0,0,4,0,bride-family,1,95,3,4,8,12,Seat with Bride's Family. Keep children at the same table as their family.
VIP,25,5,0,0,0,2,5,0,vip,16,90,5,5,6,12,Move this guest to a VIP / Head table. Do not seat VIP at General or Friends.
Groom's Family,64,4,0,0,0,1,4,0,groom-family,1,95,3,4,8,12,Seat with Groom's Family. Keep children at the same table as their family.
Other,35,1,0,0,0,2,1,0,general,1,95,1,2,8,10,Seat at a General table. Add chairs if the table is already at max_seats.
Relatives,49,3,0,0,0,2,4,0,groom-family,1,95,3,4,8,12,Seat with Groom's Family. Keep children at the same table as their family.
Bride's Family,50,4,0,0,1,0,4,0,bride-family,1,95,3,4,8,12,Seat with Bride's Family. Keep children at the same table as their family.
Relatives,35,3,0,0,0,2,4,0,groom-family,1,95,3,4,8,12,Seat with Groom's Family. Keep children at the same table as their family.
Relatives,50,3,0,0,0,2,4,0,groom-family,1,95,3,4,8,12,Seat with Groom's Family. Keep children at the same table as their family.
Relatives,35,3,0,1,0,2,4,0,groom-family,1,95,3,4,8,12,Seat with Groom's Family. Keep children at the same table as their family.
Relatives,54,3,0,0,0,2,4,0,bride-family,1,95,3,4,8,12,Seat with Bride's Family. Keep children at the same table as their family.
Bride's Family,48,4,1,0,0,0,4,0,bride-family,1,95,3,4,8,12,Seat with Bride's Family. Keep children at the same table as their family.
Bride's Family,64,4,0,0,0,0,4,0,bride-family,1,95,3,4,8,12,Seat with Bride's Family. Keep children at the same table as their family.
Relatives,66,3,0,0,0,2,4,0,groom-family,1,95,3,4,8,12,Seat with Groom's Family. Keep children at the same table as their family.
Groom's Family,70,4,0,0,0,1,4,0,groom-family,1,95,3,4,8,12,Seat with Groom's Family. Keep children at the same table as their family.
VIP,41,5,0,0,1,2,5,1,vip,16,90,5,5,6,12,Move this guest to a VIP / Head table. Do not seat VIP at General or Friends.
Other,35,1,0,0,0,2,1,0,general,1,95,1,2,8,10,Seat at a General table. Add chairs if the table is already at max_seats.
Groom's Family,47,4,0,0,0,1,4,0,groom-family,1,95,3,4,8,12,Seat with Groom's Family. Keep children at the same table as their family.
Bride's Family,35,4,0,0,0,0,4,0,bride-family,1,95,3,4,8,12,Seat with Bride's Family. Keep children at the same table as their family.
Groom's Colleagues,40,2,0,0,0,1,2,0,friends,16,80,2,2,8,10,"Seat at a Friends table. If that suite is full, use General — not VIP / Head."
VIP,70,5,0,0,0,2,5,0,vip,16,90,5,5,6,12,Move this guest to a VIP / Head table. Do not seat VIP at General or Friends.
Groom's Family,46,4,0,0,0,1,4,0,groom-family,1,95,3,4,8,12,Seat with Groom's Family. Keep children at the same table as their family.
Relatives,38,3,0,0,0,2,4,0,groom-family,1,95,3,4,8,12,Seat with Groom's Family. Keep children at the same table as their family.
VIP,63,5,0,0,0,2,5,0,vip,16,90,5,5,6,12,Move this guest to a VIP / Head table. Do not seat VIP at General or Friends.
Neighbours,32,1,0,0,0,2,1,0,general,1,95,1,2,8,10,Seat at a General table. Add chairs if the table is already at max_seats.
VIP,35,5,0,0,0,2,5,0,vip,16,90,5,5,6,12,Move this guest to a VIP / Head table. Do not seat VIP at General or Friends.
Neighbours,30,1,0,0,0,2,1,0,general,1,95,1,2,8,10,Seat at a General table. Add chairs if the table is already at max_seats.
Bride's Friends,26,2,0,0,0,0,3,0,friends,16,80,2,2,8,10,"Seat at a Friends table. If that suite is full, use General — not VIP / Head."
Bride's Friends,35,2,0,0,0,0,3,0,friends,16,80,2,2,8,10,"Seat at a Friends table. If that suite is full, use General — not VIP / Head."
Groom's Family,62,4,0,0,0,1,4,0,groom-family,1,95,3,4,8,12,Seat with Groom's Family. Keep children at the same table as their family.
Bride's Colleagues,47,2,0,0,0,0,2,0,friends,16,80,2,2,8,10,"Seat at a Friends table. If that suite is full, use General — not VIP / Head."
Bride's Colleagues,42,2,0,0,0,0,2,0,friends,16,80,2,2,8,10,"Seat at a Friends table. If that suite is full, use General — not VIP / Head."
Neighbours,70,1,0,0,0,2,1,0,general,1,95,1,2,8,10,Seat at a General table. Add chairs if the table is already at max_seats.
Relatives,59,3,0,0,0,2,4,0,bride-family,1,95,3,4,8,12,Seat with Bride's Family. Keep children at the same table as their family.
Groom's Friends,29,2,0,0,0,1,3,0,friends,16,80,2,2,8,10,"Seat at a Friends table. If that suite is full, use General — not VIP / Head."
Other,45,1,0,0,0,2,1,0,general,1,95,1,2,8,10,Seat at a General table. Add chairs if the table is already at max_seats.
Bride's Friends,30,2,0,0,1,0,3,0,friends,16,80,2,2,8,10,"Seat at a Friends table. If that suite is full, use General — not VIP / Head."
Neighbours,35,1,0,0,1,2,1,0,general,1,95,1,2,8,10,Seat at a General table. Add chairs if the table is already at max_seats.
Neighbours,55,1,0,0,1,2,1,0,general,1,95,1,2,8,10,Seat at a General table. Add chairs if the table is already at max_seats.
Groom's Colleagues,32,2,0,0,0,1,2,0,friends,16,80,2,2,8,10,"Seat at a Friends table. If that suite is full, use General — not VIP / Head."
Groom's Friends,24,2,0,0,0,1,3,0,friends,16,80,2,2,8,10,"Seat at a Friends table. If that suite is full, use General — not VIP / Head."
Groom's Family,48,4,0,0,0,1,4,0,groom-family,1,95,3,4,8,12,Seat with Groom's Family. Keep children at the same table as their family.
Groom's Colleagues,30,2,0,0,0,1,2,0,friends,16,80,2,2,8,10,"Seat at a Friends table. If that suite is full, use General — not VIP / Head."
Bride's Colleagues,35,2,0,0,0,0,2,0,friends,16,80,2,2,8,10,"Seat at a Friends table. If that suite is full, use General — not VIP / Head."
Other,53,1,0,1,0,2,1,0,general,1,95,1,2,8,10,Seat at a General table. Add chairs if the table is already at max_seats.
Groom's Friends,35,2,0,0,0,1,3,0,friends,16,80,2,2,8,10,"Seat at a Friends table. If that suite is full, use General — not VIP / Head."
Groom's Friends,35,2,0,0,1,1,3,0,friends,16,80,2,2,8,10,"Seat at a Friends table. If that suite is full, use General — not VIP / Head."
Relatives,25,3,0,0,0,2,4,0,bride-family,1,95,3,4,8,12,Seat with Bride's Family. Keep children at the same table as their family.
Bride's Family,61,4,1,0,0,0,4,0,bride-family,1,95,3,4,8,12,Seat with Bride's Family. Keep children at the same table as their family.
Bride's Family,29,4,0,0,0,0,4,0,bride-family,1,95,3,4,8,12,Seat with Bride's Family. Keep children at the same table as their family.
VIP,35,5,0,0,0,2,5,0,vip,16,90,5,5,6,12,Move this guest to a VIP / Head table. Do not seat VIP at General or Friends.
Groom's Family,57,4,0,0,1,1,4,0,groom-family,1,95,3,4,8,12,Seat with Groom's Family. Keep children at the same table as their family.
Other,38,1,0,0,0,2,1,0,general,1,95,1,2,8,10,Seat at a General table. Add chairs if the table is already at max_seats.
Other,31,1,0,0,0,2,1,0,general,1,95,1,2,8,10,Seat at a General table. Add chairs if the table is already at max_seats.
Bride's Family,73,4,0,0,1,0,4,0,bride-family,1,95,3,4,8,12,Seat with Bride's Family. Keep children at the same table as their family.
Groom's Friends,35,2,0,0,0,1,3,0,friends,16,80,2,2,8,10,"Seat at a Friends table. If that suite is full, use General — not VIP / Head."
Groom's Family,33,4,0,0,0,1,4,0,groom-family,1,95,3,4,8,12,Seat with Groom's Family. Keep children at the same table as their family.
Groom's Colleagues,31,2,0,0,1,1,2,0,friends,16,80,2,2,8,10,"Seat at a Friends table. If that suite is full, use General — not VIP / Head."
Relatives,33,3,0,0,0,2,4,0,bride-family,1,95,3,4,8,12,Seat with Bride's Family. Keep children at the same table as their family.
Bride's Family,35,4,0,0,0,0,4,0,bride-family,1,95,3,4,8,12,Seat with Bride's Family. Keep children at the same table as their family.
VIP,35,5,0,0,0,2,5,0,vip,16,90,5,5,6,12,Move this guest to a VIP / Head table. Do not seat VIP at General or Friends.
Bride's Friends,40,2,0,0,0,0,3,0,friends,16,80,2,2,8,10,"Seat at a Friends table. If that suite is full, use General — not VIP / Head."
Bride's Family,24,4,0,0,1,0,4,0,bride-family,1,95,3,4,8,12,Seat with Bride's Family. Keep children at the same table as their family.
Bride's Family,62,4,0,0,0,0,4,0,bride-family,1,95,3,4,8,12,Seat with Bride's Family. Keep children at the same table as their family.
Groom's Family,20,4,0,0,0,1,4,0,groom-family,1,95,3,4,8,12,Seat with Groom's Family. Keep children at the same table as their family.
Relatives,49,3,0,1,0,2,4,0,groom-family,1,95,3,4,8,12,Seat with Groom's Family. Keep children at the same table as their family.
Bride's Friends,30,2,0,0,1,0,3,0,friends,16,80,2,2,8,10,"Seat at a Friends table. If that suite is full, use General — not VIP / Head."
Groom's Family,27,4,0,0,1,1,4,0,groom-family,1,95,3,4,8,12,Seat with Groom's Family. Keep children at the same table as their family.
VIP,19,5,1,0,0,2,5,0,vip,16,90,5,5,6,12,Move this guest to a VIP / Head table. Do not seat VIP at General or Friends.
Bride's Colleagues,34,2,0,0,0,0,2,0,friends,16,80,2,2,8,10,"Seat at a Friends table. If that suite is full, use General — not VIP / Head."
Groom's Friends,19,2,1,0,0,1,3,0,friends,16,80,2,2,8,10,"Seat at a Friends table. If that suite is full, use General — not VIP / Head."
Relatives,35,3,0,0,0,2,4,0,groom-family,1,95,3,4,8,12,Seat with Groom's Family. Keep children at the same table as their family.
VIP,51,5,1,0,0,2,5,0,vip,16,90,5,5,6,12,Move this guest to a VIP / Head table. Do not seat VIP at General or Friends.
Other,40,1,0,0,0,2,1,0,general,1,95,1,2,8,10,Seat at a General table. Add chairs if the table is already at max_seats.
Groom's Family,35,4,0,0,0,1,4,0,groom-family,1,95,3,4,8,12,Seat with Groom's Family. Keep children at the same table as their family.
VIP,45,5,0,0,0,2,5,0,vip,16,90,5,5,6,12,Move this guest to a VIP / Head table. Do not seat VIP at General or Friends.
Bride's Colleagues,44,2,0,0,0,0,2,0,friends,16,80,2,2,8,10,"Seat at a Friends table. If that suite is full, use General — not VIP / Head."
VIP,63,5,0,0,0,2,5,0,vip,16,90,5,5,6,12,Move this guest to a VIP / Head table. Do not seat VIP at General or Friends.
Groom's Friends,26,2,0,0,0,1,3,0,friends,16,80,2,2,8,10,"Seat at a Friends table. If that suite is full, use General — not VIP / Head."
Groom's Colleagues,30,2,0,0,0,1,2,0,friends,16,80,2,2,8,10,"Seat at a Friends table. If that suite is full, use General — not VIP / Head."
Relatives,41,3,0,0,0,2,4,0,groom-family,1,95,3,4,8,12,Seat with Groom's Family. Keep children at the same table as their family.
Bride's Family,54,4,0,0,0,0,4,0,bride-family,1,95,3,4,8,12,Seat with Bride's Family. Keep children at the same table as their family.
Relatives,39,3,1,0,0,2,4,0,groom-family,1,95,3,4,8,12,Seat with Groom's Family. Keep children at the same table as their family.
Other,9,1,0,0,0,2,1,0,general,1,95,1,2,8,10,Seat at a General table. Add chairs if the table is already at max_seats.
VIP,56,5,0,0,0,2,5,0,vip,16,90,5,5,6,12,Move this guest to a VIP / Head table. Do not seat VIP at General or Friends.
VIP,20,5,0,0,1,2,5,0,vip,16,90,5,5,6,12,Move this guest to a VIP / Head table. Do not seat VIP at General or Friends.
Other,35,1,0,0,0,2,1,0,general,1,95,1,2,8,10,Seat at a General table. Add chairs if the table is already at max_seats.
Groom's Family,72,4,0,0,0,1,4,0,groom-family,1,95,3,4,8,12,Seat with Groom's Family. Keep children at the same table as their family.
VIP,65,5,0,0,1,2,5,0,vip,16,90,5,5,6,12,Move this guest to a VIP / Head table. Do not seat VIP at General or Friends.
Bride's Colleagues,30,2,0,0,1,0,2,0,friends,16,80,2,2,8,10,"Seat at a Friends table. If that suite is full, use General — not VIP / Head."
Relatives,45,3,0,0,0,2,4,0,groom-family,1,95,3,4,8,12,Seat with Groom's Family. Keep children at the same table as their family.
VIP,67,5,0,0,0,2,5,0,vip,16,90,5,5,6,12,Move this guest to a VIP / Head table. Do not seat VIP at General or Friends.
Groom's Colleagues,36,2,0,0,0,1,2,0,friends,16,80,2,2,8,10,"Seat at a Friends table. If that suite is full, use General — not VIP / Head."
VIP,35,5,0,0,0,2,5,0,vip,16,90,5,5,6,12,Move this guest to a VIP / Head table. Do not seat VIP at General or Friends.
VIP,33,5,1,0,0,2,5,0,vip,16,90,5,5,6,12,Move this guest to a VIP / Head table. Do not seat VIP at General or Friends.
Groom's Friends,29,2,0,0,0,1,3,0,friends,16,80,2,2,8,10,"Seat at a Friends table. If that suite is full, use General — not VIP / Head."
Groom's Friends,28,2,0,0,1,1,3,0,friends,16,80,2,2,8,10,"Seat at a Friends table. If that suite is full, use General — not VIP / Head."
Bride's Family,27,4,0,0,0,0,4,1,bride-family,1,95,3,4,8,12,Seat with Bride's Family. Keep children at the same table as their family.
Bride's Family,7,4,0,0,1,0,4,0,bride-family,1,95,3,4,8,12,Seat with Bride's Family. Keep children at the same table as their family.
Groom's Colleagues,35,2,0,0,1,1,2,0,friends,16,80,2,2,8,10,"Seat at a Friends table. If that suite is full, use General — not VIP / Head."
VIP,51,5,0,0,0,2,5,0,vip,16,90,5,5,6,12,Move this guest to a VIP / Head table. Do not seat VIP at General or Friends.
Groom's Family,56,4,0,0,0,1,4,0,groom-family,1,95,3,4,8,12,Seat with Groom's Family. Keep children at the same table as their family.
Groom's Colleagues,39,2,0,0,0,1,2,0,friends,16,80,2,2,8,10,"Seat at a Friends table. If that suite is full, use General — not VIP / Head."
Groom's Friends,32,2,0,0,0,1,3,0,friends,16,80,2,2,8,10,"Seat at a Friends table. If that suite is full, use General — not VIP / Head."
Bride's Family,21,4,0,0,0,0,4,0,bride-family,1,95,3,4,8,12,Seat with Bride's Family. Keep children at the same table as their family.
Other,62,1,0,0,0,2,1,0,general,1,95,1,2,8,10,Seat at a General table. Add chairs if the table is already at max_seats.
Other,37,1,0,0,0,2,1,0,general,1,95,1,2,8,10,Seat at a General table. Add chairs if the table is already at max_seats.
Groom's Friends,35,2,0,0,0,1,3,0,friends,16,80,2,2,8,10,"Seat at a Friends table. If that suite is full, use General — not VIP / Head."
Other,55,1,0,0,1,2,1,0,general,1,95,1,2,8,10,Seat at a General table. Add chairs if the table is already at max_seats.
Groom's Family,56,4,0,0,0,1,4,0,groom-family,1,95,3,4,8,12,Seat with Groom's Family. Keep children at the same table as their family.
Neighbours,63,1,0,0,1,2,1,0,general,1,95,1,2,8,10,Seat at a General table. Add chairs if the table is already at max_seats.
Groom's Colleagues,33,2,0,1,0,1,2,0,friends,16,80,2,2,8,10,"Seat at a Friends table. If that suite is full, use General — not VIP / Head."
Groom's Friends,39,2,0,0,0,1,3,0,friends,16,80,2,2,8,10,"Seat at a Friends table. If that suite is full, use General — not VIP / Head."
Bride's Friends,35,2,0,0,0,0,3,0,friends,16,80,2,2,8,10,"Seat at a Friends table. If that suite is full, use General — not VIP / Head."
Bride's Colleagues,35,2,0,0,1,0,2,0,friends,16,80,2,2,8,10,"Seat at a Friends table. If that suite is full, use General — not VIP / Head."
Bride's Family,53,4,0,0,0,0,4,0,bride-family,1,95,3,4,8,12,Seat with Bride's Family. Keep children at the same table as their family.
Groom's Family,35,4,0,0,0,1,4,0,groom-family,1,95,3,4,8,12,Seat with Groom's Family. Keep children at the same table as their family.
VIP,67,5,1,0,1,2,5,0,vip,16,90,5,5,6,12,Move this guest to a VIP / Head table. Do not seat VIP at General or Friends.
VIP,56,5,0,0,0,2,5,0,vip,16,90,5,5,6,12,Move this guest to a VIP / Head table. Do not seat VIP at General or Friends.
Neighbours,41,1,0,0,0,2,1,0,general,1,95,1,2,8,10,Seat at a General table. Add chairs if the table is already at max_seats.
Bride's Family,44,4,0,0,1,0,4,0,bride-family,1,95,3,4,8,12,Seat with Bride's Family. Keep children at the same table as their family.
Bride's Family,4,4,0,0,0,0,4,0,bride-family,1,95,3,4,8,12,Seat with Bride's Family. Keep children at the same table as their family.
Relatives,35,3,0,0,0,2,4,0,groom-family,1,95,3,4,8,12,Seat with Groom's Family. Keep children at the same table as their family.
Groom's Colleagues,31,2,1,0,0,1,2,0,friends,16,80,2,2,8,10,"Seat at a Friends table. If that suite is full, use General — not VIP / Head."
Groom's Friends,25,2,0,0,0,1,3,0,friends,16,80,2,2,8,10,"Seat at a Friends table. If that suite is full, use General — not VIP / Head."
Bride's Colleagues,28,2,0,0,0,0,2,0,friends,16,80,2,2,8,10,"Seat at a Friends table. If that suite is full, use General — not VIP / Head."
VIP,67,5,0,0,0,2,5,0,vip,16,90,5,5,6,12,Move this guest to a VIP / Head table. Do not seat VIP at General or Friends.
Groom's Colleagues,43,2,0,0,0,1,2,0,friends,16,80,2,2,8,10,"Seat at a Friends table. If that suite is full, use General — not VIP / Head."
Neighbours,46,1,0,0,0,2,1,0,general,1,95,1,2,8,10,Seat at a General table. Add chairs if the table is already at max_seats.
VIP,51,5,0,0,0,2,5,0,vip,16,90,5,5,6,12,Move this guest to a VIP / Head table. Do not seat VIP at General or Friends.
VIP,35,5,0,0,0,2,5,0,vip,16,90,5,5,6,12,Move this guest to a VIP / Head table. Do not seat VIP at General or Friends.
Bride's Family,73,4,0,0,1,0,4,0,bride-family,1,95,3,4,8,12,Seat with Bride's Family. Keep children at the same table as their family.
Bride's Family,26,4,0,1,0,0,4,0,bride-family,1,95,3,4,8,12,Seat with Bride's Family. Keep children at the same table as their family.
VIP,50,5,0,0,0,2,5,0,vip,16,90,5,5,6,12,Move this guest to a VIP / Head table. Do not seat VIP at General or Friends.
Bride's Family,28,4,0,0,0,0,4,0,bride-family,1,95,3,4,8,12,Seat with Bride's Family. Keep children at the same table as their family.
Bride's Colleagues,35,2,0,0,0,0,2,0,friends,16,80,2,2,8,10,"Seat at a Friends table. If that suite is full, use General — not VIP / Head."
Relatives,48,3,0,0,0,2,4,0,bride-family,1,95,3,4,8,12,Seat with Bride's Family. Keep children at the same table as their family.
Other,30,1,0,0,0,2,1,0,general,1,95,1,2,8,10,Seat at a General table. Add chairs if the table is already at max_seats.
Groom's Friends,35,2,0,0,0,1,3,0,friends,16,80,2,2,8,10,"Seat at a Friends table. If that suite is full, use General — not VIP / Head."
Neighbours,75,1,0,0,1,2,1,0,general,1,95,1,2,8,10,Seat at a General table. Add chairs if the table is already at max_seats.
Relatives,29,3,0,0,0,2,4,0,groom-family,1,95,3,4,8,12,Seat with Groom's Family. Keep children at the same table as their family.
VIP,62,5,0,0,0,2,5,0,vip,16,90,5,5,6,12,Move this guest to a VIP / Head table. Do not seat VIP at General or Friends.
VIP,40,5,1,0,0,2,5,0,vip,16,90,5,5,6,12,Move this guest to a VIP / Head table. Do not seat VIP at General or Friends.
Other,29,1,0,0,0,2,1,0,general,1,95,1,2,8,10,Seat at a General table. Add chairs if the table is already at max_seats.
Neighbours,18,1,0,0,0,2,1,0,general,1,95,1,2,8,10,Seat at a General table. Add chairs if the table is already at max_seats.
Bride's Colleagues,29,2,0,0,0,0,2,0,friends,16,80,2,2,8,10,"Seat at a Friends table. If that suite is full, use General — not VIP / Head."
VIP,35,5,0,0,0,2,5,0,vip,16,90,5,5,6,12,Move this guest to a VIP / Head table. Do not seat VIP at General or Friends.
VIP,33,5,0,1,1,2,5,0,vip,16,90,5,5,6,12,Move this guest to a VIP / Head table. Do not seat VIP at General or Friends.
Bride's Friends,35,2,0,0,0,0,3,0,friends,16,80,2,2,8,10,"Seat at a Friends table. If that suite is full, use General — not VIP / Head."
Relatives,35,3,0,0,1,2,4,0,groom-family,1,95,3,4,8,12,Seat with Groom's Family. Keep children at the same table as their family.
Groom's Family,28,4,0,0,0,1,4,0,groom-family,1,95,3,4,8,12,Seat with Groom's Family. Keep children at the same table as their family.
Relatives,35,3,0,0,0,2,4,0,bride-family,1,95,3,4,8,12,Seat with Bride's Family. Keep children at the same table as their family.
Relatives,47,3,1,0,0,2,4,0,bride-family,1,95,3,4,8,12,Seat with Bride's Family. Keep children at the same table as their family.
Groom's Family,66,4,1,0,0,1,4,0,groom-family,1,95,3,4,8,12,Seat with Groom's Family. Keep children at the same table as their family.
VIP,42,5,0,0,0,2,5,0,vip,16,90,5,5,6,12,Move this guest to a VIP / Head table. Do not seat VIP at General or Friends.
Bride's Family,18,4,0,1,0,0,4,0,bride-family,1,95,3,4,8,12,Seat with Bride's Family. Keep children at the same table as their family.
Bride's Friends,34,2,0,0,0,0,3,0,friends,16,80,2,2,8,10,"Seat at a Friends table. If that suite is full, use General — not VIP / Head."
Groom's Family,37,4,0,0,0,1,4,0,groom-family,1,95,3,4,8,12,Seat with Groom's Family. Keep children at the same table as their family.
VIP,62,5,0,0,0,2,5,0,vip,16,90,5,5,6,12,Move this guest to a VIP / Head table. Do not seat VIP at General or Friends.
Groom's Family,45,4,0,0,0,1,4,0,groom-family,1,95,3,4,8,12,Seat with Groom's Family. Keep children at the same table as their family.
VIP,54,5,1,0,0,2,5,1,vip,16,90,5,5,6,12,Move this guest to a VIP / Head table. Do not seat VIP at General or Friends.
Groom's Family,44,4,0,0,0,1,4,0,groom-family,1,95,3,4,8,12,Seat with Groom's Family. Keep children at the same table as their family.
Other,25,1,0,0,0,2,1,0,general,1,95,1,2,8,10,Seat at a General table. Add chairs if the table is already at max_seats.
Groom's Family,52,4,0,0,0,1,4,0,groom-family,1,95,3,4,8,12,Seat with Groom's Family. Keep children at the same table as their family.
Neighbours,31,1,0,0,0,2,1,0,general,1,95,1,2,8,10,Seat at a General table. Add chairs if the table is already at max_seats.
VIP,56,5,0,0,0,2,5,0,vip,16,90,5,5,6,12,Move this guest to a VIP / Head table. Do not seat VIP at General or Friends.
Bride's Colleagues,38,2,0,0,0,0,2,0,friends,16,80,2,2,8,10,"Seat at a Friends table. If that suite is full, use General — not VIP / Head."
Other,62,1,0,0,0,2,1,0,general,1,95,1,2,8,10,Seat at a General table. Add chairs if the table is already at max_seats.
Bride's Family,43,4,0,0,0,0,4,0,bride-family,1,95,3,4,8,12,Seat with Bride's Family. Keep children at the same table as their family.
Groom's Family,39,4,0,0,0,1,4,0,groom-family,1,95,3,4,8,12,Seat with Groom's Family. Keep children at the same table as their family.
Neighbours,20,1,0,0,0,2,1,0,general,1,95,1,2,8,10,Seat at a General table. Add chairs if the table is already at max_seats.
VIP,27,5,0,0,0,2,5,0,vip,16,90,5,5,6,12,Move this guest to a VIP / Head table. Do not seat VIP at General or Friends.
Neighbours,40,1,0,0,1,2,1,0,general,1,95,1,2,8,10,Seat at a General table. Add chairs if the table is already at max_seats.
Groom's Friends,22,2,0,0,0,1,3,0,friends,16,80,2,2,8,10,"Seat at a Friends table. If that suite is full, use General — not VIP / Head."
Bride's Family,73,4,0,0,1,0,4,0,bride-family,1,95,3,4,8,12,Seat with Bride's Family. Keep children at the same table as their family.
Groom's Family,54,4,0,0,0,1,4,0,groom-family,1,95,3,4,8,12,Seat with Groom's Family. Keep children at the same table as their family.
Groom's Colleagues,27,2,0,0,1,1,2,0,friends,16,80,2,2,8,10,"Seat at a Friends table. If that suite is full, use General — not VIP / Head."
Bride's Friends,34,2,0,0,1,0,3,0,friends,16,80,2,2,8,10,"Seat at a Friends table. If that suite is full, use General — not VIP / Head."
VIP,61,5,0,0,0,2,5,0,vip,16,90,5,5,6,12,Move this guest to a VIP / Head table. Do not seat VIP at General or Friends.
Groom's Family,43,4,0,0,0,1,4,0,groom-family,1,95,3,4,8,12,Seat with Groom's Family. Keep children at the same table as their family.
Neighbours,32,1,0,0,0,2,1,0,general,1,95,1,2,8,10,Seat at a General table. Add chairs if the table is already at max_seats.
Relatives,54,3,0,0,0,2,4,0,groom-family,1,95,3,4,8,12,Seat with Groom's Family. Keep children at the same table as their family.
Groom's Family,41,4,0,0,0,1,4,0,groom-family,1,95,3,4,8,12,Seat with Groom's Family. Keep children at the same table as their family.
Bride's Friends,28,2,0,0,0,0,3,0,friends,16,80,2,2,8,10,"Seat at a Friends table. If that suite is full, use General — not VIP / Head."
Groom's Colleagues,70,2,0,0,0,1,2,0,friends,16,80,2,2,8,10,"Seat at a Friends table. If that suite is full, use General — not VIP / Head."
Neighbours,58,1,0,0,0,2,1,0,general,1,95,1,2,8,10,Seat at a General table. Add chairs if the table is already at max_seats.
Other,48,1,0,0,0,2,1,0,general,1,95,1,2,8,10,Seat at a General table. Add chairs if the table is already at max_seats.
Bride's Friends,29,2,0,0,1,0,3,0,friends,16,80,2,2,8,10,"Seat at a Friends table. If that suite is full, use General — not VIP / Head."
VIP,52,5,0,0,1,2,5,0,vip,16,90,5,5,6,12,Move this guest to a VIP / Head table. Do not seat VIP at General or Friends.
VIP,63,5,0,1,0,2,5,0,vip,16,90,5,5,6,12,Move this guest to a VIP / Head table. Do not seat VIP at General or Friends.
Groom's Family,43,4,0,0,0,1,4,0,groom-family,1,95,3,4,8,12,Seat with Groom's Family. Keep children at the same table as their family.
Relatives,65,3,0,0,0,2,4,0,groom-family,1,95,3,4,8,12,Seat with Groom's Family. Keep children at the same table as their family.
Bride's Colleagues,35,2,0,0,0,0,2,0,friends,16,80,2,2,8,10,"Seat at a Friends table. If that suite is full, use General — not VIP / Head."
Bride's Family,35,4,0,0,0,0,4,0,bride-family,1,95,3,4,8,12,Seat with Bride's Family. Keep children at the same table as their family.
Bride's Family,42,4,0,0,0,0,4,0,bride-family,1,95,3,4,8,12,Seat with Bride's Family. Keep children at the same table as their family.
Bride's Family,51,4,1,0,0,0,4,0,bride-family,1,95,3,4,8,12,Seat with Bride's Family. Keep children at the same table as their family.
Relatives,66,3,0,0,0,2,4,0,groom-family,1,95,3,4,8,12,Seat with Groom's Family. Keep children at the same table as their family.
VIP,50,5,1,0,0,2,5,0,vip,16,90,5,5,6,12,Move this guest to a VIP / Head table. Do not seat VIP at General or Friends.
VIP,55,5,0,0,1,2,5,0,vip,16,90,5,5,6,12,Move this guest to a VIP / Head table. Do not seat VIP at General or Friends.
Other,26,1,0,0,0,2,1,0,general,1,95,1,2,8,10,Seat at a General table. Add chairs if the table is already at max_seats.
Relatives,35,3,0,0,0,2,4,0,groom-family,1,95,3,4,8,12,Seat with Groom's Family. Keep children at the same table as their family.
Other,31,1,0,0,0,2,1,0,general,1,95,1,2,8,10,Seat at a General table. Add chairs if the table is already at max_seats.
VIP,43,5,1,0,0,2,5,0,vip,16,90,5,5,6,12,Move this guest to a VIP / Head table. Do not seat VIP at General or Friends.
Groom's Family,35,4,0,0,1,1,4,0,groom-family,1,95,3,4,8,12,Seat with Groom's Family. Keep children at the same table as their family.
Bride's Friends,28,2,0,0,0,0,3,0,friends,16,80,2,2,8,10,"Seat at a Friends table. If that suite is full, use General — not VIP / Head."
Bride's Family,35,4,0,0,1,0,4,0,bride-family,1,95,3,4,8,12,Seat with Bride's Family. Keep children at the same table as their family.
Neighbours,57,1,1,0,0,2,1,0,general,1,95,1,2,8,10,Seat at a General table. Add chairs if the table is already at max_seats.
VIP,48,5,1,0,0,2,5,0,vip,16,90,5,5,6,12,Move this guest to a VIP / Head table. Do not seat VIP at General or Friends.
Relatives,29,3,0,0,0,2,4,0,bride-family,1,95,3,4,8,12,Seat with Bride's Family. Keep children at the same table as their family.
Bride's Friends,24,2,0,0,1,0,3,0,friends,16,80,2,2,8,10,"Seat at a Friends table. If that suite is full, use General — not VIP / Head."
Neighbours,64,1,0,0,0,2,1,0,general,1,95,1,2,8,10,Seat at a General table. Add chairs if the table is already at max_seats.
Bride's Friends,30,2,0,0,1,0,3,0,friends,16,80,2,2,8,10,"Seat at a Friends table. If that suite is full, use General — not VIP / Head."
Relatives,51,3,0,0,1,2,4,0,bride-family,1,95,3,4,8,12,Seat with Bride's Family. Keep children at the same table as their family.
VIP,57,5,0,0,0,2,5,0,vip,16,90,5,5,6,12,Move this guest to a VIP / Head table. Do not seat VIP at General or Friends.
Neighbours,35,1,0,0,0,2,1,0,general,1,95,1,2,8,10,Seat at a General table. Add chairs if the table is already at max_seats.
Groom's Colleagues,41,2,0,0,1,1,2,0,friends,16,80,2,2,8,10,"Seat at a Friends table. If that suite is full, use General — not VIP / Head."
Bride's Colleagues,48,2,0,0,0,0,2,0,friends,16,80,2,2,8,10,"Seat at a Friends table. If that suite is full, use General — not VIP / Head."
Groom's Friends,28,2,0,0,1,1,3,0,friends,16,80,2,2,8,10,"Seat at a Friends table. If that suite is full, use General — not VIP / Head."
Bride's Colleagues,32,2,0,0,0,0,2,0,friends,16,80,2,2,8,10,"Seat at a Friends table. If that suite is full, use General — not VIP / Head."
Groom's Family,9,4,1,1,0,1,4,0,groom-family,1,95,3,4,8,12,Seat with Groom's Family. Keep children at the same table as their family.
Relatives,25,3,0,0,0,2,4,0,bride-family,1,95,3,4,8,12,Seat with Bride's Family. Keep children at the same table as their family.
Bride's Family,35,4,0,0,0,0,4,0,bride-family,1,95,3,4,8,12,Seat with Bride's Family. Keep children at the same table as their family.
Neighbours,74,1,0,1,0,2,1,0,general,1,95,1,2,8,10,Seat at a General table. Add chairs if the table is already at max_seats.
Groom's Family,55,4,1,0,0,1,4,0,groom-family,1,95,3,4,8,12,Seat with Groom's Family. Keep children at the same table as their family.
VIP,70,5,1,0,0,2,5,0,vip,16,90,5,5,6,12,Move this guest to a VIP / Head table. Do not seat VIP at General or Friends.
Bride's Colleagues,37,2,0,0,0,0,2,0,friends,16,80,2,2,8,10,"Seat at a Friends table. If that suite is full, use General — not VIP / Head."
Neighbours,19,1,0,0,1,2,1,0,general,1,95,1,2,8,10,Seat at a General table. Add chairs if the table is already at max_seats.
Neighbours,35,1,0,0,0,2,1,0,general,1,95,1,2,8,10,Seat at a General table. Add chairs if the table is already at max_seats.
Groom's Colleagues,35,2,0,0,1,1,2,0,friends,16,80,2,2,8,10,"Seat at a Friends table. If that suite is full, use General — not VIP / Head."
Bride's Colleagues,30,2,0,0,0,0,2,0,friends,16,80,2,2,8,10,"Seat at a Friends table. If that suite is full, use General — not VIP / Head."
VIP,73,5,0,0,0,2,5,0,vip,16,90,5,5,6,12,Move this guest to a VIP / Head table. Do not seat VIP at General or Friends.
Neighbours,38,1,0,0,1,2,1,0,general,1,95,1,2,8,10,Seat at a General table. Add chairs if the table is already at max_seats.
Relatives,48,3,1,0,0,2,4,0,bride-family,1,95,3,4,8,12,Seat with Bride's Family. Keep children at the same table as their family.
Other,22,1,0,0,0,2,1,0,general,1,95,1,2,8,10,Seat at a General table. Add chairs if the table is already at max_seats.
Relatives,58,3,0,0,0,2,4,0,bride-family,1,95,3,4,8,12,Seat with Bride's Family. Keep children at the same table as their family.
VIP,35,5,0,0,0,2,5,0,vip,16,90,5,5,6,12,Move this guest to a VIP / Head table. Do not seat VIP at General or Friends.
Bride's Family,57,4,1,0,0,0,4,0,bride-family,1,95,3,4,8,12,Seat with Bride's Family. Keep children at the same table as their family.
VIP,52,5,0,0,0,2,5,0,vip,16,90,5,5,6,12,Move this guest to a VIP / Head table. Do not seat VIP at General or Friends.
Other,68,1,0,0,0,2,1,0,general,1,95,1,2,8,10,Seat at a General table. Add chairs if the table is already at max_seats.
Relatives,45,3,0,0,0,2,4,0,bride-family,1,95,3,4,8,12,Seat with Bride's Family. Keep children at the same table as their family.
Neighbours,36,1,0,0,1,2,1,0,general,1,95,1,2,8,10,Seat at a General table. Add chairs if the table is already at max_seats.
VIP,51,5,0,0,1,2,5,0,vip,16,90,5,5,6,12,Move this guest to a VIP / Head table. Do not seat VIP at General or Friends.
Groom's Family,41,4,0,0,0,1,4,0,groom-family,1,95,3,4,8,12,Seat with Groom's Family. Keep children at the same table as their family.
VIP,73,5,0,0,0,2,5,0,vip,16,90,5,5,6,12,Move this guest to a VIP / Head table. Do not seat VIP at General or Friends.
Neighbours,61,1,0,0,0,2,1,0,general,1,95,1,2,8,10,Seat at a General table. Add chairs if the table is already at max_seats.
Neighbours,55,1,0,0,0,2,1,0,general,1,95,1,2,8,10,Seat at a General table. Add chairs if the table is already at max_seats.
Groom's Family,54,4,0,0,0,1,4,0,groom-family,1,95,3,4,8,12,Seat with Groom's Family. Keep children at the same table as their family.
Groom's Family,40,4,1,0,0,1,4,0,groom-family,1,95,3,4,8,12,Seat with Groom's Family. Keep children at the same table as their family.
Other,24,1,1,0,0,2,1,0,general,1,95,1,2,8,10,Seat at a General table. Add chairs if the table is already at max_seats.
VIP,58,5,0,0,0,2,5,0,vip,16,90,5,5,6,12,Move this guest to a VIP / Head table. Do not seat VIP at General or Friends.
VIP,50,5,0,0,0,2,5,0,vip,16,90,5,5,6,12,Move this guest to a VIP / Head table. Do not seat VIP at General or Friends.
Neighbours,35,1,0,0,0,2,1,0,general,1,95,1,2,8,10,Seat at a General table. Add chairs if the table is already at max_seats.
Groom's Family,50,4,0,0,0,1,4,0,groom-family,1,95,3,4,8,12,Seat with Groom's Family. Keep children at the same table as their family.
VIP,39,5,0,0,0,2,5,0,vip,16,90,5,5,6,12,Move this guest to a VIP / Head table. Do not seat VIP at General or Friends.
Bride's Friends,35,2,0,0,1,0,3,0,friends,16,80,2,2,8,10,"Seat at a Friends table. If that suite is full, use General — not VIP / Head."
Groom's Family,18,4,0,0,0,1,4,1,groom-family,1,95,3,4,8,12,Seat with Groom's Family. Keep children at the same table as their family.
Other,47,1,0,1,0,2,1,0,general,1,95,1,2,8,10,Seat at a General table. Add chairs if the table is already at max_seats.
VIP,57,5,1,0,0,2,5,0,vip,16,90,5,5,6,12,Move this guest to a VIP / Head table. Do not seat VIP at General or Friends.
Other,25,1,0,0,0,2,1,0,general,1,95,1,2,8,10,Seat at a General table. Add chairs if the table is already at max_seats.
Groom's Colleagues,52,2,0,0,1,1,2,0,friends,16,80,2,2,8,10,"Seat at a Friends table. If that suite is full, use General — not VIP / Head."
Groom's Colleagues,34,2,0,0,0,1,2,0,friends,16,80,2,2,8,10,"Seat at a Friends table. If that suite is full, use General — not VIP / Head."
Relatives,35,3,0,0,0,2,4,0,bride-family,1,95,3,4,8,12,Seat with Bride's Family. Keep children at the same table as their family.
Groom's Colleagues,39,2,0,0,1,1,2,0,friends,16,80,2,2,8,10,"Seat at a Friends table. If that suite is full, use General — not VIP / Head."
VIP,54,5,0,0,0,2,5,0,vip,16,90,5,5,6,12,Move this guest to a VIP / Head table. Do not seat VIP at General or Friends.
Bride's Friends,24,2,0,0,0,0,3,0,friends,16,80,2,2,8,10,"Seat at a Friends table. If that suite is full, use General — not VIP / Head."
Relatives,39,3,0,0,0,2,4,0,bride-family,1,95,3,4,8,12,Seat with Bride's Family. Keep children at the same table as their family.
Bride's Friends,37,2,0,0,1,0,3,0,friends,16,80,2,2,8,10,"Seat at a Friends table. If that suite is full, use General — not VIP / Head."
VIP,64,5,0,1,0,2,5,0,vip,16,90,5,5,6,12,Move this guest to a VIP / Head table. Do not seat VIP at General or Friends.
Neighbours,32,1,0,0,0,2,1,0,general,1,95,1,2,8,10,Seat at a General table. Add chairs if the table is already at max_seats.
Relatives,78,3,1,0,0,2,4,0,groom-family,1,95,3,4,8,12,Seat with Groom's Family. Keep children at the same table as their family.
Bride's Friends,32,2,0,0,0,0,3,0,friends,16,80,2,2,8,10,"Seat at a Friends table. If that suite is full, use General — not VIP / Head."
Relatives,46,3,0,0,0,2,4,0,bride-family,1,95,3,4,8,12,Seat with Bride's Family. Keep children at the same table as their family.
VIP,45,5,0,0,1,2,5,0,vip,16,90,5,5,6,12,Move this guest to a VIP / Head table. Do not seat VIP at General or Friends.
Relatives,55,3,0,0,0,2,4,0,groom-family,1,95,3,4,8,12,Seat with Groom's Family. Keep children at the same table as their family.
Bride's Friends,20,2,0,0,1,0,3,0,friends,16,80,2,2,8,10,"Seat at a Friends table. If that suite is full, use General — not VIP / Head."
VIP,58,5,1,0,0,2,5,0,vip,16,90,5,5,6,12,Move this guest to a VIP / Head table. Do not seat VIP at General or Friends.
Groom's Friends,33,2,0,0,0,1,3,0,friends,16,80,2,2,8,10,"Seat at a Friends table. If that suite is full, use General — not VIP / Head."
Relatives,41,3,0,0,0,2,4,0,groom-family,1,95,3,4,8,12,Seat with Groom's Family. Keep children at the same table as their family.
Groom's Family,55,4,0,0,0,1,4,0,groom-family,1,95,3,4,8,12,Seat with Groom's Family. Keep children at the same table as their family.
Other,55,1,0,0,0,2,1,0,general,1,95,1,2,8,10,Seat at a General table. Add chairs if the table is already at max_seats.
Neighbours,45,1,0,0,0,2,1,0,general,1,95,1,2,8,10,Seat at a General table. Add chairs if the table is already at max_seats.
Relatives,66,3,0,0,0,2,4,0,bride-family,1,95,3,4,8,12,Seat with Bride's Family. Keep children at the same table as their family.
Other,47,1,0,0,1,2,1,0,general,1,95,1,2,8,10,Seat at a General table. Add chairs if the table is already at max_seats.
VIP,42,5,0,0,0,2,5,0,vip,16,90,5,5,6,12,Move this guest to a VIP / Head table. Do not seat VIP at General or Friends.
Neighbours,26,1,0,0,0,2,1,0,general,1,95,1,2,8,10,Seat at a General table. Add chairs if the table is already at max_seats.
Other,23,1,0,0,1,2,1,0,general,1,95,1,2,8,10,Seat at a General table. Add chairs if the table is already at max_seats.
Other,35,1,0,0,0,2,1,0,general,1,95,1,2,8,10,Seat at a General table. Add chairs if the table is already at max_seats.
Bride's Family,43,4,0,0,1,0,4,0,bride-family,1,95,3,4,8,12,Seat with Bride's Family. Keep children at the same table as their family.
Bride's Colleagues,47,2,0,0,0,0,2,0,friends,16,80,2,2,8,10,"Seat at a Friends table. If that suite is full, use General — not VIP / Head."
Groom's Friends,27,2,0,0,0,1,3,0,friends,16,80,2,2,8,10,"Seat at a Friends table. If that suite is full, use General — not VIP / Head."
VIP,71,5,1,0,1,2,5,0,vip,16,90,5,5,6,12,Move this guest to a VIP / Head table. Do not seat VIP at General or Friends.
Bride's Colleagues,43,2,0,0,0,0,2,0,friends,16,80,2,2,8,10,"Seat at a Friends table. If that suite is full, use General — not VIP / Head."
Other,44,1,0,0,0,2,1,0,general,1,95,1,2,8,10,Seat at a General table. Add chairs if the table is already at max_seats.
Relatives,35,3,0,1,0,2,4,0,bride-family,1,95,3,4,8,12,Seat with Bride's Family. Keep children at the same table as their family.
Groom's Family,44,4,0,0,1,1,4,0,groom-family,1,95,3,4,8,12,Seat with Groom's Family. Keep children at the same table as their family.
VIP,26,5,0,0,1,2,5,0,vip,16,90,5,5,6,12,Move this guest to a VIP / Head table. Do not seat VIP at General or Friends.
Bride's Friends,27,2,0,0,0,0,3,0,friends,16,80,2,2,8,10,"Seat at a Friends table. If that suite is full, use General — not VIP / Head."
Other,69,1,0,1,0,2,1,0,general,1,95,1,2,8,10,Seat at a General table. Add chairs if the table is already at max_seats.
VIP,24,5,0,0,0,2,5,0,vip,16,90,5,5,6,12,Move this guest to a VIP / Head table. Do not seat VIP at General or Friends.
Bride's Family,45,4,0,0,0,0,4,0,bride-family,1,95,3,4,8,12,Seat with Bride's Family. Keep children at the same table as their family.
Bride's Family,37,4,1,0,0,0,4,0,bride-family,1,95,3,4,8,12,Seat with Bride's Family. Keep children at the same table as their family.
Groom's Family,58,4,0,0,1,1,4,0,groom-family,1,95,3,4,8,12,Seat with Groom's Family. Keep children at the same table as their family.
Groom's Colleagues,24,2,0,0,0,1,2,0,friends,16,80,2,2,8,10,"Seat at a Friends table. If that suite is full, use General — not VIP / Head."
Other,19,1,0,0,0,2,1,0,general,1,95,1,2,8,10,Seat at a General table. Add chairs if the table is already at max_seats.
VIP,42,5,0,0,0,2,5,0,vip,16,90,5,5,6,12,Move this guest to a VIP / Head table. Do not seat VIP at General or Friends.
Neighbours,9,1,0,1,0,2,1,0,general,1,95,1,2,8,10,Seat at a General table. Add chairs if the table is already at max_seats.
Bride's Friends,22,2,1,0,0,0,3,0,friends,16,80,2,2,8,10,"Seat at a Friends table. If that suite is full, use General — not VIP / Head."
Relatives,54,3,0,0,1,2,4,0,bride-family,1,95,3,4,8,12,Seat with Bride's Family. Keep children at the same table as their family.
Relatives,52,3,0,0,0,2,4,0,groom-family,1,95,3,4,8,12,Seat with Groom's Family. Keep children at the same table as their family.
Other,35,1,0,0,0,2,1,0,general,1,95,1,2,8,10,Seat at a General table. Add chairs if the table is already at max_seats.
Bride's Friends,35,2,0,0,0,0,3,0,friends,16,80,2,2,8,10,"Seat at a Friends table. If that suite is full, use General — not VIP / Head."
Bride's Family,30,4,0,0,0,0,4,0,bride-family,1,95,3,4,8,12,Seat with Bride's Family. Keep children at the same table as their family.
VIP,39,5,0,0,0,2,5,0,vip,16,90,5,5,6,12,Move this guest to a VIP / Head table. Do not seat VIP at General or Friends.
Other,16,1,0,0,1,2,1,0,general,1,95,1,2,8,10,Seat at a General table. Add chairs if the table is already at max_seats.
Neighbours,52,1,0,0,0,2,1,0,general,1,95,1,2,8,10,Seat at a General table. Add chairs if the table is already at max_seats.
Bride's Colleagues,32,2,0,0,0,0,2,0,friends,16,80,2,2,8,10,"Seat at a Friends table. If that suite is full, use General — not VIP / Head."
Groom's Colleagues,33,2,0,0,0,1,2,0,friends,16,80,2,2,8,10,"Seat at a Friends table. If that suite is full, use General — not VIP / Head."
Other,45,1,0,0,0,2,1,0,general,1,95,1,2,8,10,Seat at a General table. Add chairs if the table is already at max_seats.
VIP,33,5,0,1,0,2,5,0,vip,16,90,5,5,6,12,Move this guest to a VIP / Head table. Do not seat VIP at General or Friends.
VIP,55,5,0,0,1,2,5,0,vip,16,90,5,5,6,12,Move this guest to a VIP / Head table. Do not seat VIP at General or Friends.
Groom's Colleagues,29,2,0,0,0,1,2,0,friends,16,80,2,2,8,10,"Seat at a Friends table. If that suite is full, use General — not VIP / Head."
VIP,27,5,0,0,0,2,5,0,vip,16,90,5,5,6,12,Move this guest to a VIP / Head table. Do not seat VIP at General or Friends.
VIP,35,5,0,0,0,2,5,0,vip,16,90,5,5,6,12,Move this guest to a VIP / Head table. Do not seat VIP at General or Friends.
Groom's Friends,26,2,0,0,0,1,3,0,friends,16,80,2,2,8,10,"Seat at a Friends table. If that suite is full, use General — not VIP / Head."
Bride's Family,23,4,0,0,0,0,4,0,bride-family,1,95,3,4,8,12,Seat with Bride's Family. Keep children at the same table as their family.
Other,35,1,0,0,1,2,1,0,general,1,95,1,2,8,10,Seat at a General table. Add chairs if the table is already at max_seats.
VIP,45,5,0,0,0,2,5,0,vip,16,90,5,5,6,12,Move this guest to a VIP / Head table. Do not seat VIP at General or Friends.
Relatives,40,3,0,0,0,2,4,0,bride-family,1,95,3,4,8,12,Seat with Bride's Family. Keep children at the same table as their family.
Bride's Friends,70,2,0,0,0,0,3,0,friends,16,80,2,2,8,10,"Seat at a Friends table. If that suite is full, use General — not VIP / Head."
VIP,73,5,0,0,0,2,5,0,vip,16,90,5,5,6,12,Move this guest to a VIP / Head table. Do not seat VIP at General or Friends.
VIP,75,5,0,0,0,2,5,0,vip,16,90,5,5,6,12,Move this guest to a VIP / Head table. Do not seat VIP at General or Friends.
Bride's Family,4,4,0,0,0,0,4,1,bride-family,1,95,3,4,8,12,Seat with Bride's Family. Keep children at the same table as their family.
Other,65,1,0,0,0,2,1,0,general,1,95,1,2,8,10,Seat at a General table. Add chairs if the table is already at max_seats.
Other,35,1,0,0,0,2,1,0,general,1,95,1,2,8,10,Seat at a General table. Add chairs if the table is already at max_seats.
Bride's Family,50,4,0,1,0,0,4,0,bride-family,1,95,3,4,8,12,Seat with Bride's Family. Keep children at the same table as their family.
Bride's Family,56,4,0,0,0,0,4,0,bride-family,1,95,3,4,8,12,Seat with Bride's Family. Keep children at the same table as their family.
Other,49,1,0,0,0,2,1,0,general,1,95,1,2,8,10,Seat at a General table. Add chairs if the table is already at max_seats.
Bride's Family,31,4,0,0,0,0,4,0,bride-family,1,95,3,4,8,12,Seat with Bride's Family. Keep children at the same table as their family.
VIP,23,5,0,0,0,2,5,1,vip,16,90,5,5,6,12,Move this guest to a VIP / Head table. Do not seat VIP at General or Friends.
Bride's Friends,35,2,0,0,0,0,3,0,friends,16,80,2,2,8,10,"Seat at a Friends table. If that suite is full, use General — not VIP / Head."
Relatives,70,3,0,0,0,2,4,0,bride-family,1,95,3,4,8,12,Seat with Bride's Family. Keep children at the same table as their family.
Groom's Family,31,4,0,0,0,1,4,0,groom-family,1,95,3,4,8,12,Seat with Groom's Family. Keep children at the same table as their family.
VIP,45,5,0,0,1,2,5,0,vip,16,90,5,5,6,12,Move this guest to a VIP / Head table. Do not seat VIP at General or Friends.
Groom's Family,41,4,0,0,0,1,4,0,groom-family,1,95,3,4,8,12,Seat with Groom's Family. Keep children at the same table as their family.
Neighbours,35,1,0,0,0,2,1,0,general,1,95,1,2,8,10,Seat at a General table. Add chairs if the table is already at max_seats.
Groom's Friends,23,2,0,0,0,1,3,0,friends,16,80,2,2,8,10,"Seat at a Friends table. If that suite is full, use General — not VIP / Head."
Groom's Colleagues,42,2,0,0,0,1,2,0,friends,16,80,2,2,8,10,"Seat at a Friends table. If that suite is full, use General — not VIP / Head."
Groom's Friends,32,2,0,0,0,1,3,0,friends,16,80,2,2,8,10,"Seat at a Friends table. If that suite is full, use General — not VIP / Head."
Other,37,1,0,0,1,2,1,0,general,1,95,1,2,8,10,Seat at a General table. Add chairs if the table is already at max_seats.
Groom's Friends,21,2,0,0,1,1,3,0,friends,16,80,2,2,8,10,"Seat at a Friends table. If that suite is full, use General — not VIP / Head."
Groom's Colleagues,35,2,0,0,1,1,2,0,friends,16,80,2,2,8,10,"Seat at a Friends table. If that suite is full, use General — not VIP / Head."
VIP,49,5,0,0,0,2,5,0,vip,16,90,5,5,6,12,Move this guest to a VIP / Head table. Do not seat VIP at General or Friends.
Bride's Family,50,4,0,0,0,0,4,0,bride-family,1,95,3,4,8,12,Seat with Bride's Family. Keep children at the same table as their family.
Relatives,58,3,0,0,0,2,4,0,groom-family,1,95,3,4,8,12,Seat with Groom's Family. Keep children at the same table as their family.
VIP,23,5,0,0,0,2,5,0,vip,16,90,5,5,6,12,Move this guest to a VIP / Head table. Do not seat VIP at General or Friends.
Groom's Friends,32,2,0,0,0,1,3,0,friends,16,80,2,2,8,10,"Seat at a Friends table. If that suite is full, use General — not VIP / Head."
Neighbours,35,1,0,0,0,2,1,0,general,1,95,1,2,8,10,Seat at a General table. Add chairs if the table is already at max_seats.
Other,47,1,0,0,0,2,1,0,general,1,95,1,2,8,10,Seat at a General table. Add chairs if the table is already at max_seats.
Neighbours,49,1,0,0,0,2,1,0,general,1,95,1,2,8,10,Seat at a General table. Add chairs if the table is already at max_seats.
Groom's Family,20,4,0,0,1,1,4,0,groom-family,1,95,3,4,8,12,Seat with Groom's Family. Keep children at the same table as their family.
Other,23,1,0,0,0,2,1,0,general,1,95,1,2,8,10,Seat at a General table. Add chairs if the table is already at max_seats.
Bride's Family,35,4,0,0,1,0,4,0,bride-family,1,95,3,4,8,12,Seat with Bride's Family. Keep children at the same table as their family.
Neighbours,29,1,0,0,0,2,1,0,general,1,95,1,2,8,10,Seat at a General table. Add chairs if the table is already at max_seats.
Groom's Family,46,4,0,0,1,1,4,0,groom-family,1,95,3,4,8,12,Seat with Groom's Family. Keep children at the same table as their family.
Groom's Family,51,4,0,0,1,1,4,0,groom-family,1,95,3,4,8,12,Seat with Groom's Family. Keep children at the same table as their family.
Groom's Colleagues,26,2,0,0,0,1,2,0,friends,16,80,2,2,8,10,"Seat at a Friends table. If that suite is full, use General — not VIP / Head."
Groom's Family,22,4,0,0,0,1,4,0,groom-family,1,95,3,4,8,12,Seat with Groom's Family. Keep children at the same table as their family.
Groom's Friends,23,2,0,0,0,1,3,0,friends,16,80,2,2,8,10,"Seat at a Friends table. If that suite is full, use General — not VIP / Head."
Relatives,57,3,0,0,0,2,4,0,groom-family,1,95,3,4,8,12,Seat with Groom's Family. Keep children at the same table as their family.
VIP,58,5,0,0,0,2,5,0,vip,16,90,5,5,6,12,Move this guest to a VIP / Head table. Do not seat VIP at General or Friends.
VIP,55,5,0,1,0,2,5,0,vip,16,90,5,5,6,12,Move this guest to a VIP / Head table. Do not seat VIP at General or Friends.
Bride's Family,53,4,0,0,0,0,4,0,bride-family,1,95,3,4,8,12,Seat with Bride's Family. Keep children at the same table as their family.
Groom's Family,35,4,0,0,0,1,4,0,groom-family,1,95,3,4,8,12,Seat with Groom's Family. Keep children at the same table as their family.
Bride's Friends,30,2,0,0,0,0,3,0,friends,16,80,2,2,8,10,"Seat at a Friends table. If that suite is full, use General — not VIP / Head."
Groom's Colleagues,37,2,0,0,1,1,2,0,friends,16,80,2,2,8,10,"Seat at a Friends table. If that suite is full, use General — not VIP / Head."
Bride's Family,42,4,0,0,0,0,4,0,bride-family,1,95,3,4,8,12,Seat with Bride's Family. Keep children at the same table as their family.
VIP,48,5,0,1,0,2,5,0,vip,16,90,5,5,6,12,Move this guest to a VIP / Head table. Do not seat VIP at General or Friends.
VIP,63,5,1,0,0,2,5,0,vip,16,90,5,5,6,12,Move this guest to a VIP / Head table. Do not seat VIP at General or Friends.
Other,28,1,0,0,0,2,1,0,general,1,95,1,2,8,10,Seat at a General table. Add chairs if the table is already at max_seats.
Bride's Family,39,4,0,1,0,0,4,0,bride-family,1,95,3,4,8,12,Seat with Bride's Family. Keep children at the same table as their family.
Groom's Family,51,4,0,0,0,1,4,0,groom-family,1,95,3,4,8,12,Seat with Groom's Family. Keep children at the same table as their family.
VIP,37,5,0,0,0,2,5,0,vip,16,90,5,5,6,12,Move this guest to a VIP / Head table. Do not seat VIP at General or Friends.
VIP,26,5,1,0,0,2,5,0,vip,16,90,5,5,6,12,Move this guest to a VIP / Head table. Do not seat VIP at General or Friends.
Groom's Family,24,4,0,0,0,1,4,0,groom-family,1,95,3,4,8,12,Seat with Groom's Family. Keep children at the same table as their family.
Other,30,1,0,0,0,2,1,0,general,1,95,1,2,8,10,Seat at a General table. Add chairs if the table is already at max_seats.
Groom's Family,76,4,0,0,0,1,4,0,groom-family,1,95,3,4,8,12,Seat with Groom's Family. Keep children at the same table as their family.
VIP,40,5,0,0,1,2,5,0,vip,16,90,5,5,6,12,Move this guest to a VIP / Head table. Do not seat VIP at General or Friends.
VIP,42,5,0,0,0,2,5,0,vip,16,90,5,5,6,12,Move this guest to a VIP / Head table. Do not seat VIP at General or Friends.
Bride's Family,47,4,0,0,0,0,4,0,bride-family,1,95,3,4,8,12,Seat with Bride's Family. Keep children at the same table as their family.
Groom's Friends,35,2,0,0,1,1,3,0,friends,16,80,2,2,8,10,"Seat at a Friends table. If that suite is full, use General — not VIP / Head."
Groom's Family,44,4,0,0,0,1,4,0,groom-family,1,95,3,4,8,12,Seat with Groom's Family. Keep children at the same table as their family.
Neighbours,35,1,0,0,1,2,1,0,general,1,95,1,2,8,10,Seat at a General table. Add chairs if the table is already at max_seats.
VIP,40,5,0,0,1,2,5,0,vip,16,90,5,5,6,12,Move this guest to a VIP / Head table. Do not seat VIP at General or Friends.
Groom's Colleagues,35,2,0,0,0,1,2,0,friends,16,80,2,2,8,10,"Seat at a Friends table. If that suite is full, use General — not VIP / Head."
Groom's Friends,32,2,0,0,0,1,3,0,friends,16,80,2,2,8,10,"Seat at a Friends table. If that suite is full, use General — not VIP / Head."
Other,23,1,0,1,0,2,1,0,general,1,95,1,2,8,10,Seat at a General table. Add chairs if the table is already at max_seats.
Other,37,1,0,0,1,2,1,0,general,1,95,1,2,8,10,Seat at a General table. Add chairs if the table is already at max_seats.
Groom's Family,47,4,0,0,0,1,4,0,groom-family,1,95,3,4,8,12,Seat with Groom's Family. Keep children at the same table as their family.
Relatives,3,3,0,0,0,2,4,0,bride-family,1,95,3,4,8,12,Seat with Bride's Family. Keep children at the same table as their family.
Groom's Colleagues,38,2,0,0,0,1,2,0,friends,16,80,2,2,8,10,"Seat at a Friends table. If that suite is full, use General — not VIP / Head."
VIP,32,5,0,0,0,2,5,0,vip,16,90,5,5,6,12,Move this guest to a VIP / Head table. Do not seat VIP at General or Friends.
Bride's Family,30,4,0,0,0,0,4,0,bride-family,1,95,3,4,8,12,Seat with Bride's Family. Keep children at the same table as their family.
Relatives,63,3,0,0,0,2,4,0,bride-family,1,95,3,4,8,12,Seat with Bride's Family. Keep children at the same table as their family.
Neighbours,39,1,0,0,1,2,1,0,general,1,95,1,2,8,10,Seat at a General table. Add chairs if the table is already at max_seats.
Relatives,32,3,0,0,0,2,4,0,groom-family,1,95,3,4,8,12,Seat with Groom's Family. Keep children at the same table as their family.
Groom's Friends,35,2,0,0,0,1,3,0,friends,16,80,2,2,8,10,"Seat at a Friends table. If that suite is full, use General — not VIP / Head."
Groom's Friends,32,2,0,0,0,1,3,0,friends,16,80,2,2,8,10,"Seat at a Friends table. If that suite is full, use General — not VIP / Head."
Other,27,1,0,0,0,2,1,0,general,1,95,1,2,8,10,Seat at a General table. Add chairs if the table is already at max_seats.
VIP,51,5,0,0,0,2,5,0,vip,16,90,5,5,6,12,Move this guest to a VIP / Head table. Do not seat VIP at General or Friends.
Bride's Friends,22,2,0,0,0,0,3,0,friends,16,80,2,2,8,10,"Seat at a Friends table. If that suite is full, use General — not VIP / Head."
VIP,44,5,0,0,0,2,5,1,vip,16,90,5,5,6,12,Move this guest to a VIP / Head table. Do not seat VIP at General or Friends.
Other,63,1,0,0,0,2,1,0,general,1,95,1,2,8,10,Seat at a General table. Add chairs if the table is already at max_seats.
Other,77,1,0,0,0,2,1,0,general,1,95,1,2,8,10,Seat at a General table. Add chairs if the table is already at max_seats.
Groom's Friends,30,2,0,0,0,1,3,0,friends,16,80,2,2,8,10,"Seat at a Friends table. If that suite is full, use General — not VIP / Head."
Bride's Family,22,4,0,0,0,0,4,0,bride-family,1,95,3,4,8,12,Seat with Bride's Family. Keep children at the same table as their family.
Relatives,50,3,1,0,0,2,4,0,bride-family,1,95,3,4,8,12,Seat with Bride's Family. Keep children at the same table as their family.
VIP,59,5,0,0,0,2,5,0,vip,16,90,5,5,6,12,Move this guest to a VIP / Head table. Do not seat VIP at General or Friends.
Groom's Family,35,4,0,0,1,1,4,0,groom-family,1,95,3,4,8,12,Seat with Groom's Family. Keep children at the same table as their family.
Relatives,57,3,0,0,0,2,4,0,bride-family,1,95,3,4,8,12,Seat with Bride's Family. Keep children at the same table as their family.
Groom's Family,33,4,1,0,0,1,4,0,groom-family,1,95,3,4,8,12,Seat with Groom's Family. Keep children at the same table as their family.
Other,23,1,0,0,0,2,1,0,general,1,95,1,2,8,10,Seat at a General table. Add chairs if the table is already at max_seats.
Bride's Colleagues,35,2,0,0,0,0,2,0,friends,16,80,2,2,8,10,"Seat at a Friends table. If that suite is full, use General — not VIP / Head."
VIP,47,5,0,0,0,2,5,0,vip,16,90,5,5,6,12,Move this guest to a VIP / Head table. Do not seat VIP at General or Friends.
Neighbours,46,1,0,0,0,2,1,0,general,1,95,1,2,8,10,Seat at a General table. Add chairs if the table is already at max_seats.
VIP,58,5,0,0,1,2,5,0,vip,16,90,5,5,6,12,Move this guest to a VIP / Head table. Do not seat VIP at General or Friends.
VIP,66,5,0,0,0,2,5,0,vip,16,90,5,5,6,12,Move this guest to a VIP / Head table. Do not seat VIP at General or Friends.
Bride's Family,20,4,0,0,0,0,4,0,bride-family,1,95,3,4,8,12,Seat with Bride's Family. Keep children at the same table as their family.
Relatives,34,3,0,0,1,2,4,0,groom-family,1,95,3,4,8,12,Seat with Groom's Family. Keep children at the same table as their family.
Other,35,1,0,0,0,2,1,0,general,1,95,1,2,8,10,Seat at a General table. Add chairs if the table is already at max_seats.
VIP,35,5,0,0,0,2,5,0,vip,16,90,5,5,6,12,Move this guest to a VIP / Head table. Do not seat VIP at General or Friends.
Bride's Family,42,4,0,0,1,0,4,0,bride-family,1,95,3,4,8,12,Seat with Bride's Family. Keep children at the same table as their family.
Groom's Friends,35,2,0,0,1,1,3,0,friends,16,80,2,2,8,10,"Seat at a Friends table. If that suite is full, use General — not VIP / Head."
VIP,60,5,0,0,0,2,5,0,vip,16,90,5,5,6,12,Move this guest to a VIP / Head table. Do not seat VIP at General or Friends.
Relatives,37,3,0,0,0,2,4,0,groom-family,1,95,3,4,8,12,Seat with Groom's Family. Keep children at the same table as their family.
Bride's Family,36,4,0,0,0,0,4,0,bride-family,1,95,3,4,8,12,Seat with Bride's Family. Keep children at the same table as their family.
Other,55,1,0,0,0,2,1,0,general,1,95,1,2,8,10,Seat at a General table. Add chairs if the table is already at max_seats.
Groom's Colleagues,33,2,0,0,0,1,2,0,friends,16,80,2,2,8,10,"Seat at a Friends table. If that suite is full, use General — not VIP / Head."
Bride's Friends,35,2,0,0,0,0,3,0,friends,16,80,2,2,8,10,"Seat at a Friends table. If that suite is full, use General — not VIP / Head."
VIP,44,5,0,0,0,2,5,0,vip,16,90,5,5,6,12,Move this guest to a VIP / Head table. Do not seat VIP at General or Friends.
Neighbours,32,1,0,0,0,2,1,0,general,1,95,1,2,8,10,Seat at a General table. Add chairs if the table is already at max_seats.
Groom's Family,39,4,1,0,0,1,4,0,groom-family,1,95,3,4,8,12,Seat with Groom's Family. Keep children at the same table as their family.
Bride's Family,75,4,0,0,0,0,4,0,bride-family,1,95,3,4,8,12,Seat with Bride's Family. Keep children at the same table as their family.
VIP,57,5,0,0,0,2,5,0,vip,16,90,5,5,6,12,Move this guest to a VIP / Head table. Do not seat VIP at General or Friends.
Groom's Colleagues,36,2,0,0,0,1,2,0,friends,16,80,2,2,8,10,"Seat at a Friends table. If that suite is full, use General — not VIP / Head."
Neighbours,35,1,1,0,0,2,1,0,general,1,95,1,2,8,10,Seat at a General table. Add chairs if the table is already at max_seats.
Groom's Colleagues,35,2,0,0,0,1,2,0,friends,16,80,2,2,8,10,"Seat at a Friends table. If that suite is full, use General — not VIP / Head."
Bride's Family,35,4,0,0,0,0,4,0,bride-family,1,95,3,4,8,12,Seat with Bride's Family. Keep children at the same table as their family.
VIP,54,5,0,0,0,2,5,0,vip,16,90,5,5,6,12,Move this guest to a VIP / Head table. Do not seat VIP at General or Friends.
Groom's Friends,35,2,0,0,0,1,3,0,friends,16,80,2,2,8,10,"Seat at a Friends table. If that suite is full, use General — not VIP / Head."
Bride's Colleagues,27,2,0,0,0,0,2,0,friends,16,80,2,2,8,10,"Seat at a Friends table. If that suite is full, use General — not VIP / Head."
Groom's Family,4,4,0,0,1,1,4,1,groom-family,1,95,3,4,8,12,Seat with Groom's Family. Keep children at the same table as their family.
Groom's Friends,32,2,0,0,0,1,3,0,friends,16,80,2,2,8,10,"Seat at a Friends table. If that suite is full, use General — not VIP / Head."
VIP,70,5,0,0,0,2,5,0,vip,16,90,5,5,6,12,Move this guest to a VIP / Head table. Do not seat VIP at General or Friends.
Bride's Colleagues,28,2,0,0,0,0,2,0,friends,16,80,2,2,8,10,"Seat at a Friends table. If that suite is full, use General — not VIP / Head."
Bride's Colleagues,39,2,0,0,0,0,2,0,friends,16,80,2,2,8,10,"Seat at a Friends table. If that suite is full, use General — not VIP / Head."
Relatives,28,3,0,0,0,2,4,0,groom-family,1,95,3,4,8,12,Seat with Groom's Family. Keep children at the same table as their family.
Relatives,76,3,0,0,1,2,4,0,bride-family,1,95,3,4,8,12,Seat with Bride's Family. Keep children at the same table as their family.
Relatives,9,3,0,0,0,2,4,0,groom-family,1,95,3,4,8,12,Seat with Groom's Family. Keep children at the same table as their family.
Bride's Family,22,4,0,0,1,0,4,0,bride-family,1,95,3,4,8,12,Seat with Bride's Family. Keep children at the same table as their family.
Bride's Family,42,4,0,0,0,0,4,0,bride-family,1,95,3,4,8,12,Seat with Bride's Family. Keep children at the same table as their family.
Groom's Family,44,4,0,0,0,1,4,0,groom-family,1,95,3,4,8,12,Seat with Groom's Family. Keep children at the same table as their family.
VIP,67,5,0,1,0,2,5,0,vip,16,90,5,5,6,12,Move this guest to a VIP / Head table. Do not seat VIP at General or Friends.
Bride's Family,63,4,0,0,0,0,4,0,bride-family,1,95,3,4,8,12,Seat with Bride's Family. Keep children at the same table as their family.
Other,44,1,0,0,0,2,1,0,general,1,95,1,2,8,10,Seat at a General table. Add chairs if the table is already at max_seats.
Groom's Friends,23,2,0,0,0,1,3,0,friends,16,80,2,2,8,10,"Seat at a Friends table. If that suite is full, use General — not VIP / Head."
VIP,41,5,0,0,0,2,5,0,vip,16,90,5,5,6,12,Move this guest to a VIP / Head table. Do not seat VIP at General or Friends.
Bride's Family,67,4,0,0,0,0,4,0,bride-family,1,95,3,4,8,12,Seat with Bride's Family. Keep children at the same table as their family.
Groom's Friends,34,2,0,0,1,1,3,0,friends,16,80,2,2,8,10,"Seat at a Friends table. If that suite is full, use General — not VIP / Head."
VIP,61,5,0,0,0,2,5,0,vip,16,90,5,5,6,12,Move this guest to a VIP / Head table. Do not seat VIP at General or Friends.
Groom's Family,77,4,1,0,0,1,4,0,groom-family,1,95,3,4,8,12,Seat with Groom's Family. Keep children at the same table as their family.
Groom's Colleagues,35,2,0,0,0,1,2,0,friends,16,80,2,2,8,10,"Seat at a Friends table. If that suite is full, use General — not VIP / Head."
Groom's Family,25,4,0,0,0,1,4,0,groom-family,1,95,3,4,8,12,Seat with Groom's Family. Keep children at the same table as their family.
Relatives,33,3,0,0,0,2,4,0,bride-family,1,95,3,4,8,12,Seat with Bride's Family. Keep children at the same table as their family.
Groom's Colleagues,33,2,0,0,1,1,2,0,friends,16,80,2,2,8,10,"Seat at a Friends table. If that suite is full, use General — not VIP / Head."
Bride's Colleagues,28,2,0,0,0,0,2,0,friends,16,80,2,2,8,10,"Seat at a Friends table. If that suite is full, use General — not VIP / Head."
Groom's Family,64,4,0,0,1,1,4,0,groom-family,1,95,3,4,8,12,Seat with Groom's Family. Keep children at the same table as their family.
Bride's Family,57,4,0,0,1,0,4,0,bride-family,1,95,3,4,8,12,Seat with Bride's Family. Keep children at the same table as their family.
Other,18,1,0,0,0,2,1,0,general,1,95,1,2,8,10,Seat at a General table. Add chairs if the table is already at max_seats.
VIP,36,5,0,0,0,2,5,0,vip,16,90,5,5,6,12,Move this guest to a VIP / Head table. Do not seat VIP at General or Friends.
Bride's Colleagues,42,2,0,0,0,0,2,0,friends,16,80,2,2,8,10,"Seat at a Friends table. If that suite is full, use General — not VIP / Head."
Bride's Family,53,4,1,0,0,0,4,0,bride-family,1,95,3,4,8,12,Seat with Bride's Family. Keep children at the same table as their family.
Bride's Friends,35,2,0,0,0,0,3,0,friends,16,80,2,2,8,10,"Seat at a Friends table. If that suite is full, use General — not VIP / Head."
Groom's Colleagues,35,2,0,0,0,1,2,0,friends,16,80,2,2,8,10,"Seat at a Friends table. If that suite is full, use General — not VIP / Head."
Bride's Friends,27,2,0,0,1,0,3,0,friends,16,80,2,2,8,10,"Seat at a Friends table. If that suite is full, use General — not VIP / Head."
Bride's Family,35,4,0,0,0,0,4,0,bride-family,1,95,3,4,8,12,Seat with Bride's Family. Keep children at the same table as their family.
Bride's Family,43,4,0,0,0,0,4,0,bride-family,1,95,3,4,8,12,Seat with Bride's Family. Keep children at the same table as their family.
Groom's Family,37,4,0,0,0,1,4,0,groom-family,1,95,3,4,8,12,Seat with Groom's Family. Keep children at the same table as their family.
Groom's Family,74,4,0,0,0,1,4,0,groom-family,1,95,3,4,8,12,Seat with Groom's Family. Keep children at the same table as their family.
Other,35,1,0,0,0,2,1,0,general,1,95,1,2,8,10,Seat at a General table. Add chairs if the table is already at max_seats.
Relatives,53,3,0,0,0,2,4,0,bride-family,1,95,3,4,8,12,Seat with Bride's Family. Keep children at the same table as their family.
Groom's Family,40,4,0,0,0,1,4,0,groom-family,1,95,3,4,8,12,Seat with Groom's Family. Keep children at the same table as their family.
VIP,63,5,0,0,0,2,5,0,vip,16,90,5,5,6,12,Move this guest to a VIP / Head table. Do not seat VIP at General or Friends.
Bride's Colleagues,40,2,0,0,0,0,2,0,friends,16,80,2,2,8,10,"Seat at a Friends table. If that suite is full, use General — not VIP / Head."
Relatives,35,3,0,0,0,2,4,0,bride-family,1,95,3,4,8,12,Seat with Bride's Family. Keep children at the same table as their family.
Relatives,23,3,0,0,0,2,4,0,groom-family,1,95,3,4,8,12,Seat with Groom's Family. Keep children at the same table as their family.
Bride's Family,35,4,0,0,0,0,4,0,bride-family,1,95,3,4,8,12,Seat with Bride's Family. Keep children at the same table as their family.
Other,34,1,0,0,0,2,1,0,general,1,95,1,2,8,10,Seat at a General table. Add chairs if the table is already at max_seats.
VIP,50,5,1,0,0,2,5,0,vip,16,90,5,5,6,12,Move this guest to a VIP / Head table. Do not seat VIP at General or Friends.
VIP,40,5,0,0,1,2,5,0,vip,16,90,5,5,6,12,Move this guest to a VIP / Head table. Do not seat VIP at General or Friends.
VIP,72,5,1,0,0,2,5,0,vip,16,90,5,5,6,12,Move this guest to a VIP / Head table. Do not seat VIP at General or Friends.
Relatives,29,3,0,0,0,2,4,0,groom-family,1,95,3,4,8,12,Seat with Groom's Family. Keep children at the same table as their family.
Other,35,1,0,0,0,2,1,0,general,1,95,1,2,8,10,Seat at a General table. Add chairs if the table is already at max_seats.
Bride's Friends,25,2,0,0,1,0,3,0,friends,16,80,2,2,8,10,"Seat at a Friends table. If that suite is full, use General — not VIP / Head."
Other,35,1,0,0,0,2,1,0,general,1,95,1,2,8,10,Seat at a General table. Add chairs if the table is already at max_seats.
Other,28,1,0,0,0,2,1,0,general,1,95,1,2,8,10,Seat at a General table. Add chairs if the table is already at max_seats.
Bride's Family,56,4,0,0,1,0,4,0,bride-family,1,95,3,4,8,12,Seat with Bride's Family. Keep children at the same table as their family.
Groom's Family,53,4,0,0,0,1,4,0,groom-family,1,95,3,4,8,12,Seat with Groom's Family. Keep children at the same table as their family.
VIP,45,5,1,0,0,2,5,0,vip,16,90,5,5,6,12,Move this guest to a VIP / Head table. Do not seat VIP at General or Friends.
VIP,67,5,0,0,0,2,5,0,vip,16,90,5,5,6,12,Move this guest to a VIP / Head table. Do not seat VIP at General or Friends.
Relatives,62,3,0,0,0,2,4,0,bride-family,1,95,3,4,8,12,Seat with Bride's Family. Keep children at the same table as their family.
Groom's Colleagues,24,2,0,0,0,1,2,0,friends,16,80,2,2,8,10,"Seat at a Friends table. If that suite is full, use General — not VIP / Head."
Groom's Family,28,4,1,0,0,1,4,0,groom-family,1,95,3,4,8,12,Seat with Groom's Family. Keep children at the same table as their family.
VIP,28,5,1,0,0,2,5,0,vip,16,90,5,5,6,12,Move this guest to a VIP / Head table. Do not seat VIP at General or Friends.
VIP,25,5,0,0,0,2,5,0,vip,16,90,5,5,6,12,Move this guest to a VIP / Head table. Do not seat VIP at General or Friends.
Relatives,69,3,0,0,0,2,4,0,bride-family,1,95,3,4,8,12,Seat with Bride's Family. Keep children at the same table as their family.
Bride's Family,4,4,0,0,0,0,4,0,bride-family,1,95,3,4,8,12,Seat with Bride's Family. Keep children at the same table as their family.
Bride's Family,49,4,0,1,0,0,4,0,bride-family,1,95,3,4,8,12,Seat with Bride's Family. Keep children at the same table as their family.
Groom's Colleagues,35,2,0,0,0,1,2,0,friends,16,80,2,2,8,10,"Seat at a Friends table. If that suite is full, use General — not VIP / Head."
Bride's Family,27,4,0,0,0,0,4,0,bride-family,1,95,3,4,8,12,Seat with Bride's Family. Keep children at the same table as their family.
Groom's Family,8,4,1,0,0,1,4,0,groom-family,1,95,3,4,8,12,Seat with Groom's Family. Keep children at the same table as their family.
Bride's Family,33,4,0,0,0,0,4,0,bride-family,1,95,3,4,8,12,Seat with Bride's Family. Keep children at the same table as their family.
Bride's Family,19,4,0,0,1,0,4,0,bride-family,1,95,3,4,8,12,Seat with Bride's Family. Keep children at the same table as their family.
Groom's Colleagues,29,2,0,0,1,1,2,0,friends,16,80,2,2,8,10,"Seat at a Friends table. If that suite is full, use General — not VIP / Head."
Bride's Family,37,4,0,0,0,0,4,0,bride-family,1,95,3,4,8,12,Seat with Bride's Family. Keep children at the same table as their family.
Relatives,35,3,0,0,0,2,4,0,groom-family,1,95,3,4,8,12,Seat with Groom's Family. Keep children at the same table as their family.
Relatives,35,3,1,0,0,2,4,0,bride-family,1,95,3,4,8,12,Seat with Bride's Family. Keep children at the same table as their family.
Groom's Family,34,4,0,0,0,1,4,0,groom-family,1,95,3,4,8,12,Seat with Groom's Family. Keep children at the same table as their family.
Neighbours,35,1,0,0,0,2,1,0,general,1,95,1,2,8,10,Seat at a General table. Add chairs if the table is already at max_seats.
VIP,50,5,0,0,0,2,5,0,vip,16,90,5,5,6,12,Move this guest to a VIP / Head table. Do not seat VIP at General or Friends.
Relatives,37,3,0,0,0,2,4,0,groom-family,1,95,3,4,8,12,Seat with Groom's Family. Keep children at the same table as their family.
Groom's Family,22,4,0,0,0,1,4,0,groom-family,1,95,3,4,8,12,Seat with Groom's Family. Keep children at the same table as their family.
Bride's Family,25,4,0,0,0,0,4,0,bride-family,1,95,3,4,8,12,Seat with Bride's Family. Keep children at the same table as their family.
VIP,54,5,0,0,0,2,5,0,vip,16,90,5,5,6,12,Move this guest to a VIP / Head table. Do not seat VIP at General or Friends.
Bride's Family,35,4,0,0,1,0,4,0,bride-family,1,95,3,4,8,12,Seat with Bride's Family. Keep children at the same table as their family.
VIP,50,5,0,0,1,2,5,0,vip,16,90,5,5,6,12,Move this guest to a VIP / Head table. Do not seat VIP at General or Friends.
Bride's Colleagues,35,2,0,0,0,0,2,0,friends,16,80,2,2,8,10,"Seat at a Friends table. If that suite is full, use General — not VIP / Head."
Relatives,41,3,0,0,0,2,4,0,groom-family,1,95,3,4,8,12,Seat with Groom's Family. Keep children at the same table as their family.
Groom's Family,45,4,0,0,0,1,4,0,groom-family,1,95,3,4,8,12,Seat with Groom's Family. Keep children at the same table as their family.
Other,69,1,0,0,1,2,1,0,general,1,95,1,2,8,10,Seat at a General table. Add chairs if the table is already at max_seats.
Other,35,1,0,0,0,2,1,0,general,1,95,1,2,8,10,Seat at a General table. Add chairs if the table is already at max_seats.
VIP,27,5,0,0,0,2,5,0,vip,16,90,5,5,6,12,Move this guest to a VIP / Head table. Do not seat VIP at General or Friends.
Groom's Family,70,4,0,0,0,1,4,0,groom-family,1,95,3,4,8,12,Seat with Groom's Family. Keep children at the same table as their family.
Groom's Friends,35,2,0,0,1,1,3,0,friends,16,80,2,2,8,10,"Seat at a Friends table. If that suite is full, use General — not VIP / Head."
Bride's Friends,24,2,0,1,0,0,3,0,friends,16,80,2,2,8,10,"Seat at a Friends table. If that suite is full, use General — not VIP / Head."
Groom's Friends,33,2,0,0,1,1,3,0,friends,16,80,2,2,8,10,"Seat at a Friends table. If that suite is full, use General — not VIP / Head."
Groom's Family,34,4,0,0,0,1,4,0,groom-family,1,95,3,4,8,12,Seat with Groom's Family. Keep children at the same table as their family.
Other,54,1,0,0,0,2,1,0,general,1,95,1,2,8,10,Seat at a General table. Add chairs if the table is already at max_seats.
VIP,35,5,0,0,0,2,5,0,vip,16,90,5,5,6,12,Move this guest to a VIP / Head table. Do not seat VIP at General or Friends.
Groom's Family,47,4,0,0,0,1,4,0,groom-family,1,95,3,4,8,12,Seat with Groom's Family. Keep children at the same table as their family.
Neighbours,58,1,0,0,0,2,1,0,general,1,95,1,2,8,10,Seat at a General table. Add chairs if the table is already at max_seats.
Bride's Friends,26,2,0,0,0,0,3,0,friends,16,80,2,2,8,10,"Seat at a Friends table. If that suite is full, use General — not VIP / Head."
VIP,74,5,0,0,1,2,5,0,vip,16,90,5,5,6,12,Move this guest to a VIP / Head table. Do not seat VIP at General or Friends.
Groom's Family,60,4,0,0,0,1,4,0,groom-family,1,95,3,4,8,12,Seat with Groom's Family. Keep children at the same table as their family.
VIP,26,5,1,0,1,2,5,0,vip,16,90,5,5,6,12,Move this guest to a VIP / Head table. Do not seat VIP at General or Friends.
Groom's Family,30,4,0,0,0,1,4,0,groom-family,1,95,3,4,8,12,Seat with Groom's Family. Keep children at the same table as their family.
VIP,52,5,0,0,0,2,5,0,vip,16,90,5,5,6,12,Move this guest to a VIP / Head table. Do not seat VIP at General or Friends.
Other,48,1,0,0,1,2,1,0,general,1,95,1,2,8,10,Seat at a General table. Add chairs if the table is already at max_seats.
VIP,54,5,0,0,0,2,5,1,vip,16,90,5,5,6,12,Move this guest to a VIP / Head table. Do not seat VIP at General or Friends.
VIP,46,5,0,0,0,2,5,0,vip,16,90,5,5,6,12,Move this guest to a VIP / Head table. Do not seat VIP at General or Friends.
VIP,64,5,0,0,0,2,5,0,vip,16,90,5,5,6,12,Move this guest to a VIP / Head table. Do not seat VIP at General or Friends.
VIP,48,5,0,0,0,2,5,0,vip,16,90,5,5,6,12,Move this guest to a VIP / Head table. Do not seat VIP at General or Friends.
Other,51,1,0,0,0,2,1,0,general,1,95,1,2,8,10,Seat at a General table. Add chairs if the table is already at max_seats.
VIP,62,5,0,1,0,2,5,0,vip,16,90,5,5,6,12,Move this guest to a VIP / Head table. Do not seat VIP at General or Friends.
Bride's Family,35,4,0,0,0,0,4,0,bride-family,1,95,3,4,8,12,Seat with Bride's Family. Keep children at the same table as their family.
Bride's Colleagues,52,2,0,0,0,0,2,0,friends,16,80,2,2,8,10,"Seat at a Friends table. If that suite is full, use General — not VIP / Head."
Other,23,1,0,0,1,2,1,0,general,1,95,1,2,8,10,Seat at a General table. Add chairs if the table is already at max_seats.
Groom's Family,3,4,0,0,1,1,4,0,groom-family,1,95,3,4,8,12,Seat with Groom's Family. Keep children at the same table as their family.
Groom's Colleagues,29,2,0,0,0,1,2,0,friends,16,80,2,2,8,10,"Seat at a Friends table. If that suite is full, use General — not VIP / Head."
Other,45,1,0,0,1,2,1,0,general,1,95,1,2,8,10,Seat at a General table. Add chairs if the table is already at max_seats.
VIP,47,5,0,0,1,2,5,0,vip,16,90,5,5,6,12,Move this guest to a VIP / Head table. Do not seat VIP at General or Friends.
Groom's Friends,44,2,0,0,0,1,3,0,friends,16,80,2,2,8,10,"Seat at a Friends table. If that suite is full, use General — not VIP / Head."
Relatives,43,3,0,0,0,2,4,0,bride-family,1,95,3,4,8,12,Seat with Bride's Family. Keep children at the same table as their family.
Bride's Friends,30,2,0,0,1,0,3,0,friends,16,80,2,2,8,10,"Seat at a Friends table. If that suite is full, use General — not VIP / Head."
Other,58,1,0,0,0,2,1,0,general,1,95,1,2,8,10,Seat at a General table. Add chairs if the table is already at max_seats.
Relatives,51,3,0,0,0,2,4,0,bride-family,1,95,3,4,8,12,Seat with Bride's Family. Keep children at the same table as their family.
Groom's Family,8,4,0,0,0,1,4,1,groom-family,1,95,3,4,8,12,Seat with Groom's Family. Keep children at the same table as their family.
Bride's Family,38,4,0,0,0,0,4,0,bride-family,1,95,3,4,8,12,Seat with Bride's Family. Keep children at the same table as their family.
Neighbours,28,1,0,0,0,2,1,0,general,1,95,1,2,8,10,Seat at a General table. Add chairs if the table is already at max_seats.
Neighbours,22,1,0,0,1,2,1,0,general,1,95,1,2,8,10,Seat at a General table. Add chairs if the table is already at max_seats.
Groom's Friends,39,2,0,0,0,1,3,0,friends,16,80,2,2,8,10,"Seat at a Friends table. If that suite is full, use General — not VIP / Head."
VIP,19,5,0,0,0,2,5,0,vip,16,90,5,5,6,12,Move this guest to a VIP / Head table. Do not seat VIP at General or Friends.
Relatives,71,3,0,0,1,2,4,0,bride-family,1,95,3,4,8,12,Seat with Bride's Family. Keep children at the same table as their family.
VIP,67,5,0,0,0,2,5,0,vip,16,90,5,5,6,12,Move this guest to a VIP / Head table. Do not seat VIP at General or Friends.
Groom's Friends,24,2,0,0,0,1,3,0,friends,16,80,2,2,8,10,"Seat at a Friends table. If that suite is full, use General — not VIP / Head."
Bride's Family,72,4,0,1,0,0,4,0,bride-family,1,95,3,4,8,12,Seat with Bride's Family. Keep children at the same table as their family.
Groom's Colleagues,25,2,0,0,0,1,2,0,friends,16,80,2,2,8,10,"Seat at a Friends table. If that suite is full, use General — not VIP / Head."
Other,35,1,0,0,0,2,1,0,general,1,95,1,2,8,10,Seat at a General table. Add chairs if the table is already at max_seats.
Bride's Family,38,4,0,1,0,0,4,0,bride-family,1,95,3,4,8,12,Seat with Bride's Family. Keep children at the same table as their family.
VIP,64,5,0,0,0,2,5,0,vip,16,90,5,5,6,12,Move this guest to a VIP / Head table. Do not seat VIP at General or Friends.
Bride's Family,52,4,1,0,0,0,4,0,bride-family,1,95,3,4,8,12,Seat with Bride's Family. Keep children at the same table as their family.
Bride's Colleagues,44,2,1,0,0,0,2,0,friends,16,80,2,2,8,10,"Seat at a Friends table. If that suite is full, use General — not VIP / Head."
Other,35,1,0,0,0,2,1,0,general,1,95,1,2,8,10,Seat at a General table. Add chairs if the table is already at max_seats.
Bride's Colleagues,24,2,0,0,0,0,2,0,friends,16,80,2,2,8,10,"Seat at a Friends table. If that suite is full, use General — not VIP / Head."
Relatives,20,3,0,0,0,2,4,0,groom-family,1,95,3,4,8,12,Seat with Groom's Family. Keep children at the same table as their family.
Neighbours,35,1,0,0,0,2,1,0,general,1,95,1,2,8,10,Seat at a General table. Add chairs if the table is already at max_seats.
Groom's Family,5,4,1,0,1,1,4,0,groom-family,1,95,3,4,8,12,Seat with Groom's Family. Keep children at the same table as their family.
Other,71,1,0,0,0,2,1,0,general,1,95,1,2,8,10,Seat at a General table. Add chairs if the table is already at max_seats.
Bride's Family,79,4,0,0,0,0,4,0,bride-family,1,95,3,4,8,12,Seat with Bride's Family. Keep children at the same table as their family.
Bride's Colleagues,25,2,0,0,0,0,2,0,friends,16,80,2,2,8,10,"Seat at a Friends table. If that suite is full, use General — not VIP / Head."
Neighbours,64,1,0,0,0,2,1,0,general,1,95,1,2,8,10,Seat at a General table. Add chairs if the table is already at max_seats.
VIP,40,5,0,0,0,2,5,0,vip,16,90,5,5,6,12,Move this guest to a VIP / Head table. Do not seat VIP at General or Friends.
VIP,73,5,0,0,1,2,5,0,vip,16,90,5,5,6,12,Move this guest to a VIP / Head table. Do not seat VIP at General or Friends.
Other,66,1,0,0,0,2,1,0,general,1,95,1,2,8,10,Seat at a General table. Add chairs if the table is already at max_seats.
Bride's Friends,34,2,0,0,0,0,3,0,friends,16,80,2,2,8,10,"Seat at a Friends table. If that suite is full, use General — not VIP / Head."
VIP,35,5,0,0,0,2,5,0,vip,16,90,5,5,6,12,Move this guest to a VIP / Head table. Do not seat VIP at General or Friends.
Relatives,52,3,0,0,0,2,4,0,bride-family,1,95,3,4,8,12,Seat with Bride's Family. Keep children at the same table as their family.
VIP,43,5,0,0,0,2,5,0,vip,16,90,5,5,6,12,Move this guest to a VIP / Head table. Do not seat VIP at General or Friends.
Groom's Family,35,4,0,0,0,1,4,0,groom-family,1,95,3,4,8,12,Seat with Groom's Family. Keep children at the same table as their family.
Groom's Friends,31,2,0,0,0,1,3,0,friends,16,80,2,2,8,10,"Seat at a Friends table. If that suite is full, use General — not VIP / Head."
VIP,44,5,0,0,0,2,5,0,vip,16,90,5,5,6,12,Move this guest to a VIP / Head table. Do not seat VIP at General or Friends.
VIP,59,5,0,0,0,2,5,0,vip,16,90,5,5,6,12,Move this guest to a VIP / Head table. Do not seat VIP at General or Friends.
Groom's Family,28,4,0,0,0,1,4,0,groom-family,1,95,3,4,8,12,Seat with Groom's Family. Keep children at the same table as their family.
VIP,48,5,1,0,0,2,5,0,vip,16,90,5,5,6,12,Move this guest to a VIP / Head table. Do not seat VIP at General or Friends.
Relatives,35,3,0,0,0,2,4,0,groom-family,1,95,3,4,8,12,Seat with Groom's Family. Keep children at the same table as their family.
Relatives,35,3,0,0,1,2,4,0,groom-family,1,95,3,4,8,12,Seat with Groom's Family. Keep children at the same table as their family.
Relatives,36,3,1,0,0,2,4,0,bride-family,1,95,3,4,8,12,Seat with Bride's Family. Keep children at the same table as their family.
Groom's Colleagues,28,2,0,0,1,1,2,0,friends,16,80,2,2,8,10,"Seat at a Friends table. If that suite is full, use General — not VIP / Head."
Bride's Family,60,4,0,0,0,0,4,0,bride-family,1,95,3,4,8,12,Seat with Bride's Family. Keep children at the same table as their family.
Groom's Family,59,4,0,0,0,1,4,0,groom-family,1,95,3,4,8,12,Seat with Groom's Family. Keep children at the same table as their family.
Bride's Friends,25,2,0,0,1,0,3,0,friends,16,80,2,2,8,10,"Seat at a Friends table. If that suite is full, use General — not VIP / Head."
Neighbours,47,1,0,0,0,2,1,0,general,1,95,1,2,8,10,Seat at a General table. Add chairs if the table is already at max_seats.
VIP,35,5,0,0,0,2,5,0,vip,16,90,5,5,6,12,Move this guest to a VIP / Head table. Do not seat VIP at General or Friends.
Neighbours,61,1,0,0,0,2,1,1,general,1,95,1,2,8,10,Seat at a General table. Add chairs if the table is already at max_seats.
VIP,59,5,0,0,0,2,5,0,vip,16,90,5,5,6,12,Move this guest to a VIP / Head table. Do not seat VIP at General or Friends.
Relatives,69,3,0,0,0,2,4,0,bride-family,1,95,3,4,8,12,Seat with Bride's Family. Keep children at the same table as their family.
VIP,58,5,0,0,0,2,5,0,vip,16,90,5,5,6,12,Move this guest to a VIP / Head table. Do not seat VIP at General or Friends.
Other,35,1,0,0,1,2,1,0,general,1,95,1,2,8,10,Seat at a General table. Add chairs if the table is already at max_seats.
Bride's Family,75,4,0,0,0,0,4,0,bride-family,1,95,3,4,8,12,Seat with Bride's Family. Keep children at the same table as their family.
VIP,27,5,0,0,1,2,5,0,vip,16,90,5,5,6,12,Move this guest to a VIP / Head table. Do not seat VIP at General or Friends.
Relatives,24,3,0,0,0,2,4,0,bride-family,1,95,3,4,8,12,Seat with Bride's Family. Keep children at the same table as their family.
Bride's Family,26,4,0,0,0,0,4,0,bride-family,1,95,3,4,8,12,Seat with Bride's Family. Keep children at the same table as their family.
Groom's Family,57,4,0,0,1,1,4,0,groom-family,1,95,3,4,8,12,Seat with Groom's Family. Keep children at the same table as their family.
Bride's Friends,26,2,0,0,0,0,3,0,friends,16,80,2,2,8,10,"Seat at a Friends table. If that suite is full, use General — not VIP / Head."
VIP,44,5,0,0,0,2,5,0,vip,16,90,5,5,6,12,Move this guest to a VIP / Head table. Do not seat VIP at General or Friends.
Bride's Family,29,4,0,0,0,0,4,0,bride-family,1,95,3,4,8,12,Seat with Bride's Family. Keep children at the same table as their family.
Relatives,37,3,0,0,0,2,4,0,bride-family,1,95,3,4,8,12,Seat with Bride's Family. Keep children at the same table as their family.
Groom's Family,70,4,0,0,0,1,4,0,groom-family,1,95,3,4,8,12,Seat with Groom's Family. Keep children at the same table as their family.
Bride's Family,46,4,0,0,0,0,4,0,bride-family,1,95,3,4,8,12,Seat with Bride's Family. Keep children at the same table as their family.
Bride's Family,51,4,0,0,0,0,4,0,bride-family,1,95,3,4,8,12,Seat with Bride's Family. Keep children at the same table as their family.
VIP,35,5,0,0,0,2,5,1,vip,16,90,5,5,6,12,Move this guest to a VIP / Head table. Do not seat VIP at General or Friends.
Bride's Family,16,4,1,0,0,0,4,0,bride-family,1,95,3,4,8,12,Seat with Bride's Family. Keep children at the same table as their family.
Other,49,1,0,0,0,2,1,0,general,1,95,1,2,8,10,Seat at a General table. Add chairs if the table is already at max_seats.
Other,67,1,0,0,0,2,1,0,general,1,95,1,2,8,10,Seat at a General table. Add chairs if the table is already at max_seats.
VIP,50,5,1,0,0,2,5,0,vip,16,90,5,5,6,12,Move this guest to a VIP / Head table. Do not seat VIP at General or Friends.
Bride's Family,30,4,0,0,0,0,4,0,bride-family,1,95,3,4,8,12,Seat with Bride's Family. Keep children at the same table as their family.
Relatives,35,3,0,0,0,2,4,0,bride-family,1,95,3,4,8,12,Seat with Bride's Family. Keep children at the same table as their family.
VIP,64,5,0,0,1,2,5,0,vip,16,90,5,5,6,12,Move this guest to a VIP / Head table. Do not seat VIP at General or Friends.
Neighbours,77,1,0,0,0,2,1,0,general,1,95,1,2,8,10,Seat at a General table. Add chairs if the table is already at max_seats.
Bride's Family,35,4,0,0,0,0,4,0,bride-family,1,95,3,4,8,12,Seat with Bride's Family. Keep children at the same table as their family.
Bride's Family,51,4,0,0,0,0,4,0,bride-family,1,95,3,4,8,12,Seat with Bride's Family. Keep children at the same table as their family.
Bride's Family,23,4,0,0,0,0,4,1,bride-family,1,95,3,4,8,12,Seat with Bride's Family. Keep children at the same table as their family.
Neighbours,70,1,0,0,0,2,1,0,general,1,95,1,2,8,10,Seat at a General table. Add chairs if the table is already at max_seats.
Bride's Family,43,4,0,0,0,0,4,0,bride-family,1,95,3,4,8,12,Seat with Bride's Family. Keep children at the same table as their family.
Relatives,70,3,0,0,0,2,4,0,bride-family,1,95,3,4,8,12,Seat with Bride's Family. Keep children at the same table as their family.
VIP,42,5,0,0,0,2,5,0,vip,16,90,5,5,6,12,Move this guest to a VIP / Head table. Do not seat VIP at General or Friends.
Groom's Family,35,4,0,0,0,1,4,0,groom-family,1,95,3,4,8,12,Seat with Groom's Family. Keep children at the same table as their family.
Bride's Family,57,4,0,0,0,0,4,0,bride-family,1,95,3,4,8,12,Seat with Bride's Family. Keep children at the same table as their family.
Groom's Colleagues,27,2,0,0,1,1,2,0,friends,16,80,2,2,8,10,"Seat at a Friends table. If that suite is full, use General — not VIP / Head."
VIP,35,5,0,0,0,2,5,0,vip,16,90,5,5,6,12,Move this guest to a VIP / Head table. Do not seat VIP at General or Friends.
Relatives,50,3,0,0,0,2,4,0,bride-family,1,95,3,4,8,12,Seat with Bride's Family. Keep children at the same table as their family.
Groom's Friends,43,2,0,0,0,1,3,0,friends,16,80,2,2,8,10,"Seat at a Friends table. If that suite is full, use General — not VIP / Head."
Other,44,1,0,0,0,2,1,0,general,1,95,1,2,8,10,Seat at a General table. Add chairs if the table is already at max_seats.
Neighbours,56,1,0,0,1,2,1,0,general,1,95,1,2,8,10,Seat at a General table. Add chairs if the table is already at max_seats.
Neighbours,52,1,0,0,0,2,1,0,general,1,95,1,2,8,10,Seat at a General table. Add chairs if the table is already at max_seats.
Relatives,35,3,0,0,1,2,4,0,bride-family,1,95,3,4,8,12,Seat with Bride's Family. Keep children at the same table as their family.
Bride's Friends,29,2,0,0,0,0,3,0,friends,16,80,2,2,8,10,"Seat at a Friends table. If that suite is full, use General — not VIP / Head."
VIP,48,5,0,0,0,2,5,0,vip,16,90,5,5,6,12,Move this guest to a VIP / Head table. Do not seat VIP at General or Friends.
Relatives,69,3,0,1,0,2,4,0,groom-family,1,95,3,4,8,12,Seat with Groom's Family. Keep children at the same table as their family.
VIP,47,5,1,0,1,2,5,0,vip,16,90,5,5,6,12,Move this guest to a VIP / Head table. Do not seat VIP at General or Friends.
Groom's Family,62,4,0,0,0,1,4,0,groom-family,1,95,3,4,8,12,Seat with Groom's Family. Keep children at the same table as their family.
VIP,54,5,0,0,0,2,5,0,vip,16,90,5,5,6,12,Move this guest to a VIP / Head table. Do not seat VIP at General or Friends.
Neighbours,63,1,0,0,0,2,1,0,general,1,95,1,2,8,10,Seat at a General table. Add chairs if the table is already at max_seats.
Groom's Family,67,4,0,1,0,1,4,0,groom-family,1,95,3,4,8,12,Seat with Groom's Family. Keep children at the same table as their family.
Relatives,54,3,0,0,0,2,4,0,bride-family,1,95,3,4,8,12,Seat with Bride's Family. Keep children at the same table as their family.
Bride's Family,35,4,0,0,0,0,4,0,bride-family,1,95,3,4,8,12,Seat with Bride's Family. Keep children at the same table as their family.
Relatives,26,3,0,0,0,2,4,0,bride-family,1,95,3,4,8,12,Seat with Bride's Family. Keep children at the same table as their family.
VIP,37,5,0,0,1,2,5,0,vip,16,90,5,5,6,12,Move this guest to a VIP / Head table. Do not seat VIP at General or Friends.
Other,23,1,0,0,0,2,1,0,general,1,95,1,2,8,10,Seat at a General table. Add chairs if the table is already at max_seats.
Groom's Family,44,4,0,0,1,1,4,0,groom-family,1,95,3,4,8,12,Seat with Groom's Family. Keep children at the same table as their family.
Groom's Family,35,4,0,0,0,1,4,0,groom-family,1,95,3,4,8,12,Seat with Groom's Family. Keep children at the same table as their family.
Groom's Family,68,4,0,0,1,1,4,0,groom-family,1,95,3,4,8,12,Seat with Groom's Family. Keep children at the same table as their family.
Neighbours,43,1,0,0,0,2,1,0,general,1,95,1,2,8,10,Seat at a General table. Add chairs if the table is already at max_seats.
Bride's Friends,27,2,0,0,1,0,3,0,friends,16,80,2,2,8,10,"Seat at a Friends table. If that suite is full, use General — not VIP / Head."
VIP,35,5,0,0,0,2,5,0,vip,16,90,5,5,6,12,Move this guest to a VIP / Head table. Do not seat VIP at General or Friends.
Groom's Family,51,4,0,0,0,1,4,0,groom-family,1,95,3,4,8,12,Seat with Groom's Family. Keep children at the same table as their family.
Groom's Family,45,4,0,0,0,1,4,0,groom-family,1,95,3,4,8,12,Seat with Groom's Family. Keep children at the same table as their family.
Neighbours,60,1,0,0,1,2,1,0,general,1,95,1,2,8,10,Seat at a General table. Add chairs if the table is already at max_seats.
Other,46,1,0,0,0,2,1,0,general,1,95,1,2,8,10,Seat at a General table. Add chairs if the table is already at max_seats.
Groom's Friends,27,2,1,0,0,1,3,0,friends,16,80,2,2,8,10,"Seat at a Friends table. If that suite is full, use General — not VIP / Head."
Groom's Colleagues,24,2,1,0,0,1,2,0,friends,16,80,2,2,8,10,"Seat at a Friends table. If that suite is full, use General — not VIP / Head."
Groom's Family,26,4,0,0,0,1,4,0,groom-family,1,95,3,4,8,12,Seat with Groom's Family. Keep children at the same table as their family.
VIP,40,5,1,0,1,2,5,0,vip,16,90,5,5,6,12,Move this guest to a VIP / Head table. Do not seat VIP at General or Friends.
Neighbours,22,1,0,1,0,2,1,0,general,1,95,1,2,8,10,Seat at a General table. Add chairs if the table is already at max_seats.
Other,64,1,0,0,0,2,1,0,general,1,95,1,2,8,10,Seat at a General table. Add chairs if the table is already at max_seats.
Other,66,1,0,0,0,2,1,0,general,1,95,1,2,8,10,Seat at a General table. Add chairs if the table is already at max_seats.
VIP,33,5,1,0,0,2,5,0,vip,16,90,5,5,6,12,Move this guest to a VIP / Head table. Do not seat VIP at General or Friends.
VIP,48,5,0,0,0,2,5,0,vip,16,90,5,5,6,12,Move this guest to a VIP / Head table. Do not seat VIP at General or Friends.
Neighbours,35,1,0,0,1,2,1,0,general,1,95,1,2,8,10,Seat at a General table. Add chairs if the table is already at max_seats.
Neighbours,37,1,0,0,0,2,1,0,general,1,95,1,2,8,10,Seat at a General table. Add chairs if the table is already at max_seats.
VIP,33,5,0,0,0,2,5,0,vip,16,90,5,5,6,12,Move this guest to a VIP / Head table. Do not seat VIP at General or Friends.
Other,42,1,0,0,0,2,1,0,general,1,95,1,2,8,10,Seat at a General table. Add chairs if the table is already at max_seats.
Relatives,35,3,0,0,0,2,4,0,groom-family,1,95,3,4,8,12,Seat with Groom's Family. Keep children at the same table as their family.
Neighbours,41,1,0,0,0,2,1,0,general,1,95,1,2,8,10,Seat at a General table. Add chairs if the table is already at max_seats.
VIP,32,5,0,0,0,2,5,0,vip,16,90,5,5,6,12,Move this guest to a VIP / Head table. Do not seat VIP at General or Friends.
VIP,35,5,0,0,0,2,5,0,vip,16,90,5,5,6,12,Move this guest to a VIP / Head table. Do not seat VIP at General or Friends.
Groom's Colleagues,28,2,0,0,0,1,2,0,friends,16,80,2,2,8,10,"Seat at a Friends table. If that suite is full, use General — not VIP / Head."
Groom's Family,69,4,0,0,0,1,4,0,groom-family,1,95,3,4,8,12,Seat with Groom's Family. Keep children at the same table as their family.
Bride's Family,47,4,0,0,1,0,4,0,bride-family,1,95,3,4,8,12,Seat with Bride's Family. Keep children at the same table as their family.
Bride's Friends,29,2,0,0,0,0,3,0,friends,16,80,2,2,8,10,"Seat at a Friends table. If that suite is full, use General — not VIP / Head."
Bride's Family,43,4,0,1,0,0,4,0,bride-family,1,95,3,4,8,12,Seat with Bride's Family. Keep children at the same table as their family.
Neighbours,28,1,0,0,1,2,1,0,general,1,95,1,2,8,10,Seat at a General table. Add chairs if the table is already at max_seats.
Neighbours,49,1,1,0,0,2,1,1,general,1,95,1,2,8,10,Seat at a General table. Add chairs if the table is already at max_seats.
VIP,59,5,1,0,1,2,5,0,vip,16,90,5,5,6,12,Move this guest to a VIP / Head table. Do not seat VIP at General or Friends.
VIP,47,5,0,0,0,2,5,0,vip,16,90,5,5,6,12,Move this guest to a VIP / Head table. Do not seat VIP at General or Friends.
Other,61,1,0,0,0,2,1,0,general,1,95,1,2,8,10,Seat at a General table. Add chairs if the table is already at max_seats.
Groom's Friends,30,2,0,0,0,1,3,0,friends,16,80,2,2,8,10,"Seat at a Friends table. If that suite is full, use General — not VIP / Head."
Other,27,1,0,1,0,2,1,0,general,1,95,1,2,8,10,Seat at a General table. Add chairs if the table is already at max_seats.
Groom's Family,40,4,0,0,0,1,4,0,groom-family,1,95,3,4,8,12,Seat with Groom's Family. Keep children at the same table as their family.
Bride's Colleagues,38,2,0,0,0,0,2,0,friends,16,80,2,2,8,10,"Seat at a Friends table. If that suite is full, use General — not VIP / Head."
Groom's Family,40,4,0,0,0,1,4,0,groom-family,1,95,3,4,8,12,Seat with Groom's Family. Keep children at the same table as their family.
Other,55,1,0,0,0,2,1,0,general,1,95,1,2,8,10,Seat at a General table. Add chairs if the table is already at max_seats.
Bride's Family,25,4,0,0,0,0,4,1,bride-family,1,95,3,4,8,12,Seat with Bride's Family. Keep children at the same table as their family.
VIP,40,5,0,0,0,2,5,0,vip,16,90,5,5,6,12,Move this guest to a VIP / Head table. Do not seat VIP at General or Friends.
Groom's Family,53,4,0,0,0,1,4,0,groom-family,1,95,3,4,8,12,Seat with Groom's Family. Keep children at the same table as their family.
Groom's Family,48,4,0,0,0,1,4,0,groom-family,1,95,3,4,8,12,Seat with Groom's Family. Keep children at the same table as their family.
Other,67,1,0,0,1,2,1,0,general,1,95,1,2,8,10,Seat at a General table. Add chairs if the table is already at max_seats.
VIP,35,5,0,0,0,2,5,0,vip,16,90,5,5,6,12,Move this guest to a VIP / Head table. Do not seat VIP at General or Friends.
Other,35,1,0,1,0,2,1,0,general,1,95,1,2,8,10,Seat at a General table. Add chairs if the table is already at max_seats.
Bride's Colleagues,30,2,1,0,0,0,2,0,friends,16,80,2,2,8,10,"Seat at a Friends table. If that suite is full, use General — not VIP / Head."
VIP,35,5,0,0,0,2,5,0,vip,16,90,5,5,6,12,Move this guest to a VIP / Head table. Do not seat VIP at General or Friends.
Groom's Colleagues,42,2,0,0,0,1,2,0,friends,16,80,2,2,8,10,"Seat at a Friends table. If that suite is full, use General — not VIP / Head."
VIP,63,5,0,0,0,2,5,0,vip,16,90,5,5,6,12,Move this guest to a VIP / Head table. Do not seat VIP at General or Friends.
Relatives,50,3,0,0,0,2,4,0,groom-family,1,95,3,4,8,12,Seat with Groom's Family. Keep children at the same table as their family.
Bride's Family,40,4,0,0,1,0,4,0,bride-family,1,95,3,4,8,12,Seat with Bride's Family. Keep children at the same table as their family.
VIP,18,5,0,0,0,2,5,0,vip,16,90,5,5,6,12,Move this guest to a VIP / Head table. Do not seat VIP at General or Friends.
Groom's Family,35,4,0,0,0,1,4,0,groom-family,1,95,3,4,8,12,Seat with Groom's Family. Keep children at the same table as their family.
Groom's Friends,31,2,0,0,1,1,3,0,friends,16,80,2,2,8,10,"Seat at a Friends table. If that suite is full, use General — not VIP / Head."
Other,42,1,0,0,0,2,1,0,general,1,95,1,2,8,10,Seat at a General table. Add chairs if the table is already at max_seats.
Bride's Family,41,4,0,0,1,0,4,0,bride-family,1,95,3,4,8,12,Seat with Bride's Family. Keep children at the same table as their family.
Bride's Friends,35,2,0,0,1,0,3,0,friends,16,80,2,2,8,10,"Seat at a Friends table. If that suite is full, use General — not VIP / Head."
Neighbours,53,1,0,0,1,2,1,0,general,1,95,1,2,8,10,Seat at a General table. Add chairs if the table is already at max_seats.
Neighbours,21,1,0,0,0,2,1,0,general,1,95,1,2,8,10,Seat at a General table. Add chairs if the table is already at max_seats.
Bride's Colleagues,35,2,0,0,0,0,2,0,friends,16,80,2,2,8,10,"Seat at a Friends table. If that suite is full, use General — not VIP / Head."
Bride's Family,50,4,0,0,0,0,4,0,bride-family,1,95,3,4,8,12,Seat with Bride's Family. Keep children at the same table as their family.
Groom's Family,50,4,0,0,0,1,4,0,groom-family,1,95,3,4,8,12,Seat with Groom's Family. Keep children at the same table as their family.
Relatives,35,3,0,0,0,2,4,0,bride-family,1,95,3,4,8,12,Seat with Bride's Family. Keep children at the same table as their family.
VIP,37,5,1,1,1,2,5,0,vip,16,90,5,5,6,12,Move this guest to a VIP / Head table. Do not seat VIP at General or Friends.
Bride's Friends,24,2,0,0,1,0,3,0,friends,16,80,2,2,8,10,"Seat at a Friends table. If that suite is full, use General — not VIP / Head."
Groom's Friends,30,2,0,0,1,1,3,0,friends,16,80,2,2,8,10,"Seat at a Friends table. If that suite is full, use General — not VIP / Head."
VIP,43,5,0,0,1,2,5,0,vip,16,90,5,5,6,12,Move this guest to a VIP / Head table. Do not seat VIP at General or Friends.
Groom's Colleagues,38,2,1,0,0,1,2,0,friends,16,80,2,2,8,10,"Seat at a Friends table. If that suite is full, use General — not VIP / Head."
Other,41,1,0,0,1,2,1,0,general,1,95,1,2,8,10,Seat at a General table. Add chairs if the table is already at max_seats.
Groom's Colleagues,37,2,0,0,1,1,2,0,friends,16,80,2,2,8,10,"Seat at a Friends table. If that suite is full, use General — not VIP / Head."
Groom's Friends,28,2,0,0,1,1,3,0,friends,16,80,2,2,8,10,"Seat at a Friends table. If that suite is full, use General — not VIP / Head."
Bride's Family,9,4,0,0,0,0,4,0,bride-family,1,95,3,4,8,12,Seat with Bride's Family. Keep children at the same table as their family.
VIP,52,5,0,0,0,2,5,0,vip,16,90,5,5,6,12,Move this guest to a VIP / Head table. Do not seat VIP at General or Friends.
Neighbours,53,1,0,0,1,2,1,0,general,1,95,1,2,8,10,Seat at a General table. Add chairs if the table is already at max_seats.
Neighbours,35,1,0,0,0,2,1,0,general,1,95,1,2,8,10,Seat at a General table. Add chairs if the table is already at max_seats.
VIP,75,5,0,1,0,2,5,0,vip,16,90,5,5,6,12,Move this guest to a VIP / Head table. Do not seat VIP at General or Friends.
Groom's Family,76,4,0,0,0,1,4,0,groom-family,1,95,3,4,8,12,Seat with Groom's Family. Keep children at the same table as their family.
Bride's Family,38,4,0,0,1,0,4,0,bride-family,1,95,3,4,8,12,Seat with Bride's Family. Keep children at the same table as their family.
Other,29,1,0,0,0,2,1,0,general,1,95,1,2,8,10,Seat at a General table. Add chairs if the table is already at max_seats.
VIP,35,5,0,0,0,2,5,0,vip,16,90,5,5,6,12,Move this guest to a VIP / Head table. Do not seat VIP at General or Friends.
Other,72,1,0,0,0,2,1,0,general,1,95,1,2,8,10,Seat at a General table. Add chairs if the table is already at max_seats.
Other,57,1,0,0,1,2,1,0,general,1,95,1,2,8,10,Seat at a General table. Add chairs if the table is already at max_seats.
Relatives,42,3,0,0,1,2,4,0,bride-family,1,95,3,4,8,12,Seat with Bride's Family. Keep children at the same table as their family.
Neighbours,16,1,0,0,1,2,1,0,general,1,95,1,2,8,10,Seat at a General table. Add chairs if the table is already at max_seats.
Other,29,1,0,0,1,2,1,0,general,1,95,1,2,8,10,Seat at a General table. Add chairs if the table is already at max_seats.
VIP,52,5,0,0,0,2,5,0,vip,16,90,5,5,6,12,Move this guest to a VIP / Head table. Do not seat VIP at General or Friends.
Bride's Family,10,4,0,0,0,0,4,0,bride-family,1,95,3,4,8,12,Seat with Bride's Family. Keep children at the same table as their family.
Neighbours,25,1,0,0,0,2,1,0,general,1,95,1,2,8,10,Seat at a General table. Add chairs if the table is already at max_seats.
VIP,34,5,1,0,0,2,5,0,vip,16,90,5,5,6,12,Move this guest to a VIP / Head table. Do not seat VIP at General or Friends.
VIP,35,5,0,0,0,2,5,0,vip,16,90,5,5,6,12,Move this guest to a VIP / Head table. Do not seat VIP at General or Friends.
Bride's Family,46,4,0,0,1,0,4,0,bride-family,1,95,3,4,8,12,Seat with Bride's Family. Keep children at the same table as their family.
VIP,54,5,0,1,0,2,5,0,vip,16,90,5,5,6,12,Move this guest to a VIP / Head table. Do not seat VIP at General or Friends.
Groom's Friends,25,2,0,1,0,1,3,0,friends,16,80,2,2,8,10,"Seat at a Friends table. If that suite is full, use General — not VIP / Head."
Other,17,1,0,0,0,2,1,0,general,1,95,1,2,8,10,Seat at a General table. Add chairs if the table is already at max_seats.
Groom's Family,52,4,0,0,0,1,4,0,groom-family,1,95,3,4,8,12,Seat with Groom's Family. Keep children at the same table as their family.
Bride's Family,55,4,0,0,1,0,4,0,bride-family,1,95,3,4,8,12,Seat with Bride's Family. Keep children at the same table as their family.
Bride's Colleagues,34,2,0,0,0,0,2,0,friends,16,80,2,2,8,10,"Seat at a Friends table. If that suite is full, use General — not VIP / Head."
Bride's Friends,32,2,0,0,1,0,3,0,friends,16,80,2,2,8,10,"Seat at a Friends table. If that suite is full, use General — not VIP / Head."
Relatives,56,3,0,0,0,2,4,0,groom-family,1,95,3,4,8,12,Seat with Groom's Family. Keep children at the same table as their family.
Other,52,1,0,0,0,2,1,0,general,1,95,1,2,8,10,Seat at a General table. Add chairs if the table is already at max_seats.
Bride's Colleagues,32,2,0,0,0,0,2,0,friends,16,80,2,2,8,10,"Seat at a Friends table. If that suite is full, use General — not VIP / Head."
Neighbours,30,1,0,0,0,2,1,0,general,1,95,1,2,8,10,Seat at a General table. Add chairs if the table is already at max_seats.
Groom's Family,70,4,0,0,0,1,4,0,groom-family,1,95,3,4,8,12,Seat with Groom's Family. Keep children at the same table as their family.
Bride's Colleagues,37,2,0,0,0,0,2,0,friends,16,80,2,2,8,10,"Seat at a Friends table. If that suite is full, use General — not VIP / Head."
Other,53,1,0,0,0,2,1,0,general,1,95,1,2,8,10,Seat at a General table. Add chairs if the table is already at max_seats.
VIP,36,5,0,0,0,2,5,0,vip,16,90,5,5,6,12,Move this guest to a VIP / Head table. Do not seat VIP at General or Friends.
Relatives,23,3,0,0,0,2,4,0,bride-family,1,95,3,4,8,12,Seat with Bride's Family. Keep children at the same table as their family.
Relatives,29,3,0,0,0,2,4,0,groom-family,1,95,3,4,8,12,Seat with Groom's Family. Keep children at the same table as their family.
Groom's Family,61,4,0,0,0,1,4,0,groom-family,1,95,3,4,8,12,Seat with Groom's Family. Keep children at the same table as their family.
Relatives,51,3,0,0,0,2,4,0,bride-family,1,95,3,4,8,12,Seat with Bride's Family. Keep children at the same table as their family.
Neighbours,43,1,0,0,0,2,1,0,general,1,95,1,2,8,10,Seat at a General table. Add chairs if the table is already at max_seats.
Groom's Family,24,4,0,0,0,1,4,0,groom-family,1,95,3,4,8,12,Seat with Groom's Family. Keep children at the same table as their family.
Bride's Family,59,4,0,0,1,0,4,0,bride-family,1,95,3,4,8,12,Seat with Bride's Family. Keep children at the same table as their family.
VIP,47,5,1,0,1,2,5,0,vip,16,90,5,5,6,12,Move this guest to a VIP / Head table. Do not seat VIP at General or Friends.
VIP,38,5,0,1,0,2,5,0,vip,16,90,5,5,6,12,Move this guest to a VIP / Head table. Do not seat VIP at General or Friends.
Relatives,24,3,0,0,0,2,4,0,groom-family,1,95,3,4,8,12,Seat with Groom's Family. Keep children at the same table as their family.
Neighbours,49,1,0,0,0,2,1,0,general,1,95,1,2,8,10,Seat at a General table. Add chairs if the table is already at max_seats.
Groom's Family,13,4,0,0,1,1,4,0,groom-family,1,95,3,4,8,12,Seat with Groom's Family. Keep children at the same table as their family.
Neighbours,54,1,0,0,0,2,1,0,general,1,95,1,2,8,10,Seat at a General table. Add chairs if the table is already at max_seats.
VIP,35,5,0,0,0,2,5,0,vip,16,90,5,5,6,12,Move this guest to a VIP / Head table. Do not seat VIP at General or Friends.
Groom's Family,21,4,0,0,0,1,4,0,groom-family,1,95,3,4,8,12,Seat with Groom's Family. Keep children at the same table as their family.
Bride's Family,8,4,0,0,1,0,4,0,bride-family,1,95,3,4,8,12,Seat with Bride's Family. Keep children at the same table as their family.
Groom's Family,22,4,0,0,0,1,4,0,groom-family,1,95,3,4,8,12,Seat with Groom's Family. Keep children at the same table as their family.
Bride's Friends,34,2,0,0,0,0,3,0,friends,16,80,2,2,8,10,"Seat at a Friends table. If that suite is full, use General — not VIP / Head."
Other,35,1,0,0,0,2,1,0,general,1,95,1,2,8,10,Seat at a General table. Add chairs if the table is already at max_seats.
Groom's Family,35,4,0,0,1,1,4,0,groom-family,1,95,3,4,8,12,Seat with Groom's Family. Keep children at the same table as their family.
Groom's Family,38,4,0,1,0,1,4,0,groom-family,1,95,3,4,8,12,Seat with Groom's Family. Keep children at the same table as their family.
Bride's Family,46,4,0,0,0,0,4,0,bride-family,1,95,3,4,8,12,Seat with Bride's Family. Keep children at the same table as their family.
VIP,20,5,0,0,0,2,5,0,vip,16,90,5,5,6,12,Move this guest to a VIP / Head table. Do not seat VIP at General or Friends.
Bride's Colleagues,26,2,0,0,0,0,2,0,friends,16,80,2,2,8,10,"Seat at a Friends table. If that suite is full, use General — not VIP / Head."
Neighbours,36,1,1,0,0,2,1,0,general,1,95,1,2,8,10,Seat at a General table. Add chairs if the table is already at max_seats.
VIP,60,5,0,0,0,2,5,0,vip,16,90,5,5,6,12,Move this guest to a VIP / Head table. Do not seat VIP at General or Friends.
Groom's Family,12,4,0,0,0,1,4,0,groom-family,1,95,3,4,8,12,Seat with Groom's Family. Keep children at the same table as their family.
Bride's Friends,28,2,0,0,0,0,3,0,friends,16,80,2,2,8,10,"Seat at a Friends table. If that suite is full, use General — not VIP / Head."
VIP,37,5,0,0,0,2,5,0,vip,16,90,5,5,6,12,Move this guest to a VIP / Head table. Do not seat VIP at General or Friends.
Bride's Colleagues,43,2,0,0,0,0,2,0,friends,16,80,2,2,8,10,"Seat at a Friends table. If that suite is full, use General — not VIP / Head."
Groom's Family,35,4,0,0,0,1,4,0,groom-family,1,95,3,4,8,12,Seat with Groom's Family. Keep children at the same table as their family.
Other,26,1,1,0,0,2,1,0,general,1,95,1,2,8,10,Seat at a General table. Add chairs if the table is already at max_seats.
Groom's Family,39,4,0,0,0,1,4,0,groom-family,1,95,3,4,8,12,Seat with Groom's Family. Keep children at the same table as their family.
Bride's Family,68,4,0,0,0,0,4,0,bride-family,1,95,3,4,8,12,Seat with Bride's Family. Keep children at the same table as their family.
Other,35,1,0,0,0,2,1,0,general,1,95,1,2,8,10,Seat at a General table. Add chairs if the table is already at max_seats.
Other,35,1,0,0,0,2,1,0,general,1,95,1,2,8,10,Seat at a General table. Add chairs if the table is already at max_seats.
Groom's Family,75,4,0,0,0,1,4,0,groom-family,1,95,3,4,8,12,Seat with Groom's Family. Keep children at the same table as their family.
VIP,31,5,0,0,0,2,5,0,vip,16,90,5,5,6,12,Move this guest to a VIP / Head table. Do not seat VIP at General or Friends.
Other,29,1,0,0,0,2,1,0,general,1,95,1,2,8,10,Seat at a General table. Add chairs if the table is already at max_seats.
VIP,52,5,0,0,0,2,5,0,vip,16,90,5,5,6,12,Move this guest to a VIP / Head table. Do not seat VIP at General or Friends.
Relatives,12,3,1,0,0,2,4,0,bride-family,1,95,3,4,8,12,Seat with Bride's Family. Keep children at the same table as their family.
Bride's Family,73,4,0,0,0,0,4,0,bride-family,1,95,3,4,8,12,Seat with Bride's Family. Keep children at the same table as their family.
VIP,52,5,0,0,0,2,5,0,vip,16,90,5,5,6,12,Move this guest to a VIP / Head table. Do not seat VIP at General or Friends.
Bride's Family,32,4,0,0,0,0,4,0,bride-family,1,95,3,4,8,12,Seat with Bride's Family. Keep children at the same table as their family.
Neighbours,34,1,0,0,0,2,1,0,general,1,95,1,2,8,10,Seat at a General table. Add chairs if the table is already at max_seats.
Groom's Family,33,4,0,0,0,1,4,0,groom-family,1,95,3,4,8,12,Seat with Groom's Family. Keep children at the same table as their family.
VIP,60,5,0,0,1,2,5,0,vip,16,90,5,5,6,12,Move this guest to a VIP / Head table. Do not seat VIP at General or Friends.
Bride's Family,44,4,0,0,0,0,4,0,bride-family,1,95,3,4,8,12,Seat with Bride's Family. Keep children at the same table as their family.
VIP,51,5,0,0,1,2,5,0,vip,16,90,5,5,6,12,Move this guest to a VIP / Head table. Do not seat VIP at General or Friends.
Bride's Colleagues,34,2,0,1,0,0,2,0,friends,16,80,2,2,8,10,"Seat at a Friends table. If that suite is full, use General — not VIP / Head."
Neighbours,35,1,0,0,0,2,1,0,general,1,95,1,2,8,10,Seat at a General table. Add chairs if the table is already at max_seats.
VIP,50,5,0,0,0,2,5,0,vip,16,90,5,5,6,12,Move this guest to a VIP / Head table. Do not seat VIP at General or Friends.
Neighbours,35,1,0,0,0,2,1,0,general,1,95,1,2,8,10,Seat at a General table. Add chairs if the table is already at max_seats.
Other,26,1,0,0,1,2,1,0,general,1,95,1,2,8,10,Seat at a General table. Add chairs if the table is already at max_seats.
Bride's Colleagues,45,2,0,0,0,0,2,0,friends,16,80,2,2,8,10,"Seat at a Friends table. If that suite is full, use General — not VIP / Head."
Groom's Friends,25,2,1,0,0,1,3,0,friends,16,80,2,2,8,10,"Seat at a Friends table. If that suite is full, use General — not VIP / Head."
Relatives,46,3,1,0,0,2,4,0,groom-family,1,95,3,4,8,12,Seat with Groom's Family. Keep children at the same table as their family.
Bride's Family,37,4,0,0,0,0,4,0,bride-family,1,95,3,4,8,12,Seat with Bride's Family. Keep children at the same table as their family.
Groom's Friends,27,2,0,0,0,1,3,0,friends,16,80,2,2,8,10,"Seat at a Friends table. If that suite is full, use General — not VIP / Head."
Relatives,38,3,0,0,0,2,4,0,bride-family,1,95,3,4,8,12,Seat with Bride's Family. Keep children at the same table as their family.
Groom's Colleagues,38,2,0,0,0,1,2,0,friends,16,80,2,2,8,10,"Seat at a Friends table. If that suite is full, use General — not VIP / Head."
Bride's Family,43,4,0,0,1,0,4,1,bride-family,1,95,3,4,8,12,Seat with Bride's Family. Keep children at the same table as their family.
Bride's Family,24,4,0,0,0,0,4,0,bride-family,1,95,3,4,8,12,Seat with Bride's Family. Keep children at the same table as their family.
VIP,39,5,0,0,1,2,5,0,vip,16,90,5,5,6,12,Move this guest to a VIP / Head table. Do not seat VIP at General or Friends.
Bride's Colleagues,35,2,0,0,1,0,2,0,friends,16,80,2,2,8,10,"Seat at a Friends table. If that suite is full, use General — not VIP / Head."
Groom's Family,49,4,0,0,0,1,4,0,groom-family,1,95,3,4,8,12,Seat with Groom's Family. Keep children at the same table as their family.
VIP,58,5,0,0,0,2,5,0,vip,16,90,5,5,6,12,Move this guest to a VIP / Head table. Do not seat VIP at General or Friends.
Relatives,35,3,0,0,0,2,4,0,bride-family,1,95,3,4,8,12,Seat with Bride's Family. Keep children at the same table as their family.
Groom's Friends,33,2,0,0,0,1,3,0,friends,16,80,2,2,8,10,"Seat at a Friends table. If that suite is full, use General — not VIP / Head."
Other,35,1,0,0,0,2,1,0,general,1,95,1,2,8,10,Seat at a General table. Add chairs if the table is already at max_seats.
Groom's Family,45,4,0,0,0,1,4,0,groom-family,1,95,3,4,8,12,Seat with Groom's Family. Keep children at the same table as their family.
Neighbours,45,1,0,1,0,2,1,0,general,1,95,1,2,8,10,Seat at a General table. Add chairs if the table is already at max_seats.
Other,65,1,0,0,0,2,1,0,general,1,95,1,2,8,10,Seat at a General table. Add chairs if the table is already at max_seats.
VIP,41,5,0,0,0,2,5,0,vip,16,90,5,5,6,12,Move this guest to a VIP / Head table. Do not seat VIP at General or Friends.
Bride's Colleagues,32,2,0,0,1,0,2,0,friends,16,80,2,2,8,10,"Seat at a Friends table. If that suite is full, use General — not VIP / Head."
Bride's Family,41,4,0,0,1,0,4,0,bride-family,1,95,3,4,8,12,Seat with Bride's Family. Keep children at the same table as their family.
Relatives,53,3,0,0,0,2,4,0,bride-family,1,95,3,4,8,12,Seat with Bride's Family. Keep children at the same table as their family.
Groom's Family,35,4,0,0,0,1,4,0,groom-family,1,95,3,4,8,12,Seat with Groom's Family. Keep children at the same table as their family.
Groom's Family,23,4,0,0,0,1,4,0,groom-family,1,95,3,4,8,12,Seat with Groom's Family. Keep children at the same table as their family.
Groom's Family,64,4,0,0,0,1,4,0,groom-family,1,95,3,4,8,12,Seat with Groom's Family. Keep children at the same table as their family.
Other,35,1,0,0,0,2,1,0,general,1,95,1,2,8,10,Seat at a General table. Add chairs if the table is already at max_seats.
Neighbours,50,1,0,0,0,2,1,0,general,1,95,1,2,8,10,Seat at a General table. Add chairs if the table is already at max_seats.
Bride's Family,50,4,0,0,0,0,4,0,bride-family,1,95,3,4,8,12,Seat with Bride's Family. Keep children at the same table as their family.
Neighbours,43,1,0,0,1,2,1,0,general,1,95,1,2,8,10,Seat at a General table. Add chairs if the table is already at max_seats.
Other,22,1,0,0,0,2,1,0,general,1,95,1,2,8,10,Seat at a General table. Add chairs if the table is already at max_seats.
Groom's Family,72,4,0,0,1,1,4,0,groom-family,1,95,3,4,8,12,Seat with Groom's Family. Keep children at the same table as their family.
Relatives,22,3,0,0,0,2,4,0,groom-family,1,95,3,4,8,12,Seat with Groom's Family. Keep children at the same table as their family.
Bride's Colleagues,43,2,0,0,0,0,2,0,friends,16,80,2,2,8,10,"Seat at a Friends table. If that suite is full, use General — not VIP / Head."
Groom's Friends,26,2,0,0,0,1,3,0,friends,16,80,2,2,8,10,"Seat at a Friends table. If that suite is full, use General — not VIP / Head."
Bride's Colleagues,29,2,0,0,0,0,2,0,friends,16,80,2,2,8,10,"Seat at a Friends table. If that suite is full, use General — not VIP / Head."
Groom's Family,45,4,0,0,0,1,4,0,groom-family,1,95,3,4,8,12,Seat with Groom's Family. Keep children at the same table as their family.
Bride's Family,25,4,1,0,0,0,4,0,bride-family,1,95,3,4,8,12,Seat with Bride's Family. Keep children at the same table as their family.
Groom's Friends,28,2,0,0,0,1,3,0,friends,16,80,2,2,8,10,"Seat at a Friends table. If that suite is full, use General — not VIP / Head."
VIP,71,5,0,0,0,2,5,0,vip,16,90,5,5,6,12,Move this guest to a VIP / Head table. Do not seat VIP at General or Friends.
Relatives,47,3,0,1,0,2,4,0,bride-family,1,95,3,4,8,12,Seat with Bride's Family. Keep children at the same table as their family.
Bride's Family,4,4,0,0,0,0,4,1,bride-family,1,95,3,4,8,12,Seat with Bride's Family. Keep children at the same table as their family.
Bride's Family,51,4,0,0,0,0,4,0,bride-family,1,95,3,4,8,12,Seat with Bride's Family. Keep children at the same table as their family.
VIP,54,5,0,0,0,2,5,0,vip,16,90,5,5,6,12,Move this guest to a VIP / Head table. Do not seat VIP at General or Friends.
VIP,22,5,0,0,0,2,5,0,vip,16,90,5,5,6,12,Move this guest to a VIP / Head table. Do not seat VIP at General or Friends.
Groom's Friends,35,2,0,0,0,1,3,0,friends,16,80,2,2,8,10,"Seat at a Friends table. If that suite is full, use General — not VIP / Head."
Groom's Family,73,4,1,1,0,1,4,0,groom-family,1,95,3,4,8,12,Seat with Groom's Family. Keep children at the same table as their family.
Bride's Colleagues,30,2,0,0,0,0,2,0,friends,16,80,2,2,8,10,"Seat at a Friends table. If that suite is full, use General — not VIP / Head."
VIP,63,5,0,0,0,2,5,0,vip,16,90,5,5,6,12,Move this guest to a VIP / Head table. Do not seat VIP at General or Friends.
Bride's Family,56,4,0,0,0,0,4,0,bride-family,1,95,3,4,8,12,Seat with Bride's Family. Keep children at the same table as their family.
Bride's Colleagues,27,2,0,0,0,0,2,0,friends,16,80,2,2,8,10,"Seat at a Friends table. If that suite is full, use General — not VIP / Head."
VIP,21,5,0,0,0,2,5,0,vip,16,90,5,5,6,12,Move this guest to a VIP / Head table. Do not seat VIP at General or Friends.
Groom's Family,32,4,0,0,0,1,4,0,groom-family,1,95,3,4,8,12,Seat with Groom's Family. Keep children at the same table as their family.
Bride's Family,12,4,0,0,0,0,4,0,bride-family,1,95,3,4,8,12,Seat with Bride's Family. Keep children at the same table as their family.
VIP,35,5,0,0,0,2,5,0,vip,16,90,5,5,6,12,Move this guest to a VIP / Head table. Do not seat VIP at General or Friends.
VIP,44,5,0,0,0,2,5,0,vip,16,90,5,5,6,12,Move this guest to a VIP / Head table. Do not seat VIP at General or Friends.
VIP,70,5,0,0,0,2,5,0,vip,16,90,5,5,6,12,Move this guest to a VIP / Head table. Do not seat VIP at General or Friends.
Relatives,47,3,0,1,0,2,4,0,bride-family,1,95,3,4,8,12,Seat with Bride's Family. Keep children at the same table as their family.
Bride's Friends,28,2,1,0,0,0,3,0,friends,16,80,2,2,8,10,"Seat at a Friends table. If that suite is full, use General — not VIP / Head."
VIP,35,5,0,0,0,2,5,0,vip,16,90,5,5,6,12,Move this guest to a VIP / Head table. Do not seat VIP at General or Friends.
Bride's Colleagues,35,2,0,0,1,0,2,0,friends,16,80,2,2,8,10,"Seat at a Friends table. If that suite is full, use General — not VIP / Head."
VIP,19,5,0,0,0,2,5,0,vip,16,90,5,5,6,12,Move this guest to a VIP / Head table. Do not seat VIP at General or Friends.
Groom's Family,75,4,0,1,0,1,4,0,groom-family,1,95,3,4,8,12,Seat with Groom's Family. Keep children at the same table as their family.
Groom's Family,79,4,0,0,0,1,4,0,groom-family,1,95,3,4,8,12,Seat with Groom's Family. Keep children at the same table as their family.
Groom's Family,74,4,0,0,0,1,4,0,groom-family,1,95,3,4,8,12,Seat with Groom's Family. Keep children at the same table as their family.
Groom's Family,27,4,0,0,0,1,4,0,groom-family,1,95,3,4,8,12,Seat with Groom's Family. Keep children at the same table as their family.
Other,32,1,0,0,0,2,1,0,general,1,95,1,2,8,10,Seat at a General table. Add chairs if the table is already at max_seats.
VIP,35,5,0,0,1,2,5,0,vip,16,90,5,5,6,12,Move this guest to a VIP / Head table. Do not seat VIP at General or Friends.
VIP,59,5,0,0,0,2,5,0,vip,16,90,5,5,6,12,Move this guest to a VIP / Head table. Do not seat VIP at General or Friends.
Neighbours,35,1,0,0,0,2,1,0,general,1,95,1,2,8,10,Seat at a General table. Add chairs if the table is already at max_seats.
Other,49,1,0,0,0,2,1,0,general,1,95,1,2,8,10,Seat at a General table. Add chairs if the table is already at max_seats.
VIP,49,5,0,0,0,2,5,0,vip,16,90,5,5,6,12,Move this guest to a VIP / Head table. Do not seat VIP at General or Friends.
Bride's Family,59,4,1,0,0,0,4,0,bride-family,1,95,3,4,8,12,Seat with Bride's Family. Keep children at the same table as their family.
Neighbours,35,1,0,0,1,2,1,0,general,1,95,1,2,8,10,Seat at a General table. Add chairs if the table is already at max_seats.
VIP,61,5,0,0,0,2,5,0,vip,16,90,5,5,6,12,Move this guest to a VIP / Head table. Do not seat VIP at General or Friends.
Bride's Family,80,4,0,0,0,0,4,0,bride-family,1,95,3,4,8,12,Seat with Bride's Family. Keep children at the same table as their family.
Other,27,1,0,0,0,2,1,0,general,1,95,1,2,8,10,Seat at a General table. Add chairs if the table is already at max_seats.
Relatives,70,3,1,0,0,2,4,0,bride-family,1,95,3,4,8,12,Seat with Bride's Family. Keep children at the same table as their family.
Neighbours,46,1,0,0,0,2,1,0,general,1,95,1,2,8,10,Seat at a General table. Add chairs if the table is already at max_seats.
Bride's Friends,36,2,0,0,0,0,3,0,friends,16,80,2,2,8,10,"Seat at a Friends table. If that suite is full, use General — not VIP / Head."
VIP,40,5,0,0,0,2,5,0,vip,16,90,5,5,6,12,Move this guest to a VIP / Head table. Do not seat VIP at General or Friends.
Bride's Friends,39,2,0,0,0,0,3,0,friends,16,80,2,2,8,10,"Seat at a Friends table. If that suite is full, use General — not VIP / Head."
VIP,48,5,0,0,0,2,5,0,vip,16,90,5,5,6,12,Move this guest to a VIP / Head table. Do not seat VIP at General or Friends.
Bride's Family,32,4,0,0,0,0,4,0,bride-family,1,95,3,4,8,12,Seat with Bride's Family. Keep children at the same table as their family.
Groom's Family,22,4,0,0,0,1,4,0,groom-family,1,95,3,4,8,12,Seat with Groom's Family. Keep children at the same table as their family.
Neighbours,28,1,0,0,0,2,1,0,general,1,95,1,2,8,10,Seat at a General table. Add chairs if the table is already at max_seats.
Other,24,1,0,0,0,2,1,0,general,1,95,1,2,8,10,Seat at a General table. Add chairs if the table is already at max_seats.
VIP,60,5,0,0,0,2,5,0,vip,16,90,5,5,6,12,Move this guest to a VIP / Head table. Do not seat VIP at General or Friends.
Bride's Family,18,4,0,0,0,0,4,0,bride-family,1,95,3,4,8,12,Seat with Bride's Family. Keep children at the same table as their family.
Relatives,35,3,0,0,0,2,4,0,groom-family,1,95,3,4,8,12,Seat with Groom's Family. Keep children at the same table as their family.
Bride's Family,46,4,0,0,0,0,4,0,bride-family,1,95,3,4,8,12,Seat with Bride's Family. Keep children at the same table as their family.
Other,17,1,0,0,0,2,1,0,general,1,95,1,2,8,10,Seat at a General table. Add chairs if the table is already at max_seats.
Bride's Family,47,4,0,0,0,0,4,0,bride-family,1,95,3,4,8,12,Seat with Bride's Family. Keep children at the same table as their family.
Other,46,1,1,0,0,2,1,0,general,1,95,1,2,8,10,Seat at a General table. Add chairs if the table is already at max_seats.
VIP,19,5,0,0,1,2,5,1,vip,16,90,5,5,6,12,Move this guest to a VIP / Head table. Do not seat VIP at General or Friends.
Groom's Family,35,4,0,0,0,1,4,0,groom-family,1,95,3,4,8,12,Seat with Groom's Family. Keep children at the same table as their family.
Relatives,23,3,0,0,0,2,4,0,bride-family,1,95,3,4,8,12,Seat with Bride's Family. Keep children at the same table as their family.
Relatives,38,3,0,0,0,2,4,0,bride-family,1,95,3,4,8,12,Seat with Bride's Family. Keep children at the same table as their family.
Bride's Friends,40,2,0,0,0,0,3,0,friends,16,80,2,2,8,10,"Seat at a Friends table. If that suite is full, use General — not VIP / Head."
Bride's Family,49,4,1,0,0,0,4,0,bride-family,1,95,3,4,8,12,Seat with Bride's Family. Keep children at the same table as their family.
Bride's Friends,31,2,0,0,0,0,3,0,friends,16,80,2,2,8,10,"Seat at a Friends table. If that suite is full, use General — not VIP / Head."
VIP,52,5,0,0,1,2,5,0,vip,16,90,5,5,6,12,Move this guest to a VIP / Head table. Do not seat VIP at General or Friends.
Bride's Family,46,4,0,0,1,0,4,0,bride-family,1,95,3,4,8,12,Seat with Bride's Family. Keep children at the same table as their family.
VIP,33,5,0,0,0,2,5,0,vip,16,90,5,5,6,12,Move this guest to a VIP / Head table. Do not seat VIP at General or Friends.
Groom's Family,26,4,0,0,0,1,4,0,groom-family,1,95,3,4,8,12,Seat with Groom's Family. Keep children at the same table as their family.
Other,45,1,0,0,0,2,1,0,general,1,95,1,2,8,10,Seat at a General table. Add chairs if the table is already at max_seats.
Relatives,21,3,0,0,0,2,4,0,groom-family,1,95,3,4,8,12,Seat with Groom's Family. Keep children at the same table as their family.
Groom's Family,35,4,0,0,0,1,4,0,groom-family,1,95,3,4,8,12,Seat with Groom's Family. Keep children at the same table as their family.
Groom's Colleagues,30,2,0,0,1,1,2,0,friends,16,80,2,2,8,10,"Seat at a Friends table. If that suite is full, use General — not VIP / Head."
Relatives,67,3,0,0,0,2,4,0,bride-family,1,95,3,4,8,12,Seat with Bride's Family. Keep children at the same table as their family.
Relatives,59,3,0,0,0,2,4,0,groom-family,1,95,3,4,8,12,Seat with Groom's Family. Keep children at the same table as their family.
Groom's Family,35,4,0,0,1,1,4,0,groom-family,1,95,3,4,8,12,Seat with Groom's Family. Keep children at the same table as their family.
Bride's Colleagues,45,2,0,0,0,0,2,0,friends,16,80,2,2,8,10,"Seat at a Friends table. If that suite is full, use General — not VIP / Head."
Other,34,1,0,0,1,2,1,0,general,1,95,1,2,8,10,Seat at a General table. Add chairs if the table is already at max_seats.
Relatives,26,3,0,0,1,2,4,0,groom-family,1,95,3,4,8,12,Seat with Groom's Family. Keep children at the same table as their family.
VIP,75,5,0,0,1,2,5,0,vip,16,90,5,5,6,12,Move this guest to a VIP / Head table. Do not seat VIP at General or Friends.
Relatives,35,3,0,0,0,2,4,0,groom-family,1,95,3,4,8,12,Seat with Groom's Family. Keep children at the same table as their family.
Other,11,1,0,0,0,2,1,0,general,1,95,1,2,8,10,Seat at a General table. Add chairs if the table is already at max_seats.
Other,25,1,0,0,0,2,1,0,general,1,95,1,2,8,10,Seat at a General table. Add chairs if the table is already at max_seats.
Relatives,53,3,0,0,0,2,4,0,groom-family,1,95,3,4,8,12,Seat with Groom's Family. Keep children at the same table as their family.
Groom's Family,48,4,0,0,0,1,4,0,groom-family,1,95,3,4,8,12,Seat with Groom's Family. Keep children at the same table as their family.
Bride's Friends,28,2,0,1,0,0,3,0,friends,16,80,2,2,8,10,"Seat at a Friends table. If that suite is full, use General — not VIP / Head."
Relatives,70,3,0,0,0,2,4,0,groom-family,1,95,3,4,8,12,Seat with Groom's Family. Keep children at the same table as their family.
Neighbours,40,1,0,0,1,2,1,0,general,1,95,1,2,8,10,Seat at a General table. Add chairs if the table is already at max_seats.
Groom's Friends,26,2,0,0,0,1,3,0,friends,16,80,2,2,8,10,"Seat at a Friends table. If that suite is full, use General — not VIP / Head."
Relatives,50,3,0,0,0,2,4,0,groom-family,1,95,3,4,8,12,Seat with Groom's Family. Keep children at the same table as their family.
Neighbours,32,1,0,0,0,2,1,0,general,1,95,1,2,8,10,Seat at a General table. Add chairs if the table is already at max_seats.
Relatives,35,3,0,0,1,2,4,0,bride-family,1,95,3,4,8,12,Seat with Bride's Family. Keep children at the same table as their family.
Relatives,22,3,0,0,1,2,4,0,groom-family,1,95,3,4,8,12,Seat with Groom's Family. Keep children at the same table as their family.
VIP,35,5,0,0,0,2,5,0,vip,16,90,5,5,6,12,Move this guest to a VIP / Head table. Do not seat VIP at General or Friends.
Bride's Colleagues,25,2,1,0,0,0,2,0,friends,16,80,2,2,8,10,"Seat at a Friends table. If that suite is full, use General — not VIP / Head."
Relatives,35,3,0,1,0,2,4,0,bride-family,1,95,3,4,8,12,Seat with Bride's Family. Keep children at the same table as their family.
VIP,46,5,0,0,0,2,5,0,vip,16,90,5,5,6,12,Move this guest to a VIP / Head table. Do not seat VIP at General or Friends.
Groom's Friends,35,2,0,0,0,1,3,0,friends,16,80,2,2,8,10,"Seat at a Friends table. If that suite is full, use General — not VIP / Head."
VIP,45,5,0,0,1,2,5,0,vip,16,90,5,5,6,12,Move this guest to a VIP / Head table. Do not seat VIP at General or Friends.
Neighbours,59,1,0,0,0,2,1,0,general,1,95,1,2,8,10,Seat at a General table. Add chairs if the table is already at max_seats.
Groom's Family,31,4,1,0,0,1,4,0,groom-family,1,95,3,4,8,12,Seat with Groom's Family. Keep children at the same table as their family.
Groom's Family,35,4,0,0,0,1,4,0,groom-family,1,95,3,4,8,12,Seat with Groom's Family. Keep children at the same table as their family.
Groom's Family,21,4,0,1,0,1,4,0,groom-family,1,95,3,4,8,12,Seat with Groom's Family. Keep children at the same table as their family.
Relatives,35,3,0,0,0,2,4,0,groom-family,1,95,3,4,8,12,Seat with Groom's Family. Keep children at the same table as their family.
Neighbours,41,1,0,0,0,2,1,0,general,1,95,1,2,8,10,Seat at a General table. Add chairs if the table is already at max_seats.
Other,35,1,0,0,0,2,1,0,general,1,95,1,2,8,10,Seat at a General table. Add chairs if the table is already at max_seats.
Groom's Family,39,4,0,0,0,1,4,0,groom-family,1,95,3,4,8,12,Seat with Groom's Family. Keep children at the same table as their family.
Bride's Family,68,4,0,0,0,0,4,0,bride-family,1,95,3,4,8,12,Seat with Bride's Family. Keep children at the same table as their family.
VIP,45,5,0,0,0,2,5,0,vip,16,90,5,5,6,12,Move this guest to a VIP / Head table. Do not seat VIP at General or Friends.
Bride's Colleagues,32,2,0,0,0,0,2,0,friends,16,80,2,2,8,10,"Seat at a Friends table. If that suite is full, use General — not VIP / Head."
Other,35,1,0,0,0,2,1,0,general,1,95,1,2,8,10,Seat at a General table. Add chairs if the table is already at max_seats.
VIP,35,5,0,0,1,2,5,0,vip,16,90,5,5,6,12,Move this guest to a VIP / Head table. Do not seat VIP at General or Friends.
Groom's Friends,35,2,0,0,0,1,3,0,friends,16,80,2,2,8,10,"Seat at a Friends table. If that suite is full, use General — not VIP / Head."
Relatives,38,3,0,0,0,2,4,0,groom-family,1,95,3,4,8,12,Seat with Groom's Family. Keep children at the same table as their family.
Groom's Family,68,4,0,0,0,1,4,0,groom-family,1,95,3,4,8,12,Seat with Groom's Family. Keep children at the same table as their family.
Neighbours,37,1,0,0,0,2,1,0,general,1,95,1,2,8,10,Seat at a General table. Add chairs if the table is already at max_seats.
Groom's Family,29,4,0,0,0,1,4,0,groom-family,1,95,3,4,8,12,Seat with Groom's Family. Keep children at the same table as their family.
VIP,21,5,0,0,0,2,5,0,vip,16,90,5,5,6,12,Move this guest to a VIP / Head table. Do not seat VIP at General or Friends.
Bride's Family,63,4,0,0,1,0,4,0,bride-family,1,95,3,4,8,12,Seat with Bride's Family. Keep children at the same table as their family.
Relatives,35,3,0,0,0,2,4,0,groom-family,1,95,3,4,8,12,Seat with Groom's Family. Keep children at the same table as their family.
Bride's Colleagues,40,2,0,0,0,0,2,0,friends,16,80,2,2,8,10,"Seat at a Friends table. If that suite is full, use General — not VIP / Head."
Groom's Colleagues,35,2,0,0,1,1,2,0,friends,16,80,2,2,8,10,"Seat at a Friends table. If that suite is full, use General — not VIP / Head."
Other,12,1,0,0,1,2,1,0,general,1,95,1,2,8,10,Seat at a General table. Add chairs if the table is already at max_seats.
Bride's Family,61,4,0,0,0,0,4,0,bride-family,1,95,3,4,8,12,Seat with Bride's Family. Keep children at the same table as their family.
Relatives,22,3,0,0,0,2,4,0,bride-family,1,95,3,4,8,12,Seat with Bride's Family. Keep children at the same table as their family.
Neighbours,40,1,0,0,0,2,1,0,general,1,95,1,2,8,10,Seat at a General table. Add chairs if the table is already at max_seats.
Groom's Family,35,4,0,0,0,1,4,0,groom-family,1,95,3,4,8,12,Seat with Groom's Family. Keep children at the same table as their family.
Groom's Colleagues,35,2,1,0,0,1,2,0,friends,16,80,2,2,8,10,"Seat at a Friends table. If that suite is full, use General — not VIP / Head."
Groom's Colleagues,36,2,0,0,0,1,2,0,friends,16,80,2,2,8,10,"Seat at a Friends table. If that suite is full, use General — not VIP / Head."
VIP,53,5,0,0,0,2,5,0,vip,16,90,5,5,6,12,Move this guest to a VIP / Head table. Do not seat VIP at General or Friends.
Other,68,1,0,0,0,2,1,0,general,1,95,1,2,8,10,Seat at a General table. Add chairs if the table is already at max_seats.
Groom's Family,38,4,0,0,0,1,4,0,groom-family,1,95,3,4,8,12,Seat with Groom's Family. Keep children at the same table as their family.
Relatives,36,3,1,0,0,2,4,0,bride-family,1,95,3,4,8,12,Seat with Bride's Family. Keep children at the same table as their family.
Bride's Family,35,4,0,0,0,0,4,0,bride-family,1,95,3,4,8,12,Seat with Bride's Family. Keep children at the same table as their family.
Bride's Colleagues,27,2,0,0,0,0,2,0,friends,16,80,2,2,8,10,"Seat at a Friends table. If that suite is full, use General — not VIP / Head."
Groom's Colleagues,34,2,0,0,0,1,2,0,friends,16,80,2,2,8,10,"Seat at a Friends table. If that suite is full, use General — not VIP / Head."
Groom's Friends,23,2,0,0,0,1,3,0,friends,16,80,2,2,8,10,"Seat at a Friends table. If that suite is full, use General — not VIP / Head."
Bride's Family,48,4,1,0,0,0,4,0,bride-family,1,95,3,4,8,12,Seat with Bride's Family. Keep children at the same table as their family.
Neighbours,28,1,0,1,0,2,1,0,general,1,95,1,2,8,10,Seat at a General table. Add chairs if the table is already at max_seats.
Relatives,4,3,0,0,0,2,4,1,bride-family,1,95,3,4,8,12,Seat with Bride's Family. Keep children at the same table as their family.
Bride's Family,52,4,0,0,0,0,4,0,bride-family,1,95,3,4,8,12,Seat with Bride's Family. Keep children at the same table as their family.
VIP,54,5,1,1,0,2,5,1,vip,16,90,5,5,6,12,Move this guest to a VIP / Head table. Do not seat VIP at General or Friends.
Other,35,1,0,0,0,2,1,0,general,1,95,1,2,8,10,Seat at a General table. Add chairs if the table is already at max_seats.
Groom's Friends,23,2,0,0,0,1,3,0,friends,16,80,2,2,8,10,"Seat at a Friends table. If that suite is full, use General — not VIP / Head."
Relatives,24,3,0,0,1,2,4,0,groom-family,1,95,3,4,8,12,Seat with Groom's Family. Keep children at the same table as their family.
VIP,65,5,0,0,0,2,5,0,vip,16,90,5,5,6,12,Move this guest to a VIP / Head table. Do not seat VIP at General or Friends.
Bride's Family,44,4,0,0,0,0,4,0,bride-family,1,95,3,4,8,12,Seat with Bride's Family. Keep children at the same table as their family.
Groom's Friends,32,2,0,0,0,1,3,0,friends,16,80,2,2,8,10,"Seat at a Friends table. If that suite is full, use General — not VIP / Head."
VIP,49,5,0,0,0,2,5,0,vip,16,90,5,5,6,12,Move this guest to a VIP / Head table. Do not seat VIP at General or Friends.
Groom's Family,35,4,0,0,0,1,4,0,groom-family,1,95,3,4,8,12,Seat with Groom's Family. Keep children at the same table as their family.
Groom's Friends,38,2,0,0,0,1,3,0,friends,16,80,2,2,8,10,"Seat at a Friends table. If that suite is full, use General — not VIP / Head."
Bride's Family,69,4,0,0,0,0,4,0,bride-family,1,95,3,4,8,12,Seat with Bride's Family. Keep children at the same table as their family.
Relatives,49,3,0,0,1,2,4,0,groom-family,1,95,3,4,8,12,Seat with Groom's Family. Keep children at the same table as their family.
Groom's Family,32,4,0,0,0,1,4,0,groom-family,1,95,3,4,8,12,Seat with Groom's Family. Keep children at the same table as their family.
Groom's Colleagues,35,2,0,0,0,1,2,0,friends,16,80,2,2,8,10,"Seat at a Friends table. If that suite is full, use General — not VIP / Head."
Groom's Family,57,4,0,0,1,1,4,0,groom-family,1,95,3,4,8,12,Seat with Groom's Family. Keep children at the same table as their family.
Groom's Friends,27,2,0,0,0,1,3,0,friends,16,80,2,2,8,10,"Seat at a Friends table. If that suite is full, use General — not VIP / Head."
VIP,60,5,0,0,0,2,5,0,vip,16,90,5,5,6,12,Move this guest to a VIP / Head table. Do not seat VIP at General or Friends.
Relatives,23,3,0,0,0,2,4,0,groom-family,1,95,3,4,8,12,Seat with Groom's Family. Keep children at the same table as their family.
Bride's Colleagues,41,2,0,0,0,0,2,0,friends,16,80,2,2,8,10,"Seat at a Friends table. If that suite is full, use General — not VIP / Head."
Other,35,1,0,0,0,2,1,0,general,1,95,1,2,8,10,Seat at a General table. Add chairs if the table is already at max_seats.
Groom's Family,35,4,0,0,0,1,4,0,groom-family,1,95,3,4,8,12,Seat with Groom's Family. Keep children at the same table as their family.
Groom's Friends,34,2,0,0,0,1,3,0,friends,16,80,2,2,8,10,"Seat at a Friends table. If that suite is full, use General — not VIP / Head."
Relatives,8,3,0,0,0,2,4,0,bride-family,1,95,3,4,8,12,Seat with Bride's Family. Keep children at the same table as their family.
Groom's Family,56,4,0,0,0,1,4,0,groom-family,1,95,3,4,8,12,Seat with Groom's Family. Keep children at the same table as their family.
Other,39,1,0,0,0,2,1,0,general,1,95,1,2,8,10,Seat at a General table. Add chairs if the table is already at max_seats.
VIP,47,5,1,0,0,2,5,0,vip,16,90,5,5,6,12,Move this guest to a VIP / Head table. Do not seat VIP at General or Friends.
Groom's Family,35,4,0,0,0,1,4,0,groom-family,1,95,3,4,8,12,Seat with Groom's Family. Keep children at the same table as their family.
Groom's Colleagues,34,2,0,1,0,1,2,0,friends,16,80,2,2,8,10,"Seat at a Friends table. If that suite is full, use General — not VIP / Head."
VIP,25,5,0,0,0,2,5,1,vip,16,90,5,5,6,12,Move this guest to a VIP / Head table. Do not seat VIP at General or Friends.
Groom's Friends,34,2,0,0,0,1,3,0,friends,16,80,2,2,8,10,"Seat at a Friends table. If that suite is full, use General — not VIP / Head."
VIP,35,5,0,1,0,2,5,0,vip,16,90,5,5,6,12,Move this guest to a VIP / Head table. Do not seat VIP at General or Friends.
Bride's Family,63,4,0,0,0,0,4,0,bride-family,1,95,3,4,8,12,Seat with Bride's Family. Keep children at the same table as their family.
Bride's Family,38,4,0,0,0,0,4,0,bride-family,1,95,3,4,8,12,Seat with Bride's Family. Keep children at the same table as their family.
Other,41,1,0,0,0,2,1,0,general,1,95,1,2,8,10,Seat at a General table. Add chairs if the table is already at max_seats.
Groom's Family,45,4,0,0,0,1,4,0,groom-family,1,95,3,4,8,12,Seat with Groom's Family. Keep children at the same table as their family.
Relatives,64,3,0,0,0,2,4,0,groom-family,1,95,3,4,8,12,Seat with Groom's Family. Keep children at the same table as their family.
Bride's Family,52,4,0,0,0,0,4,0,bride-family,1,95,3,4,8,12,Seat with Bride's Family. Keep children at the same table as their family.
Groom's Friends,34,2,0,0,0,1,3,0,friends,16,80,2,2,8,10,"Seat at a Friends table. If that suite is full, use General — not VIP / Head."
Neighbours,33,1,0,0,0,2,1,0,general,1,95,1,2,8,10,Seat at a General table. Add chairs if the table is already at max_seats.
VIP,45,5,0,0,1,2,5,0,vip,16,90,5,5,6,12,Move this guest to a VIP / Head table. Do not seat VIP at General or Friends.
Bride's Family,44,4,0,0,0,0,4,0,bride-family,1,95,3,4,8,12,Seat with Bride's Family. Keep children at the same table as their family.
Groom's Family,81,4,0,0,0,1,4,0,groom-family,1,95,3,4,8,12,Seat with Groom's Family. Keep children at the same table as their family.
Bride's Colleagues,35,2,1,0,0,0,2,0,friends,16,80,2,2,8,10,"Seat at a Friends table. If that suite is full, use General — not VIP / Head."
Bride's Family,41,4,0,0,0,0,4,0,bride-family,1,95,3,4,8,12,Seat with Bride's Family. Keep children at the same table as their family.
Neighbours,31,1,0,0,1,2,1,0,general,1,95,1,2,8,10,Seat at a General table. Add chairs if the table is already at max_seats.
Bride's Family,20,4,0,0,0,0,4,0,bride-family,1,95,3,4,8,12,Seat with Bride's Family. Keep children at the same table as their family.
Neighbours,71,1,0,0,1,2,1,0,general,1,95,1,2,8,10,Seat at a General table. Add chairs if the table is already at max_seats.
Relatives,46,3,0,0,1,2,4,0,groom-family,1,95,3,4,8,12,Seat with Groom's Family. Keep children at the same table as their family.
Bride's Family,34,4,1,0,0,0,4,0,bride-family,1,95,3,4,8,12,Seat with Bride's Family. Keep children at the same table as their family.
Bride's Friends,32,2,0,0,0,0,3,0,friends,16,80,2,2,8,10,"Seat at a Friends table. If that suite is full, use General — not VIP / Head."
Other,35,1,0,0,0,2,1,0,general,1,95,1,2,8,10,Seat at a General table. Add chairs if the table is already at max_seats.
Neighbours,59,1,0,0,1,2,1,0,general,1,95,1,2,8,10,Seat at a General table. Add chairs if the table is already at max_seats.
Groom's Family,71,4,0,0,0,1,4,0,groom-family,1,95,3,4,8,12,Seat with Groom's Family. Keep children at the same table as their family.
Bride's Friends,27,2,0,0,0,0,3,0,friends,16,80,2,2,8,10,"Seat at a Friends table. If that suite is full, use General — not VIP / Head."
Groom's Friends,29,2,0,0,1,1,3,0,friends,16,80,2,2,8,10,"Seat at a Friends table. If that suite is full, use General — not VIP / Head."
Bride's Family,70,4,0,0,0,0,4,0,bride-family,1,95,3,4,8,12,Seat with Bride's Family. Keep children at the same table as their family.
Groom's Family,30,4,0,0,0,1,4,0,groom-family,1,95,3,4,8,12,Seat with Groom's Family. Keep children at the same table as their family.
Bride's Family,48,4,0,1,0,0,4,0,bride-family,1,95,3,4,8,12,Seat with Bride's Family. Keep children at the same table as their family.
Groom's Colleagues,40,2,0,0,1,1,2,0,friends,16,80,2,2,8,10,"Seat at a Friends table. If that suite is full, use General — not VIP / Head."
Bride's Friends,26,2,1,0,0,0,3,0,friends,16,80,2,2,8,10,"Seat at a Friends table. If that suite is full, use General — not VIP / Head."
Relatives,50,3,0,1,0,2,4,0,bride-family,1,95,3,4,8,12,Seat with Bride's Family. Keep children at the same table as their family.
VIP,71,5,0,0,0,2,5,0,vip,16,90,5,5,6,12,Move this guest to a VIP / Head table. Do not seat VIP at General or Friends.
Neighbours,52,1,0,0,0,2,1,0,general,1,95,1,2,8,10,Seat at a General table. Add chairs if the table is already at max_seats.
Bride's Family,26,4,0,0,0,0,4,0,bride-family,1,95,3,4,8,12,Seat with Bride's Family. Keep children at the same table as their family.
Other,27,1,0,0,1,2,1,0,general,1,95,1,2,8,10,Seat at a General table. Add chairs if the table is already at max_seats.
Bride's Colleagues,35,2,0,0,1,0,2,0,friends,16,80,2,2,8,10,"Seat at a Friends table. If that suite is full, use General — not VIP / Head."
VIP,61,5,0,0,0,2,5,0,vip,16,90,5,5,6,12,Move this guest to a VIP / Head table. Do not seat VIP at General or Friends.
Relatives,30,3,0,0,0,2,4,0,bride-family,1,95,3,4,8,12,Seat with Bride's Family. Keep children at the same table as their family.
VIP,71,5,1,0,0,2,5,0,vip,16,90,5,5,6,12,Move this guest to a VIP / Head table. Do not seat VIP at General or Friends.
VIP,32,5,0,0,0,2,5,0,vip,16,90,5,5,6,12,Move this guest to a VIP / Head table. Do not seat VIP at General or Friends.
Relatives,10,3,0,0,0,2,4,0,bride-family,1,95,3,4,8,12,Seat with Bride's Family. Keep children at the same table as their family.
Bride's Friends,38,2,0,0,0,0,3,0,friends,16,80,2,2,8,10,"Seat at a Friends table. If that suite is full, use General — not VIP / Head."
Relatives,32,3,1,0,0,2,4,0,bride-family,1,95,3,4,8,12,Seat with Bride's Family. Keep children at the same table as their family.
Relatives,27,3,1,1,0,2,4,0,bride-family,1,95,3,4,8,12,Seat with Bride's Family. Keep children at the same table as their family.
VIP,37,5,0,0,0,2,5,0,vip,16,90,5,5,6,12,Move this guest to a VIP / Head table. Do not seat VIP at General or Friends.
VIP,59,5,0,0,0,2,5,0,vip,16,90,5,5,6,12,Move this guest to a VIP / Head table. Do not seat VIP at General or Friends.
VIP,60,5,0,0,0,2,5,0,vip,16,90,5,5,6,12,Move this guest to a VIP / Head table. Do not seat VIP at General or Friends.
VIP,18,5,0,0,0,2,5,0,vip,16,90,5,5,6,12,Move this guest to a VIP / Head table. Do not seat VIP at General or Friends.
VIP,20,5,0,0,0,2,5,0,vip,16,90,5,5,6,12,Move this guest to a VIP / Head table. Do not seat VIP at General or Friends.
Bride's Friends,38,2,0,0,0,0,3,0,friends,16,80,2,2,8,10,"Seat at a Friends table. If that suite is full, use General — not VIP / Head."
Groom's Family,48,4,0,0,0,1,4,0,groom-family,1,95,3,4,8,12,Seat with Groom's Family. Keep children at the same table as their family.
Groom's Colleagues,41,2,0,0,0,1,2,0,friends,16,80,2,2,8,10,"Seat at a Friends table. If that suite is full, use General — not VIP / Head."
Groom's Family,70,4,0,0,0,1,4,0,groom-family,1,95,3,4,8,12,Seat with Groom's Family. Keep children at the same table as their family.
Other,35,1,0,0,0,2,1,0,general,1,95,1,2,8,10,Seat at a General table. Add chairs if the table is already at max_seats.
Groom's Family,27,4,0,0,1,1,4,0,groom-family,1,95,3,4,8,12,Seat with Groom's Family. Keep children at the same table as their family.
Groom's Family,27,4,0,0,0,1,4,0,groom-family,1,95,3,4,8,12,Seat with Groom's Family. Keep children at the same table as their family.
Groom's Friends,32,2,0,1,0,1,3,0,friends,16,80,2,2,8,10,"Seat at a Friends table. If that suite is full, use General — not VIP / Head."
Bride's Friends,29,2,0,0,0,0,3,0,friends,16,80,2,2,8,10,"Seat at a Friends table. If that suite is full, use General — not VIP / Head."
Neighbours,65,1,0,0,0,2,1,0,general,1,95,1,2,8,10,Seat at a General table. Add chairs if the table is already at max_seats.
Groom's Colleagues,35,2,0,0,1,1,2,0,friends,16,80,2,2,8,10,"Seat at a Friends table. If that suite is full, use General — not VIP / Head."
Groom's Colleagues,33,2,0,0,0,1,2,0,friends,16,80,2,2,8,10,"Seat at a Friends table. If that suite is full, use General — not VIP / Head."
Groom's Colleagues,50,2,0,0,0,1,2,0,friends,16,80,2,2,8,10,"Seat at a Friends table. If that suite is full, use General — not VIP / Head."
VIP,25,5,0,0,0,2,5,0,vip,16,90,5,5,6,12,Move this guest to a VIP / Head table. Do not seat VIP at General or Friends.
VIP,46,5,0,1,1,2,5,0,vip,16,90,5,5,6,12,Move this guest to a VIP / Head table. Do not seat VIP at General or Friends.
Bride's Friends,35,2,0,0,0,0,3,0,friends,16,80,2,2,8,10,"Seat at a Friends table. If that suite is full, use General — not VIP / Head."
Groom's Family,35,4,0,0,1,1,4,0,groom-family,1,95,3,4,8,12,Seat with Groom's Family. Keep children at the same table as their family.
Bride's Family,35,4,0,0,0,0,4,0,bride-family,1,95,3,4,8,12,Seat with Bride's Family. Keep children at the same table as their family.
Other,75,1,0,1,0,2,1,0,general,1,95,1,2,8,10,Seat at a General table. Add chairs if the table is already at max_seats.
Bride's Colleagues,35,2,0,0,0,0,2,0,friends,16,80,2,2,8,10,"Seat at a Friends table. If that suite is full, use General — not VIP / Head."
Groom's Family,35,4,0,1,0,1,4,0,groom-family,1,95,3,4,8,12,Seat with Groom's Family. Keep children at the same table as their family.
VIP,54,5,0,0,0,2,5,0,vip,16,90,5,5,6,12,Move this guest to a VIP / Head table. Do not seat VIP at General or Friends.
Neighbours,35,1,0,0,0,2,1,0,general,1,95,1,2,8,10,Seat at a General table. Add chairs if the table is already at max_seats.
Bride's Family,39,4,0,0,0,0,4,0,bride-family,1,95,3,4,8,12,Seat with Bride's Family. Keep children at the same table as their family.
Other,35,1,0,0,1,2,1,0,general,1,95,1,2,8,10,Seat at a General table. Add chairs if the table is already at max_seats.
VIP,60,5,0,0,1,2,5,0,vip,16,90,5,5,6,12,Move this guest to a VIP / Head table. Do not seat VIP at General or Friends.
Bride's Friends,27,2,0,0,1,0,3,0,friends,16,80,2,2,8,10,"Seat at a Friends table. If that suite is full, use General — not VIP / Head."
Groom's Family,26,4,0,0,1,1,4,0,groom-family,1,95,3,4,8,12,Seat with Groom's Family. Keep children at the same table as their family.
Groom's Friends,31,2,0,0,0,1,3,0,friends,16,80,2,2,8,10,"Seat at a Friends table. If that suite is full, use General — not VIP / Head."
Groom's Friends,22,2,0,0,0,1,3,0,friends,16,80,2,2,8,10,"Seat at a Friends table. If that suite is full, use General — not VIP / Head."
Groom's Family,53,4,0,0,0,1,4,0,groom-family,1,95,3,4,8,12,Seat with Groom's Family. Keep children at the same table as their family.
VIP,57,5,0,0,0,2,5,0,vip,16,90,5,5,6,12,Move this guest to a VIP / Head table. Do not seat VIP at General or Friends.
Neighbours,26,1,0,0,0,2,1,0,general,1,95,1,2,8,10,Seat at a General table. Add chairs if the table is already at max_seats.
Bride's Family,62,4,0,0,0,0,4,0,bride-family,1,95,3,4,8,12,Seat with Bride's Family. Keep children at the same table as their family.
Other,69,1,0,0,0,2,1,0,general,1,95,1,2,8,10,Seat at a General table. Add chairs if the table is already at max_seats.
Neighbours,32,1,0,0,0,2,1,0,general,1,95,1,2,8,10,Seat at a General table. Add chairs if the table is already at max_seats.
Relatives,65,3,0,0,1,2,4,0,groom-family,1,95,3,4,8,12,Seat with Groom's Family. Keep children at the same table as their family.
Groom's Family,29,4,0,0,0,1,4,0,groom-family,1,95,3,4,8,12,Seat with Groom's Family. Keep children at the same table as their family.
Bride's Family,50,4,0,0,0,0,4,0,bride-family,1,95,3,4,8,12,Seat with Bride's Family. Keep children at the same table as their family.
Bride's Family,45,4,0,0,0,0,4,0,bride-family,1,95,3,4,8,12,Seat with Bride's Family. Keep children at the same table as their family.
VIP,51,5,0,0,0,2,5,0,vip,16,90,5,5,6,12,Move this guest to a VIP / Head table. Do not seat VIP at General or Friends.
Groom's Family,76,4,0,0,0,1,4,0,groom-family,1,95,3,4,8,12,Seat with Groom's Family. Keep children at the same table as their family.
Neighbours,41,1,0,0,1,2,1,0,general,1,95,1,2,8,10,Seat at a General table. Add chairs if the table is already at max_seats.
VIP,20,5,0,0,0,2,5,0,vip,16,90,5,5,6,12,Move this guest to a VIP / Head table. Do not seat VIP at General or Friends.
VIP,21,5,0,0,1,2,5,0,vip,16,90,5,5,6,12,Move this guest to a VIP / Head table. Do not seat VIP at General or Friends.
Groom's Friends,33,2,0,0,0,1,3,0,friends,16,80,2,2,8,10,"Seat at a Friends table. If that suite is full, use General — not VIP / Head."
Groom's Family,35,4,0,0,0,1,4,0,groom-family,1,95,3,4,8,12,Seat with Groom's Family. Keep children at the same table as their family.
Bride's Family,37,4,0,1,0,0,4,0,bride-family,1,95,3,4,8,12,Seat with Bride's Family. Keep children at the same table as their family.
VIP,46,5,0,0,0,2,5,0,vip,16,90,5,5,6,12,Move this guest to a VIP / Head table. Do not seat VIP at General or Friends.
Bride's Family,11,4,0,0,0,0,4,0,bride-family,1,95,3,4,8,12,Seat with Bride's Family. Keep children at the same table as their family.
Relatives,51,3,0,0,0,2,4,0,bride-family,1,95,3,4,8,12,Seat with Bride's Family. Keep children at the same table as their family.
Bride's Friends,28,2,0,0,0,0,3,0,friends,16,80,2,2,8,10,"Seat at a Friends table. If that suite is full, use General — not VIP / Head."
VIP,55,5,0,0,0,2,5,0,vip,16,90,5,5,6,12,Move this guest to a VIP / Head table. Do not seat VIP at General or Friends.
Bride's Colleagues,26,2,0,0,0,0,2,0,friends,16,80,2,2,8,10,"Seat at a Friends table. If that suite is full, use General — not VIP / Head."
Groom's Family,42,4,0,0,1,1,4,0,groom-family,1,95,3,4,8,12,Seat with Groom's Family. Keep children at the same table as their family.
VIP,65,5,1,0,0,2,5,0,vip,16,90,5,5,6,12,Move this guest to a VIP / Head table. Do not seat VIP at General or Friends.
Relatives,35,3,0,0,0,2,4,0,bride-family,1,95,3,4,8,12,Seat with Bride's Family. Keep children at the same table as their family.
Relatives,38,3,0,0,0,2,4,0,groom-family,1,95,3,4,8,12,Seat with Groom's Family. Keep children at the same table as their family.
Groom's Friends,25,2,0,0,0,1,3,0,friends,16,80,2,2,8,10,"Seat at a Friends table. If that suite is full, use General — not VIP / Head."
VIP,67,5,0,0,1,2,5,0,vip,16,90,5,5,6,12,Move this guest to a VIP / Head table. Do not seat VIP at General or Friends.
VIP,46,5,0,0,0,2,5,0,vip,16,90,5,5,6,12,Move this guest to a VIP / Head table. Do not seat VIP at General or Friends.
Groom's Friends,28,2,0,0,0,1,3,0,friends,16,80,2,2,8,10,"Seat at a Friends table. If that suite is full, use General — not VIP / Head."
Relatives,70,3,0,0,0,2,4,0,groom-family,1,95,3,4,8,12,Seat with Groom's Family. Keep children at the same table as their family.
Relatives,70,3,0,0,0,2,4,0,bride-family,1,95,3,4,8,12,Seat with Bride's Family. Keep children at the same table as their family.
Bride's Family,36,4,0,0,0,0,4,0,bride-family,1,95,3,4,8,12,Seat with Bride's Family. Keep children at the same table as their family.
Groom's Family,55,4,1,0,0,1,4,0,groom-family,1,95,3,4,8,12,Seat with Groom's Family. Keep children at the same table as their family.
VIP,53,5,0,0,0,2,5,0,vip,16,90,5,5,6,12,Move this guest to a VIP / Head table. Do not seat VIP at General or Friends.
Neighbours,32,1,0,0,1,2,1,0,general,1,95,1,2,8,10,Seat at a General table. Add chairs if the table is already at max_seats.
Neighbours,32,1,0,0,0,2,1,0,general,1,95,1,2,8,10,Seat at a General table. Add chairs if the table is already at max_seats.
Groom's Family,34,4,0,0,0,1,4,0,groom-family,1,95,3,4,8,12,Seat with Groom's Family. Keep children at the same table as their family.
Groom's Friends,30,2,0,0,0,1,3,0,friends,16,80,2,2,8,10,"Seat at a Friends table. If that suite is full, use General — not VIP / Head."
Neighbours,43,1,0,0,0,2,1,0,general,1,95,1,2,8,10,Seat at a General table. Add chairs if the table is already at max_seats.
Groom's Friends,40,2,0,0,1,1,3,0,friends,16,80,2,2,8,10,"Seat at a Friends table. If that suite is full, use General — not VIP / Head."
Neighbours,39,1,0,0,1,2,1,0,general,1,95,1,2,8,10,Seat at a General table. Add chairs if the table is already at max_seats.
Other,35,1,0,0,0,2,1,0,general,1,95,1,2,8,10,Seat at a General table. Add chairs if the table is already at max_seats.
Groom's Family,60,4,0,0,1,1,4,0,groom-family,1,95,3,4,8,12,Seat with Groom's Family. Keep children at the same table as their family.
Bride's Colleagues,35,2,0,0,0,0,2,0,friends,16,80,2,2,8,10,"Seat at a Friends table. If that suite is full, use General — not VIP / Head."
Other,26,1,0,0,0,2,1,0,general,1,95,1,2,8,10,Seat at a General table. Add chairs if the table is already at max_seats.
Groom's Family,30,4,0,0,0,1,4,0,groom-family,1,95,3,4,8,12,Seat with Groom's Family. Keep children at the same table as their family.
Neighbours,35,1,0,0,0,2,1,0,general,1,95,1,2,8,10,Seat at a General table. Add chairs if the table is already at max_seats.
Neighbours,56,1,0,0,1,2,1,0,general,1,95,1,2,8,10,Seat at a General table. Add chairs if the table is already at max_seats.
Groom's Friends,35,2,0,0,0,1,3,0,friends,16,80,2,2,8,10,"Seat at a Friends table. If that suite is full, use General — not VIP / Head."
Other,57,1,0,0,1,2,1,0,general,1,95,1,2,8,10,Seat at a General table. Add chairs if the table is already at max_seats.
Bride's Family,50,4,1,0,0,0,4,0,bride-family,1,95,3,4,8,12,Seat with Bride's Family. Keep children at the same table as their family.
Other,48,1,0,1,0,2,1,0,general,1,95,1,2,8,10,Seat at a General table. Add chairs if the table is already at max_seats.
VIP,63,5,0,0,1,2,5,0,vip,16,90,5,5,6,12,Move this guest to a VIP / Head table. Do not seat VIP at General or Friends.
Other,72,1,0,0,0,2,1,0,general,1,95,1,2,8,10,Seat at a General table. Add chairs if the table is already at max_seats.
Other,42,1,0,0,0,2,1,0,general,1,95,1,2,8,10,Seat at a General table. Add chairs if the table is already at max_seats.
Groom's Family,57,4,1,0,0,1,4,0,groom-family,1,95,3,4,8,12,Seat with Groom's Family. Keep children at the same table as their family.
VIP,53,5,0,0,1,2,5,0,vip,16,90,5,5,6,12,Move this guest to a VIP / Head table. Do not seat VIP at General or Friends.
Groom's Friends,35,2,0,0,0,1,3,0,friends,16,80,2,2,8,10,"Seat at a Friends table. If that suite is full, use General — not VIP / Head."
Neighbours,27,1,0,0,0,2,1,0,general,1,95,1,2,8,10,Seat at a General table. Add chairs if the table is already at max_seats.
VIP,35,5,0,0,1,2,5,0,vip,16,90,5,5,6,12,Move this guest to a VIP / Head table. Do not seat VIP at General or Friends.
Groom's Colleagues,29,2,0,0,0,1,2,0,friends,16,80,2,2,8,10,"Seat at a Friends table. If that suite is full, use General — not VIP / Head."
Bride's Family,47,4,0,0,0,0,4,0,bride-family,1,95,3,4,8,12,Seat with Bride's Family. Keep children at the same table as their family.
Other,48,1,0,0,1,2,1,0,general,1,95,1,2,8,10,Seat at a General table. Add chairs if the table is already at max_seats.
VIP,35,5,1,0,0,2,5,0,vip,16,90,5,5,6,12,Move this guest to a VIP / Head table. Do not seat VIP at General or Friends.
Neighbours,35,1,0,0,0,2,1,0,general,1,95,1,2,8,10,Seat at a General table. Add chairs if the table is already at max_seats.
Bride's Friends,39,2,0,0,1,0,3,0,friends,16,80,2,2,8,10,"Seat at a Friends table. If that suite is full, use General — not VIP / Head."
Groom's Family,35,4,0,1,0,1,4,0,groom-family,1,95,3,4,8,12,Seat with Groom's Family. Keep children at the same table as their family.
Bride's Family,10,4,0,0,0,0,4,0,bride-family,1,95,3,4,8,12,Seat with Bride's Family. Keep children at the same table as their family.
Bride's Family,29,4,0,0,0,0,4,0,bride-family,1,95,3,4,8,12,Seat with Bride's Family. Keep children at the same table as their family.
Bride's Family,71,4,0,0,1,0,4,0,bride-family,1,95,3,4,8,12,Seat with Bride's Family. Keep children at the same table as their family.
VIP,68,5,0,0,0,2,5,0,vip,16,90,5,5,6,12,Move this guest to a VIP / Head table. Do not seat VIP at General or Friends.
Bride's Family,55,4,0,0,0,0,4,0,bride-family,1,95,3,4,8,12,Seat with Bride's Family. Keep children at the same table as their family.
Groom's Friends,38,2,0,0,1,1,3,0,friends,16,80,2,2,8,10,"Seat at a Friends table. If that suite is full, use General — not VIP / Head."
Relatives,35,3,0,0,0,2,4,0,bride-family,1,95,3,4,8,12,Seat with Bride's Family. Keep children at the same table as their family.
Bride's Family,74,4,0,1,0,0,4,0,bride-family,1,95,3,4,8,12,Seat with Bride's Family. Keep children at the same table as their family.
Bride's Friends,35,2,0,0,0,0,3,0,friends,16,80,2,2,8,10,"Seat at a Friends table. If that suite is full, use General — not VIP / Head."
Relatives,51,3,0,0,0,2,4,0,groom-family,1,95,3,4,8,12,Seat with Groom's Family. Keep children at the same table as their family.
Neighbours,64,1,0,0,1,2,1,0,general,1,95,1,2,8,10,Seat at a General table. Add chairs if the table is already at max_seats.
Bride's Family,48,4,0,0,1,0,4,0,bride-family,1,95,3,4,8,12,Seat with Bride's Family. Keep children at the same table as their family.
Bride's Family,39,4,0,0,0,0,4,0,bride-family,1,95,3,4,8,12,Seat with Bride's Family. Keep children at the same table as their family.
Groom's Family,35,4,0,0,0,1,4,0,groom-family,1,95,3,4,8,12,Seat with Groom's Family. Keep children at the same table as their family.
Groom's Friends,43,2,0,0,0,1,3,0,friends,16,80,2,2,8,10,"Seat at a Friends table. If that suite is full, use General — not VIP / Head."
Groom's Family,54,4,0,0,0,1,4,0,groom-family,1,95,3,4,8,12,Seat with Groom's Family. Keep children at the same table as their family.
Bride's Friends,31,2,0,0,0,0,3,0,friends,16,80,2,2,8,10,"Seat at a Friends table. If that suite is full, use General — not VIP / Head."
Groom's Family,16,4,0,0,1,1,4,0,groom-family,1,95,3,4,8,12,Seat with Groom's Family. Keep children at the same table as their family.
Relatives,40,3,0,0,1,2,4,0,groom-family,1,95,3,4,8,12,Seat with Groom's Family. Keep children at the same table as their family.
Bride's Colleagues,28,2,0,0,0,0,2,0,friends,16,80,2,2,8,10,"Seat at a Friends table. If that suite is full, use General — not VIP / Head."
Neighbours,42,1,0,0,0,2,1,0,general,1,95,1,2,8,10,Seat at a General table. Add chairs if the table is already at max_seats.
Groom's Colleagues,38,2,0,0,0,1,2,0,friends,16,80,2,2,8,10,"Seat at a Friends table. If that suite is full, use General — not VIP / Head."
VIP,58,5,0,0,0,2,5,0,vip,16,90,5,5,6,12,Move this guest to a VIP / Head table. Do not seat VIP at General or Friends.
Bride's Family,5,4,1,0,0,0,4,0,bride-family,1,95,3,4,8,12,Seat with Bride's Family. Keep children at the same table as their family.
Other,25,1,0,0,0,2,1,0,general,1,95,1,2,8,10,Seat at a General table. Add chairs if the table is already at max_seats.
Relatives,35,3,0,0,0,2,4,0,groom-family,1,95,3,4,8,12,Seat with Groom's Family. Keep children at the same table as their family.
Relatives,47,3,0,0,0,2,4,0,groom-family,1,95,3,4,8,12,Seat with Groom's Family. Keep children at the same table as their family.
VIP,64,5,0,0,1,2,5,0,vip,16,90,5,5,6,12,Move this guest to a VIP / Head table. Do not seat VIP at General or Friends.
Relatives,59,3,0,0,0,2,4,0,groom-family,1,95,3,4,8,12,Seat with Groom's Family. Keep children at the same table as their family.
Relatives,32,3,0,0,0,2,4,0,bride-family,1,95,3,4,8,12,Seat with Bride's Family. Keep children at the same table as their family.
Relatives,35,3,0,0,0,2,4,0,bride-family,1,95,3,4,8,12,Seat with Bride's Family. Keep children at the same table as their family.
Groom's Family,76,4,1,0,0,1,4,1,groom-family,1,95,3,4,8,12,Seat with Groom's Family. Keep children at the same table as their family.
Bride's Family,72,4,0,0,0,0,4,0,bride-family,1,95,3,4,8,12,Seat with Bride's Family. Keep children at the same table as their family.
Groom's Family,52,4,0,0,0,1,4,0,groom-family,1,95,3,4,8,12,Seat with Groom's Family. Keep children at the same table as their family.
Neighbours,30,1,1,0,0,2,1,0,general,1,95,1,2,8,10,Seat at a General table. Add chairs if the table is already at max_seats.
VIP,69,5,0,0,0,2,5,0,vip,16,90,5,5,6,12,Move this guest to a VIP / Head table. Do not seat VIP at General or Friends.
VIP,31,5,0,0,0,2,5,0,vip,16,90,5,5,6,12,Move this guest to a VIP / Head table. Do not seat VIP at General or Friends.
Other,10,1,0,0,0,2,1,0,general,1,95,1,2,8,10,Seat at a General table. Add chairs if the table is already at max_seats.
Bride's Friends,27,2,0,0,0,0,3,0,friends,16,80,2,2,8,10,"Seat at a Friends table. If that suite is full, use General — not VIP / Head."
Neighbours,53,1,0,0,1,2,1,0,general,1,95,1,2,8,10,Seat at a General table. Add chairs if the table is already at max_seats.
Groom's Friends,27,2,0,0,0,1,3,0,friends,16,80,2,2,8,10,"Seat at a Friends table. If that suite is full, use General — not VIP / Head."
Groom's Family,65,4,0,0,0,1,4,0,groom-family,1,95,3,4,8,12,Seat with Groom's Family. Keep children at the same table as their family.
VIP,40,5,0,0,1,2,5,0,vip,16,90,5,5,6,12,Move this guest to a VIP / Head table. Do not seat VIP at General or Friends.
Relatives,22,3,0,0,0,2,4,0,bride-family,1,95,3,4,8,12,Seat with Bride's Family. Keep children at the same table as their family.
Groom's Family,38,4,0,0,0,1,4,0,groom-family,1,95,3,4,8,12,Seat with Groom's Family. Keep children at the same table as their family.
Bride's Friends,37,2,0,0,0,0,3,0,friends,16,80,2,2,8,10,"Seat at a Friends table. If that suite is full, use General — not VIP / Head."
Bride's Family,35,4,0,1,0,0,4,0,bride-family,1,95,3,4,8,12,Seat with Bride's Family. Keep children at the same table as their family.
Relatives,35,3,0,0,1,2,4,1,groom-family,1,95,3,4,8,12,Seat with Groom's Family. Keep children at the same table as their family.
VIP,53,5,0,0,0,2,5,0,vip,16,90,5,5,6,12,Move this guest to a VIP / Head table. Do not seat VIP at General or Friends.
Groom's Colleagues,32,2,0,0,0,1,2,0,friends,16,80,2,2,8,10,"Seat at a Friends table. If that suite is full, use General — not VIP / Head."
Other,35,1,0,0,1,2,1,0,general,1,95,1,2,8,10,Seat at a General table. Add chairs if the table is already at max_seats.
Neighbours,18,1,1,0,0,2,1,0,general,1,95,1,2,8,10,Seat at a General table. Add chairs if the table is already at max_seats.
Groom's Family,35,4,0,0,1,1,4,0,groom-family,1,95,3,4,8,12,Seat with Groom's Family. Keep children at the same table as their family.
Bride's Family,53,4,0,0,1,0,4,0,bride-family,1,95,3,4,8,12,Seat with Bride's Family. Keep children at the same table as their family.
Bride's Family,57,4,0,0,0,0,4,0,bride-family,1,95,3,4,8,12,Seat with Bride's Family. Keep children at the same table as their family.
Bride's Colleagues,42,2,0,0,0,0,2,0,friends,16,80,2,2,8,10,"Seat at a Friends table. If that suite is full, use General — not VIP / Head."
Groom's Family,11,4,0,0,0,1,4,0,groom-family,1,95,3,4,8,12,Seat with Groom's Family. Keep children at the same table as their family.
VIP,67,5,0,1,0,2,5,0,vip,16,90,5,5,6,12,Move this guest to a VIP / Head table. Do not seat VIP at General or Friends.
Relatives,35,3,0,0,0,2,4,0,bride-family,1,95,3,4,8,12,Seat with Bride's Family. Keep children at the same table as their family.
VIP,29,5,1,1,0,2,5,0,vip,16,90,5,5,6,12,Move this guest to a VIP / Head table. Do not seat VIP at General or Friends.
Neighbours,75,1,0,1,0,2,1,0,general,1,95,1,2,8,10,Seat at a General table. Add chairs if the table is already at max_seats.
Groom's Family,41,4,0,0,0,1,4,1,groom-family,1,95,3,4,8,12,Seat with Groom's Family. Keep children at the same table as their family.
Groom's Family,52,4,0,1,0,1,4,0,groom-family,1,95,3,4,8,12,Seat with Groom's Family. Keep children at the same table as their family.
Other,35,1,0,0,0,2,1,0,general,1,95,1,2,8,10,Seat at a General table. Add chairs if the table is already at max_seats.
VIP,69,5,0,0,0,2,5,0,vip,16,90,5,5,6,12,Move this guest to a VIP / Head table. Do not seat VIP at General or Friends.
Neighbours,48,1,0,0,0,2,1,0,general,1,95,1,2,8,10,Seat at a General table. Add chairs if the table is already at max_seats.
VIP,51,5,0,0,0,2,5,0,vip,16,90,5,5,6,12,Move this guest to a VIP / Head table. Do not seat VIP at General or Friends.
Bride's Colleagues,49,2,0,0,0,0,2,0,friends,16,80,2,2,8,10,"Seat at a Friends table. If that suite is full, use General — not VIP / Head."
Bride's Colleagues,31,2,0,1,0,0,2,0,friends,16,80,2,2,8,10,"Seat at a Friends table. If that suite is full, use General — not VIP / Head."
Groom's Family,56,4,0,0,0,1,4,0,groom-family,1,95,3,4,8,12,Seat with Groom's Family. Keep children at the same table as their family.
Groom's Colleagues,42,2,0,0,0,1,2,0,friends,16,80,2,2,8,10,"Seat at a Friends table. If that suite is full, use General — not VIP / Head."
Bride's Colleagues,41,2,0,0,0,0,2,0,friends,16,80,2,2,8,10,"Seat at a Friends table. If that suite is full, use General — not VIP / Head."
Bride's Family,35,4,0,0,0,0,4,0,bride-family,1,95,3,4,8,12,Seat with Bride's Family. Keep children at the same table as their family.
Bride's Family,61,4,0,0,0,0,4,0,bride-family,1,95,3,4,8,12,Seat with Bride's Family. Keep children at the same table as their family.
Relatives,20,3,0,0,0,2,4,0,bride-family,1,95,3,4,8,12,Seat with Bride's Family. Keep children at the same table as their family.
VIP,48,5,0,0,0,2,5,0,vip,16,90,5,5,6,12,Move this guest to a VIP / Head table. Do not seat VIP at General or Friends.
Groom's Family,42,4,0,0,1,1,4,0,groom-family,1,95,3,4,8,12,Seat with Groom's Family. Keep children at the same table as their family.
VIP,43,5,0,0,0,2,5,0,vip,16,90,5,5,6,12,Move this guest to a VIP / Head table. Do not seat VIP at General or Friends.
Relatives,3,3,1,0,0,2,4,0,bride-family,1,95,3,4,8,12,Seat with Bride's Family. Keep children at the same table as their family.
Other,35,1,0,0,0,2,1,0,general,1,95,1,2,8,10,Seat at a General table. Add chairs if the table is already at max_seats.
Bride's Friends,35,2,0,0,0,0,3,0,friends,16,80,2,2,8,10,"Seat at a Friends table. If that suite is full, use General — not VIP / Head."
Other,35,1,0,0,0,2,1,0,general,1,95,1,2,8,10,Seat at a General table. Add chairs if the table is already at max_seats.
Relatives,70,3,0,0,0,2,4,0,groom-family,1,95,3,4,8,12,Seat with Groom's Family. Keep children at the same table as their family.
Bride's Friends,27,2,0,0,1,0,3,0,friends,16,80,2,2,8,10,"Seat at a Friends table. If that suite is full, use General — not VIP / Head."
Relatives,44,3,0,0,0,2,4,0,bride-family,1,95,3,4,8,12,Seat with Bride's Family. Keep children at the same table as their family.
VIP,37,5,0,0,1,2,5,0,vip,16,90,5,5,6,12,Move this guest to a VIP / Head table. Do not seat VIP at General or Friends.
VIP,71,5,1,0,0,2,5,0,vip,16,90,5,5,6,12,Move this guest to a VIP / Head table. Do not seat VIP at General or Friends.
Bride's Family,40,4,0,0,0,0,4,1,bride-family,1,95,3,4,8,12,Seat with Bride's Family. Keep children at the same table as their family.
Bride's Friends,26,2,0,0,0,0,3,0,friends,16,80,2,2,8,10,"Seat at a Friends table. If that suite is full, use General — not VIP / Head."
VIP,73,5,0,0,0,2,5,0,vip,16,90,5,5,6,12,Move this guest to a VIP / Head table. Do not seat VIP at General or Friends.
Bride's Colleagues,33,2,1,0,0,0,2,0,friends,16,80,2,2,8,10,"Seat at a Friends table. If that suite is full, use General — not VIP / Head."
Neighbours,63,1,0,0,0,2,1,0,general,1,95,1,2,8,10,Seat at a General table. Add chairs if the table is already at max_seats.
Relatives,51,3,0,0,1,2,4,0,groom-family,1,95,3,4,8,12,Seat with Groom's Family. Keep children at the same table as their family.
Bride's Family,35,4,0,0,0,0,4,0,bride-family,1,95,3,4,8,12,Seat with Bride's Family. Keep children at the same table as their family.
Relatives,41,3,0,0,0,2,4,0,groom-family,1,95,3,4,8,12,Seat with Groom's Family. Keep children at the same table as their family.
VIP,60,5,0,0,0,2,5,0,vip,16,90,5,5,6,12,Move this guest to a VIP / Head table. Do not seat VIP at General or Friends.
Relatives,30,3,0,0,1,2,4,0,bride-family,1,95,3,4,8,12,Seat with Bride's Family. Keep children at the same table as their family.
Neighbours,31,1,0,0,1,2,1,0,general,1,95,1,2,8,10,Seat at a General table. Add chairs if the table is already at max_seats.
Neighbours,35,1,0,0,0,2,1,0,general,1,95,1,2,8,10,Seat at a General table. Add chairs if the table is already at max_seats.
Neighbours,40,1,0,0,0,2,1,0,general,1,95,1,2,8,10,Seat at a General table. Add chairs if the table is already at max_seats.
Relatives,35,3,0,0,1,2,4,0,bride-family,1,95,3,4,8,12,Seat with Bride's Family. Keep children at the same table as their family.
Other,39,1,0,0,0,2,1,0,general,1,95,1,2,8,10,Seat at a General table. Add chairs if the table is already at max_seats.
Groom's Family,20,4,0,0,0,1,4,0,groom-family,1,95,3,4,8,12,Seat with Groom's Family. Keep children at the same table as their family.
Relatives,47,3,0,0,0,2,4,0,groom-family,1,95,3,4,8,12,Seat with Groom's Family. Keep children at the same table as their family.
Other,31,1,1,0,0,2,1,0,general,1,95,1,2,8,10,Seat at a General table. Add chairs if the table is already at max_seats.
Bride's Family,48,4,0,0,0,0,4,0,bride-family,1,95,3,4,8,12,Seat with Bride's Family. Keep children at the same table as their family.
Neighbours,18,1,0,0,0,2,1,0,general,1,95,1,2,8,10,Seat at a General table. Add chairs if the table is already at max_seats.
VIP,58,5,0,0,0,2,5,0,vip,16,90,5,5,6,12,Move this guest to a VIP / Head table. Do not seat VIP at General or Friends.
Other,36,1,0,0,0,2,1,0,general,1,95,1,2,8,10,Seat at a General table. Add chairs if the table is already at max_seats.
Groom's Friends,35,2,0,0,0,1,3,0,friends,16,80,2,2,8,10,"Seat at a Friends table. If that suite is full, use General — not VIP / Head."
VIP,68,5,0,0,1,2,5,0,vip,16,90,5,5,6,12,Move this guest to a VIP / Head table. Do not seat VIP at General or Friends.
Bride's Family,64,4,0,0,0,0,4,0,bride-family,1,95,3,4,8,12,Seat with Bride's Family. Keep children at the same table as their family.
Bride's Family,55,4,0,0,0,0,4,0,bride-family,1,95,3,4,8,12,Seat with Bride's Family. Keep children at the same table as their family.
Groom's Family,35,4,0,0,0,1,4,0,groom-family,1,95,3,4,8,12,Seat with Groom's Family. Keep children at the same table as their family.
VIP,67,5,0,0,0,2,5,0,vip,16,90,5,5,6,12,Move this guest to a VIP / Head table. Do not seat VIP at General or Friends.
VIP,43,5,1,0,0,2,5,0,vip,16,90,5,5,6,12,Move this guest to a VIP / Head table. Do not seat VIP at General or Friends.
VIP,44,5,0,0,1,2,5,0,vip,16,90,5,5,6,12,Move this guest to a VIP / Head table. Do not seat VIP at General or Friends.
Other,44,1,0,0,0,2,1,0,general,1,95,1,2,8,10,Seat at a General table. Add chairs if the table is already at max_seats.
Neighbours,47,1,0,0,0,2,1,0,general,1,95,1,2,8,10,Seat at a General table. Add chairs if the table is already at max_seats.
VIP,68,5,0,0,0,2,5,0,vip,16,90,5,5,6,12,Move this guest to a VIP / Head table. Do not seat VIP at General or Friends.
Bride's Friends,40,2,0,0,0,0,3,0,friends,16,80,2,2,8,10,"Seat at a Friends table. If that suite is full, use General — not VIP / Head."
Bride's Friends,30,2,0,0,1,0,3,0,friends,16,80,2,2,8,10,"Seat at a Friends table. If that suite is full, use General — not VIP / Head."
Groom's Colleagues,40,2,0,0,1,1,2,0,friends,16,80,2,2,8,10,"Seat at a Friends table. If that suite is full, use General — not VIP / Head."
Groom's Family,57,4,0,0,1,1,4,0,groom-family,1,95,3,4,8,12,Seat with Groom's Family. Keep children at the same table as their family.
Neighbours,42,1,0,0,0,2,1,0,general,1,95,1,2,8,10,Seat at a General table. Add chairs if the table is already at max_seats.
Neighbours,44,1,0,0,0,2,1,0,general,1,95,1,2,8,10,Seat at a General table. Add chairs if the table is already at max_seats.
Neighbours,50,1,0,0,0,2,1,0,general,1,95,1,2,8,10,Seat at a General table. Add chairs if the table is already at max_seats.
Bride's Family,46,4,0,0,1,0,4,0,bride-family,1,95,3,4,8,12,Seat with Bride's Family. Keep children at the same table as their family.
Groom's Family,35,4,0,0,0,1,4,0,groom-family,1,95,3,4,8,12,Seat with Groom's Family. Keep children at the same table as their family.
Bride's Colleagues,44,2,0,0,0,0,2,0,friends,16,80,2,2,8,10,"Seat at a Friends table. If that suite is full, use General — not VIP / Head."
VIP,35,5,0,0,0,2,5,0,vip,16,90,5,5,6,12,Move this guest to a VIP / Head table. Do not seat VIP at General or Friends.
Groom's Colleagues,27,2,0,0,0,1,2,0,friends,16,80,2,2,8,10,"Seat at a Friends table. If that suite is full, use General — not VIP / Head."
Other,22,1,0,1,0,2,1,0,general,1,95,1,2,8,10,Seat at a General table. Add chairs if the table is already at max_seats.
Groom's Family,35,4,0,1,0,1,4,0,groom-family,1,95,3,4,8,12,Seat with Groom's Family. Keep children at the same table as their family.
Bride's Family,43,4,0,0,0,0,4,0,bride-family,1,95,3,4,8,12,Seat with Bride's Family. Keep children at the same table as their family.
Bride's Friends,24,2,0,0,0,0,3,0,friends,16,80,2,2,8,10,"Seat at a Friends table. If that suite is full, use General — not VIP / Head."
Groom's Family,35,4,0,0,0,1,4,0,groom-family,1,95,3,4,8,12,Seat with Groom's Family. Keep children at the same table as their family.
Neighbours,33,1,0,0,0,2,1,0,general,1,95,1,2,8,10,Seat at a General table. Add chairs if the table is already at max_seats.
Neighbours,60,1,0,0,0,2,1,0,general,1,95,1,2,8,10,Seat at a General table. Add chairs if the table is already at max_seats.
Bride's Friends,29,2,1,0,0,0,3,0,friends,16,80,2,2,8,10,"Seat at a Friends table. If that suite is full, use General — not VIP / Head."
Neighbours,53,1,0,0,0,2,1,0,general,1,95,1,2,8,10,Seat at a General table. Add chairs if the table is already at max_seats.
VIP,58,5,0,0,0,2,5,0,vip,16,90,5,5,6,12,Move this guest to a VIP / Head table. Do not seat VIP at General or Friends.
VIP,48,5,0,0,0,2,5,0,vip,16,90,5,5,6,12,Move this guest to a VIP / Head table. Do not seat VIP at General or Friends.
Groom's Colleagues,35,2,0,0,0,1,2,0,friends,16,80,2,2,8,10,"Seat at a Friends table. If that suite is full, use General — not VIP / Head."
Neighbours,35,1,0,0,0,2,1,0,general,1,95,1,2,8,10,Seat at a General table. Add chairs if the table is already at max_seats.
Groom's Family,46,4,0,0,0,1,4,0,groom-family,1,95,3,4,8,12,Seat with Groom's Family. Keep children at the same table as their family.
Groom's Family,79,4,0,0,1,1,4,0,groom-family,1,95,3,4,8,12,Seat with Groom's Family. Keep children at the same table as their family.
Bride's Family,20,4,1,0,0,0,4,0,bride-family,1,95,3,4,8,12,Seat with Bride's Family. Keep children at the same table as their family.
Relatives,77,3,0,1,0,2,4,0,bride-family,1,95,3,4,8,12,Seat with Bride's Family. Keep children at the same table as their family.
Groom's Colleagues,38,2,0,0,0,1,2,0,friends,16,80,2,2,8,10,"Seat at a Friends table. If that suite is full, use General — not VIP / Head."
VIP,73,5,1,0,0,2,5,0,vip,16,90,5,5,6,12,Move this guest to a VIP / Head table. Do not seat VIP at General or Friends.
Relatives,35,3,0,0,0,2,4,0,groom-family,1,95,3,4,8,12,Seat with Groom's Family. Keep children at the same table as their family.
VIP,40,5,0,0,1,2,5,0,vip,16,90,5,5,6,12,Move this guest to a VIP / Head table. Do not seat VIP at General or Friends.
Neighbours,32,1,0,0,0,2,1,0,general,1,95,1,2,8,10,Seat at a General table. Add chairs if the table is already at max_seats.
VIP,52,5,0,0,0,2,5,0,vip,16,90,5,5,6,12,Move this guest to a VIP / Head table. Do not seat VIP at General or Friends.
Bride's Family,42,4,0,0,0,0,4,0,bride-family,1,95,3,4,8,12,Seat with Bride's Family. Keep children at the same table as their family.
VIP,61,5,0,0,0,2,5,0,vip,16,90,5,5,6,12,Move this guest to a VIP / Head table. Do not seat VIP at General or Friends.
VIP,35,5,0,0,0,2,5,0,vip,16,90,5,5,6,12,Move this guest to a VIP / Head table. Do not seat VIP at General or Friends.
Other,35,1,0,0,0,2,1,0,general,1,95,1,2,8,10,Seat at a General table. Add chairs if the table is already at max_seats.
Bride's Family,60,4,0,0,0,0,4,0,bride-family,1,95,3,4,8,12,Seat with Bride's Family. Keep children at the same table as their family.
Relatives,68,3,1,0,0,2,4,0,bride-family,1,95,3,4,8,12,Seat with Bride's Family. Keep children at the same table as their family.
VIP,35,5,0,0,1,2,5,0,vip,16,90,5,5,6,12,Move this guest to a VIP / Head table. Do not seat VIP at General or Friends.
Relatives,35,3,0,0,0,2,4,0,bride-family,1,95,3,4,8,12,Seat with Bride's Family. Keep children at the same table as their family.
Other,16,1,0,0,0,2,1,0,general,1,95,1,2,8,10,Seat at a General table. Add chairs if the table is already at max_seats.
VIP,48,5,0,0,1,2,5,0,vip,16,90,5,5,6,12,Move this guest to a VIP / Head table. Do not seat VIP at General or Friends.
VIP,69,5,0,0,1,2,5,0,vip,16,90,5,5,6,12,Move this guest to a VIP / Head table. Do not seat VIP at General or Friends.
Relatives,59,3,0,0,0,2,4,0,bride-family,1,95,3,4,8,12,Seat with Bride's Family. Keep children at the same table as their family.
Neighbours,65,1,0,0,0,2,1,0,general,1,95,1,2,8,10,Seat at a General table. Add chairs if the table is already at max_seats.
Groom's Colleagues,38,2,0,0,0,1,2,0,friends,16,80,2,2,8,10,"Seat at a Friends table. If that suite is full, use General — not VIP / Head."
Bride's Family,68,4,0,0,1,0,4,0,bride-family,1,95,3,4,8,12,Seat with Bride's Family. Keep children at the same table as their family.
VIP,65,5,0,0,0,2,5,0,vip,16,90,5,5,6,12,Move this guest to a VIP / Head table. Do not seat VIP at General or Friends.
VIP,51,5,0,0,0,2,5,0,vip,16,90,5,5,6,12,Move this guest to a VIP / Head table. Do not seat VIP at General or Friends.
Bride's Family,44,4,0,0,0,0,4,0,bride-family,1,95,3,4,8,12,Seat with Bride's Family. Keep children at the same table as their family.
VIP,35,5,0,0,0,2,5,0,vip,16,90,5,5,6,12,Move this guest to a VIP / Head table. Do not seat VIP at General or Friends.
Bride's Family,30,4,0,0,1,0,4,0,bride-family,1,95,3,4,8,12,Seat with Bride's Family. Keep children at the same table as their family.
Other,52,1,0,0,0,2,1,0,general,1,95,1,2,8,10,Seat at a General table. Add chairs if the table is already at max_seats.
Other,41,1,0,0,0,2,1,0,general,1,95,1,2,8,10,Seat at a General table. Add chairs if the table is already at max_seats.
Relatives,79,3,0,1,0,2,4,0,groom-family,1,95,3,4,8,12,Seat with Groom's Family. Keep children at the same table as their family.
VIP,57,5,0,0,0,2,5,0,vip,16,90,5,5,6,12,Move this guest to a VIP / Head table. Do not seat VIP at General or Friends.
Relatives,35,3,0,0,1,2,4,0,groom-family,1,95,3,4,8,12,Seat with Groom's Family. Keep children at the same table as their family.
Groom's Friends,24,2,1,0,0,1,3,0,friends,16,80,2,2,8,10,"Seat at a Friends table. If that suite is full, use General — not VIP / Head."
Groom's Family,3,4,0,0,0,1,4,0,groom-family,1,95,3,4,8,12,Seat with Groom's Family. Keep children at the same table as their family.
Groom's Colleagues,40,2,0,0,0,1,2,0,friends,16,80,2,2,8,10,"Seat at a Friends table. If that suite is full, use General — not VIP / Head."
Other,43,1,1,0,0,2,1,0,general,1,95,1,2,8,10,Seat at a General table. Add chairs if the table is already at max_seats.
Bride's Family,28,4,0,0,0,0,4,0,bride-family,1,95,3,4,8,12,Seat with Bride's Family. Keep children at the same table as their family.
Relatives,35,3,0,0,0,2,4,0,bride-family,1,95,3,4,8,12,Seat with Bride's Family. Keep children at the same table as their family.
VIP,72,5,1,0,0,2,5,0,vip,16,90,5,5,6,12,Move this guest to a VIP / Head table. Do not seat VIP at General or Friends.
Groom's Colleagues,43,2,0,0,0,1,2,0,friends,16,80,2,2,8,10,"Seat at a Friends table. If that suite is full, use General — not VIP / Head."
Bride's Family,43,4,0,0,1,0,4,0,bride-family,1,95,3,4,8,12,Seat with Bride's Family. Keep children at the same table as their family.
Relatives,70,3,0,0,0,2,4,0,bride-family,1,95,3,4,8,12,Seat with Bride's Family. Keep children at the same table as their family.
Bride's Family,35,4,0,0,0,0,4,0,bride-family,1,95,3,4,8,12,Seat with Bride's Family. Keep children at the same table as their family.
Groom's Colleagues,30,2,0,0,0,1,2,0,friends,16,80,2,2,8,10,"Seat at a Friends table. If that suite is full, use General — not VIP / Head."
Other,35,1,0,0,0,2,1,0,general,1,95,1,2,8,10,Seat at a General table. Add chairs if the table is already at max_seats.
Relatives,35,3,0,0,0,2,4,0,bride-family,1,95,3,4,8,12,Seat with Bride's Family. Keep children at the same table as their family.
VIP,49,5,0,0,0,2,5,0,vip,16,90,5,5,6,12,Move this guest to a VIP / Head table. Do not seat VIP at General or Friends.
Bride's Colleagues,30,2,0,0,0,0,2,0,friends,16,80,2,2,8,10,"Seat at a Friends table. If that suite is full, use General — not VIP / Head."
VIP,40,5,0,0,0,2,5,0,vip,16,90,5,5,6,12,Move this guest to a VIP / Head table. Do not seat VIP at General or Friends.
Groom's Family,35,4,0,0,0,1,4,0,groom-family,1,95,3,4,8,12,Seat with Groom's Family. Keep children at the same table as their family.
VIP,64,5,0,0,0,2,5,0,vip,16,90,5,5,6,12,Move this guest to a VIP / Head table. Do not seat VIP at General or Friends.
Neighbours,46,1,0,0,0,2,1,0,general,1,95,1,2,8,10,Seat at a General table. Add chairs if the table is already at max_seats.
Bride's Family,10,4,0,0,0,0,4,1,bride-family,1,95,3,4,8,12,Seat with Bride's Family. Keep children at the same table as their family.
Bride's Family,18,4,0,0,1,0,4,0,bride-family,1,95,3,4,8,12,Seat with Bride's Family. Keep children at the same table as their family.
VIP,35,5,0,0,0,2,5,0,vip,16,90,5,5,6,12,Move this guest to a VIP / Head table. Do not seat VIP at General or Friends.
Groom's Family,34,4,0,1,0,1,4,0,groom-family,1,95,3,4,8,12,Seat with Groom's Family. Keep children at the same table as their family.
Bride's Family,49,4,0,0,1,0,4,0,bride-family,1,95,3,4,8,12,Seat with Bride's Family. Keep children at the same table as their family.
VIP,35,5,0,0,0,2,5,0,vip,16,90,5,5,6,12,Move this guest to a VIP / Head table. Do not seat VIP at General or Friends.
Bride's Family,51,4,0,0,0,0,4,0,bride-family,1,95,3,4,8,12,Seat with Bride's Family. Keep children at the same table as their family.
Groom's Friends,35,2,0,0,0,1,3,0,friends,16,80,2,2,8,10,"Seat at a Friends table. If that suite is full, use General — not VIP / Head."
Groom's Family,27,4,0,0,0,1,4,0,groom-family,1,95,3,4,8,12,Seat with Groom's Family. Keep children at the same table as their family.
Bride's Friends,37,2,0,0,0,0,3,0,friends,16,80,2,2,8,10,"Seat at a Friends table. If that suite is full, use General — not VIP / Head."
Bride's Friends,24,2,0,0,0,0,3,0,friends,16,80,2,2,8,10,"Seat at a Friends table. If that suite is full, use General — not VIP / Head."
Bride's Colleagues,50,2,0,0,0,0,2,0,friends,16,80,2,2,8,10,"Seat at a Friends table. If that suite is full, use General — not VIP / Head."
Bride's Family,35,4,0,0,1,0,4,0,bride-family,1,95,3,4,8,12,Seat with Bride's Family. Keep children at the same table as their family.
Groom's Family,35,4,0,0,0,1,4,0,groom-family,1,95,3,4,8,12,Seat with Groom's Family. Keep children at the same table as their family.
Neighbours,56,1,0,0,1,2,1,0,general,1,95,1,2,8,10,Seat at a General table. Add chairs if the table is already at max_seats.
Neighbours,63,1,0,0,0,2,1,0,general,1,95,1,2,8,10,Seat at a General table. Add chairs if the table is already at max_seats.
Bride's Colleagues,44,2,0,0,0,0,2,0,friends,16,80,2,2,8,10,"Seat at a Friends table. If that suite is full, use General — not VIP / Head."
VIP,35,5,0,0,1,2,5,0,vip,16,90,5,5,6,12,Move this guest to a VIP / Head table. Do not seat VIP at General or Friends.
Bride's Family,44,4,0,0,0,0,4,0,bride-family,1,95,3,4,8,12,Seat with Bride's Family. Keep children at the same table as their family.
Groom's Friends,23,2,0,0,0,1,3,0,friends,16,80,2,2,8,10,"Seat at a Friends table. If that suite is full, use General — not VIP / Head."
Other,35,1,0,0,0,2,1,0,general,1,95,1,2,8,10,Seat at a General table. Add chairs if the table is already at max_seats.
Neighbours,35,1,0,0,0,2,1,0,general,1,95,1,2,8,10,Seat at a General table. Add chairs if the table is already at max_seats.
Groom's Friends,32,2,0,1,0,1,3,0,friends,16,80,2,2,8,10,"Seat at a Friends table. If that suite is full, use General — not VIP / Head."
VIP,74,5,1,0,0,2,5,0,vip,16,90,5,5,6,12,Move this guest to a VIP / Head table. Do not seat VIP at General or Friends.
Groom's Family,26,4,0,0,1,1,4,1,groom-family,1,95,3,4,8,12,Seat with Groom's Family. Keep children at the same table as their family.
Groom's Family,35,4,0,0,0,1,4,0,groom-family,1,95,3,4,8,12,Seat with Groom's Family. Keep children at the same table as their family.
Bride's Colleagues,42,2,0,0,0,0,2,0,friends,16,80,2,2,8,10,"Seat at a Friends table. If that suite is full, use General — not VIP / Head."
Bride's Family,70,4,0,0,0,0,4,0,bride-family,1,95,3,4,8,12,Seat with Bride's Family. Keep children at the same table as their family.
Bride's Colleagues,30,2,0,0,0,0,2,0,friends,16,80,2,2,8,10,"Seat at a Friends table. If that suite is full, use General — not VIP / Head."
Bride's Family,33,4,0,0,0,0,4,0,bride-family,1,95,3,4,8,12,Seat with Bride's Family. Keep children at the same table as their family.
VIP,70,5,0,0,0,2,5,0,vip,16,90,5,5,6,12,Move this guest to a VIP / Head table. Do not seat VIP at General or Friends.
Bride's Colleagues,35,2,0,0,0,0,2,0,friends,16,80,2,2,8,10,"Seat at a Friends table. If that suite is full, use General — not VIP / Head."
Relatives,40,3,1,0,0,2,4,0,bride-family,1,95,3,4,8,12,Seat with Bride's Family. Keep children at the same table as their family.
Other,47,1,0,0,0,2,1,1,general,1,95,1,2,8,10,Seat at a General table. Add chairs if the table is already at max_seats.
Groom's Colleagues,35,2,0,0,0,1,2,0,friends,16,80,2,2,8,10,"Seat at a Friends table. If that suite is full, use General — not VIP / Head."
Bride's Family,58,4,0,0,0,0,4,0,bride-family,1,95,3,4,8,12,Seat with Bride's Family. Keep children at the same table as their family.
Bride's Friends,27,2,0,0,0,0,3,0,friends,16,80,2,2,8,10,"Seat at a Friends table. If that suite is full, use General — not VIP / Head."
Groom's Family,24,4,1,0,0,1,4,0,groom-family,1,95,3,4,8,12,Seat with Groom's Family. Keep children at the same table as their family.
Other,36,1,0,0,1,2,1,0,general,1,95,1,2,8,10,Seat at a General table. Add chairs if the table is already at max_seats.
VIP,35,5,0,0,0,2,5,0,vip,16,90,5,5,6,12,Move this guest to a VIP / Head table. Do not seat VIP at General or Friends.
Other,27,1,0,0,0,2,1,0,general,1,95,1,2,8,10,Seat at a General table. Add chairs if the table is already at max_seats.
Relatives,23,3,0,0,0,2,4,0,groom-family,1,95,3,4,8,12,Seat with Groom's Family. Keep children at the same table as their family.
Neighbours,25,1,0,0,1,2,1,0,general,1,95,1,2,8,10,Seat at a General table. Add chairs if the table is already at max_seats.
Groom's Colleagues,28,2,0,0,0,1,2,0,friends,16,80,2,2,8,10,"Seat at a Friends table. If that suite is full, use General — not VIP / Head."
VIP,64,5,0,0,0,2,5,0,vip,16,90,5,5,6,12,Move this guest to a VIP / Head table. Do not seat VIP at General or Friends.
Relatives,66,3,0,0,0,2,4,0,groom-family,1,95,3,4,8,12,Seat with Groom's Family. Keep children at the same table as their family.
Neighbours,27,1,0,0,0,2,1,0,general,1,95,1,2,8,10,Seat at a General table. Add chairs if the table is already at max_seats.
VIP,53,5,1,0,0,2,5,0,vip,16,90,5,5,6,12,Move this guest to a VIP / Head table. Do not seat VIP at General or Friends.
Relatives,21,3,0,0,1,2,4,0,groom-family,1,95,3,4,8,12,Seat with Groom's Family. Keep children at the same table as their family.
Other,24,1,1,0,1,2,1,0,general,1,95,1,2,8,10,Seat at a General table. Add chairs if the table is already at max_seats.
VIP,35,5,1,0,0,2,5,0,vip,16,90,5,5,6,12,Move this guest to a VIP / Head table. Do not seat VIP at General or Friends.
Bride's Family,30,4,0,0,0,0,4,0,bride-family,1,95,3,4,8,12,Seat with Bride's Family. Keep children at the same table as their family.
Relatives,39,3,0,0,0,2,4,0,bride-family,1,95,3,4,8,12,Seat with Bride's Family. Keep children at the same table as their family.
Bride's Colleagues,27,2,0,0,0,0,2,0,friends,16,80,2,2,8,10,"Seat at a Friends table. If that suite is full, use General — not VIP / Head."
Groom's Family,10,4,0,0,0,1,4,0,groom-family,1,95,3,4,8,12,Seat with Groom's Family. Keep children at the same table as their family.
VIP,55,5,0,0,1,2,5,0,vip,16,90,5,5,6,12,Move this guest to a VIP / Head table. Do not seat VIP at General or Friends.
Groom's Family,39,4,0,0,1,1,4,0,groom-family,1,95,3,4,8,12,Seat with Groom's Family. Keep children at the same table as their family.
Other,31,1,0,0,0,2,1,0,general,1,95,1,2,8,10,Seat at a General table. Add chairs if the table is already at max_seats.
Other,35,1,0,0,0,2,1,0,general,1,95,1,2,8,10,Seat at a General table. Add chairs if the table is already at max_seats.
Neighbours,32,1,0,0,0,2,1,0,general,1,95,1,2,8,10,Seat at a General table. Add chairs if the table is already at max_seats.
Groom's Colleagues,31,2,0,0,0,1,2,0,friends,16,80,2,2,8,10,"Seat at a Friends table. If that suite is full, use General — not VIP / Head."
VIP,24,5,0,0,0,2,5,0,vip,16,90,5,5,6,12,Move this guest to a VIP / Head table. Do not seat VIP at General or Friends.
Neighbours,39,1,0,0,0,2,1,0,general,1,95,1,2,8,10,Seat at a General table. Add chairs if the table is already at max_seats.
Neighbours,35,1,0,0,0,2,1,0,general,1,95,1,2,8,10,Seat at a General table. Add chairs if the table is already at max_seats.
Bride's Family,81,4,0,0,0,0,4,0,bride-family,1,95,3,4,8,12,Seat with Bride's Family. Keep children at the same table as their family.
Bride's Friends,28,2,0,1,0,0,3,0,friends,16,80,2,2,8,10,"Seat at a Friends table. If that suite is full, use General — not VIP / Head."
Other,31,1,1,0,0,2,1,0,general,1,95,1,2,8,10,Seat at a General table. Add chairs if the table is already at max_seats.
Other,27,1,0,0,0,2,1,0,general,1,95,1,2,8,10,Seat at a General table. Add chairs if the table is already at max_seats.
Bride's Colleagues,38,2,0,0,0,0,2,0,friends,16,80,2,2,8,10,"Seat at a Friends table. If that suite is full, use General — not VIP / Head."
VIP,60,5,0,0,0,2,5,0,vip,16,90,5,5,6,12,Move this guest to a VIP / Head table. Do not seat VIP at General or Friends.
Bride's Family,65,4,1,0,0,0,4,0,bride-family,1,95,3,4,8,12,Seat with Bride's Family. Keep children at the same table as their family.
Neighbours,34,1,0,0,1,2,1,0,general,1,95,1,2,8,10,Seat at a General table. Add chairs if the table is already at max_seats.
Groom's Friends,31,2,0,0,0,1,3,0,friends,16,80,2,2,8,10,"Seat at a Friends table. If that suite is full, use General — not VIP / Head."
Groom's Family,27,4,0,0,0,1,4,0,groom-family,1,95,3,4,8,12,Seat with Groom's Family. Keep children at the same table as their family.
Groom's Family,49,4,0,0,0,1,4,0,groom-family,1,95,3,4,8,12,Seat with Groom's Family. Keep children at the same table as their family.
Groom's Colleagues,35,2,0,0,1,1,2,0,friends,16,80,2,2,8,10,"Seat at a Friends table. If that suite is full, use General — not VIP / Head."
Groom's Family,70,4,0,0,0,1,4,0,groom-family,1,95,3,4,8,12,Seat with Groom's Family. Keep children at the same table as their family.
Neighbours,58,1,0,0,0,2,1,0,general,1,95,1,2,8,10,Seat at a General table. Add chairs if the table is already at max_seats.
Bride's Friends,35,2,0,0,0,0,3,0,friends,16,80,2,2,8,10,"Seat at a Friends table. If that suite is full, use General — not VIP / Head."
Bride's Family,63,4,0,0,0,0,4,0,bride-family,1,95,3,4,8,12,Seat with Bride's Family. Keep children at the same table as their family.
VIP,67,5,1,0,0,2,5,0,vip,16,90,5,5,6,12,Move this guest to a VIP / Head table. Do not seat VIP at General or Friends.
Other,14,1,0,1,0,2,1,0,general,1,95,1,2,8,10,Seat at a General table. Add chairs if the table is already at max_seats.
Groom's Family,55,4,0,0,0,1,4,0,groom-family,1,95,3,4,8,12,Seat with Groom's Family. Keep children at the same table as their family.
VIP,56,5,0,0,0,2,5,0,vip,16,90,5,5,6,12,Move this guest to a VIP / Head table. Do not seat VIP at General or Friends.
VIP,36,5,0,0,0,2,5,0,vip,16,90,5,5,6,12,Move this guest to a VIP / Head table. Do not seat VIP at General or Friends.
VIP,39,5,0,0,0,2,5,0,vip,16,90,5,5,6,12,Move this guest to a VIP / Head table. Do not seat VIP at General or Friends.
Bride's Family,34,4,0,0,1,0,4,0,bride-family,1,95,3,4,8,12,Seat with Bride's Family. Keep children at the same table as their family.
Relatives,61,3,0,0,0,2,4,0,bride-family,1,95,3,4,8,12,Seat with Bride's Family. Keep children at the same table as their family.
VIP,43,5,0,0,0,2,5,0,vip,16,90,5,5,6,12,Move this guest to a VIP / Head table. Do not seat VIP at General or Friends.
Relatives,31,3,0,0,1,2,4,0,bride-family,1,95,3,4,8,12,Seat with Bride's Family. Keep children at the same table as their family.
VIP,22,5,0,0,0,2,5,0,vip,16,90,5,5,6,12,Move this guest to a VIP / Head table. Do not seat VIP at General or Friends.
Bride's Family,53,4,0,0,0,0,4,0,bride-family,1,95,3,4,8,12,Seat with Bride's Family. Keep children at the same table as their family.
Bride's Friends,36,2,1,0,0,0,3,0,friends,16,80,2,2,8,10,"Seat at a Friends table. If that suite is full, use General — not VIP / Head."
Bride's Family,39,4,0,0,0,0,4,0,bride-family,1,95,3,4,8,12,Seat with Bride's Family. Keep children at the same table as their family.
VIP,40,5,0,0,0,2,5,0,vip,16,90,5,5,6,12,Move this guest to a VIP / Head table. Do not seat VIP at General or Friends.
Relatives,43,3,0,0,0,2,4,0,groom-family,1,95,3,4,8,12,Seat with Groom's Family. Keep children at the same table as their family.
Bride's Family,65,4,1,0,0,0,4,0,bride-family,1,95,3,4,8,12,Seat with Bride's Family. Keep children at the same table as their family.
Groom's Family,68,4,0,0,1,1,4,0,groom-family,1,95,3,4,8,12,Seat with Groom's Family. Keep children at the same table as their family.
VIP,29,5,0,0,0,2,5,0,vip,16,90,5,5,6,12,Move this guest to a VIP / Head table. Do not seat VIP at General or Friends.
Groom's Friends,33,2,1,0,0,1,3,0,friends,16,80,2,2,8,10,"Seat at a Friends table. If that suite is full, use General — not VIP / Head."
VIP,72,5,1,0,0,2,5,0,vip,16,90,5,5,6,12,Move this guest to a VIP / Head table. Do not seat VIP at General or Friends.
Other,60,1,0,0,0,2,1,0,general,1,95,1,2,8,10,Seat at a General table. Add chairs if the table is already at max_seats.
VIP,65,5,0,0,0,2,5,0,vip,16,90,5,5,6,12,Move this guest to a VIP / Head table. Do not seat VIP at General or Friends.
VIP,36,5,0,0,0,2,5,0,vip,16,90,5,5,6,12,Move this guest to a VIP / Head table. Do not seat VIP at General or Friends.
Groom's Family,11,4,0,0,0,1,4,0,groom-family,1,95,3,4,8,12,Seat with Groom's Family. Keep children at the same table as their family.
VIP,35,5,0,0,1,2,5,0,vip,16,90,5,5,6,12,Move this guest to a VIP / Head table. Do not seat VIP at General or Friends.
VIP,44,5,0,0,1,2,5,0,vip,16,90,5,5,6,12,Move this guest to a VIP / Head table. Do not seat VIP at General or Friends.
Groom's Family,46,4,0,0,0,1,4,0,groom-family,1,95,3,4,8,12,Seat with Groom's Family. Keep children at the same table as their family.
Other,35,1,0,0,0,2,1,0,general,1,95,1,2,8,10,Seat at a General table. Add chairs if the table is already at max_seats.
Groom's Friends,22,2,0,0,1,1,3,0,friends,16,80,2,2,8,10,"Seat at a Friends table. If that suite is full, use General — not VIP / Head."
Relatives,14,3,0,1,0,2,4,0,bride-family,1,95,3,4,8,12,Seat with Bride's Family. Keep children at the same table as their family.
Groom's Family,25,4,0,0,1,1,4,0,groom-family,1,95,3,4,8,12,Seat with Groom's Family. Keep children at the same table as their family.
Neighbours,17,1,0,0,0,2,1,0,general,1,95,1,2,8,10,Seat at a General table. Add chairs if the table is already at max_seats.
Groom's Friends,41,2,0,0,0,1,3,0,friends,16,80,2,2,8,10,"Seat at a Friends table. If that suite is full, use General — not VIP / Head."
Other,23,1,0,0,0,2,1,0,general,1,95,1,2,8,10,Seat at a General table. Add chairs if the table is already at max_seats.
VIP,64,5,0,0,0,2,5,0,vip,16,90,5,5,6,12,Move this guest to a VIP / Head table. Do not seat VIP at General or Friends.
Bride's Family,45,4,0,0,0,0,4,0,bride-family,1,95,3,4,8,12,Seat with Bride's Family. Keep children at the same table as their family.
VIP,35,5,0,0,0,2,5,0,vip,16,90,5,5,6,12,Move this guest to a VIP / Head table. Do not seat VIP at General or Friends.
Relatives,55,3,0,0,0,2,4,0,bride-family,1,95,3,4,8,12,Seat with Bride's Family. Keep children at the same table as their family.
Bride's Colleagues,34,2,0,0,0,0,2,0,friends,16,80,2,2,8,10,"Seat at a Friends table. If that suite is full, use General — not VIP / Head."
Other,12,1,0,0,0,2,1,0,general,1,95,1,2,8,10,Seat at a General table. Add chairs if the table is already at max_seats.
Relatives,29,3,0,0,1,2,4,0,groom-family,1,95,3,4,8,12,Seat with Groom's Family. Keep children at the same table as their family.
Bride's Family,42,4,0,0,0,0,4,0,bride-family,1,95,3,4,8,12,Seat with Bride's Family. Keep children at the same table as their family.
Other,25,1,0,0,1,2,1,0,general,1,95,1,2,8,10,Seat at a General table. Add chairs if the table is already at max_seats.
Bride's Family,31,4,0,0,0,0,4,0,bride-family,1,95,3,4,8,12,Seat with Bride's Family. Keep children at the same table as their family.
Groom's Family,49,4,0,0,0,1,4,0,groom-family,1,95,3,4,8,12,Seat with Groom's Family. Keep children at the same table as their family.
Groom's Friends,36,2,0,0,0,1,3,0,friends,16,80,2,2,8,10,"Seat at a Friends table. If that suite is full, use General — not VIP / Head."
Groom's Family,25,4,1,0,0,1,4,0,groom-family,1,95,3,4,8,12,Seat with Groom's Family. Keep children at the same table as their family.
Groom's Family,39,4,0,0,0,1,4,0,groom-family,1,95,3,4,8,12,Seat with Groom's Family. Keep children at the same table as their family.
Other,44,1,0,0,0,2,1,0,general,1,95,1,2,8,10,Seat at a General table. Add chairs if the table is already at max_seats.
VIP,52,5,0,0,1,2,5,0,vip,16,90,5,5,6,12,Move this guest to a VIP / Head table. Do not seat VIP at General or Friends.
Bride's Friends,22,2,0,0,0,0,3,0,friends,16,80,2,2,8,10,"Seat at a Friends table. If that suite is full, use General — not VIP / Head."
VIP,51,5,0,0,0,2,5,0,vip,16,90,5,5,6,12,Move this guest to a VIP / Head table. Do not seat VIP at General or Friends.
Bride's Family,29,4,0,0,0,0,4,0,bride-family,1,95,3,4,8,12,Seat with Bride's Family. Keep children at the same table as their family.
Groom's Colleagues,27,2,0,0,0,1,2,0,friends,16,80,2,2,8,10,"Seat at a Friends table. If that suite is full, use General — not VIP / Head."
Neighbours,29,1,0,0,0,2,1,0,general,1,95,1,2,8,10,Seat at a General table. Add chairs if the table is already at max_seats.
VIP,66,5,0,0,0,2,5,0,vip,16,90,5,5,6,12,Move this guest to a VIP / Head table. Do not seat VIP at General or Friends.
Groom's Friends,33,2,0,0,0,1,3,0,friends,16,80,2,2,8,10,"Seat at a Friends table. If that suite is full, use General — not VIP / Head."
Groom's Friends,35,2,0,0,0,1,3,0,friends,16,80,2,2,8,10,"Seat at a Friends table. If that suite is full, use General — not VIP / Head."
VIP,72,5,0,0,0,2,5,0,vip,16,90,5,5,6,12,Move this guest to a VIP / Head table. Do not seat VIP at General or Friends.
Bride's Colleagues,35,2,0,0,1,0,2,0,friends,16,80,2,2,8,10,"Seat at a Friends table. If that suite is full, use General — not VIP / Head."
Bride's Colleagues,35,2,0,0,0,0,2,0,friends,16,80,2,2,8,10,"Seat at a Friends table. If that suite is full, use General — not VIP / Head."
Groom's Family,28,4,1,1,0,1,4,1,groom-family,1,95,3,4,8,12,Seat with Groom's Family. Keep children at the same table as their family.
Bride's Friends,23,2,0,0,0,0,3,0,friends,16,80,2,2,8,10,"Seat at a Friends table. If that suite is full, use General — not VIP / Head."
Relatives,35,3,0,0,0,2,4,0,bride-family,1,95,3,4,8,12,Seat with Bride's Family. Keep children at the same table as their family.
Groom's Family,28,4,0,0,0,1,4,0,groom-family,1,95,3,4,8,12,Seat with Groom's Family. Keep children at the same table as their family.
Neighbours,31,1,0,0,0,2,1,0,general,1,95,1,2,8,10,Seat at a General table. Add chairs if the table is already at max_seats.
Bride's Family,66,4,0,0,0,0,4,0,bride-family,1,95,3,4,8,12,Seat with Bride's Family. Keep children at the same table as their family.
VIP,44,5,0,0,1,2,5,0,vip,16,90,5,5,6,12,Move this guest to a VIP / Head table. Do not seat VIP at General or Friends.
VIP,61,5,0,0,1,2,5,0,vip,16,90,5,5,6,12,Move this guest to a VIP / Head table. Do not seat VIP at General or Friends.
VIP,58,5,0,0,1,2,5,0,vip,16,90,5,5,6,12,Move this guest to a VIP / Head table. Do not seat VIP at General or Friends.
VIP,51,5,0,0,0,2,5,0,vip,16,90,5,5,6,12,Move this guest to a VIP / Head table. Do not seat VIP at General or Friends.
Groom's Family,60,4,0,0,0,1,4,0,groom-family,1,95,3,4,8,12,Seat with Groom's Family. Keep children at the same table as their family.
VIP,61,5,0,0,0,2,5,0,vip,16,90,5,5,6,12,Move this guest to a VIP / Head table. Do not seat VIP at General or Friends.
Relatives,68,3,0,0,0,2,4,0,bride-family,1,95,3,4,8,12,Seat with Bride's Family. Keep children at the same table as their family.
VIP,37,5,0,0,1,2,5,0,vip,16,90,5,5,6,12,Move this guest to a VIP / Head table. Do not seat VIP at General or Friends.
Other,23,1,0,0,0,2,1,0,general,1,95,1,2,8,10,Seat at a General table. Add chairs if the table is already at max_seats.
Bride's Colleagues,28,2,0,0,0,0,2,0,friends,16,80,2,2,8,10,"Seat at a Friends table. If that suite is full, use General — not VIP / Head."
Other,66,1,0,0,0,2,1,0,general,1,95,1,2,8,10,Seat at a General table. Add chairs if the table is already at max_seats.
Bride's Friends,35,2,0,0,0,0,3,0,friends,16,80,2,2,8,10,"Seat at a Friends table. If that suite is full, use General — not VIP / Head."
Groom's Family,59,4,0,0,0,1,4,0,groom-family,1,95,3,4,8,12,Seat with Groom's Family. Keep children at the same table as their family.
VIP,47,5,0,0,0,2,5,0,vip,16,90,5,5,6,12,Move this guest to a VIP / Head table. Do not seat VIP at General or Friends.
VIP,36,5,1,0,0,2,5,0,vip,16,90,5,5,6,12,Move this guest to a VIP / Head table. Do not seat VIP at General or Friends.
Bride's Family,70,4,0,0,0,0,4,0,bride-family,1,95,3,4,8,12,Seat with Bride's Family. Keep children at the same table as their family.
Bride's Family,59,4,0,0,0,0,4,0,bride-family,1,95,3,4,8,12,Seat with Bride's Family. Keep children at the same table as their family.
VIP,72,5,0,0,0,2,5,0,vip,16,90,5,5,6,12,Move this guest to a VIP / Head table. Do not seat VIP at General or Friends.
VIP,34,5,0,0,0,2,5,0,vip,16,90,5,5,6,12,Move this guest to a VIP / Head table. Do not seat VIP at General or Friends.
Groom's Colleagues,70,2,0,0,0,1,2,0,friends,16,80,2,2,8,10,"Seat at a Friends table. If that suite is full, use General — not VIP / Head."
Other,57,1,0,0,0,2,1,0,general,1,95,1,2,8,10,Seat at a General table. Add chairs if the table is already at max_seats.
Relatives,41,3,0,0,0,2,4,0,bride-family,1,95,3,4,8,12,Seat with Bride's Family. Keep children at the same table as their family.
Bride's Family,68,4,0,0,0,0,4,0,bride-family,1,95,3,4,8,12,Seat with Bride's Family. Keep children at the same table as their family.
Relatives,25,3,0,1,0,2,4,0,groom-family,1,95,3,4,8,12,Seat with Groom's Family. Keep children at the same table as their family.
Groom's Colleagues,35,2,0,0,0,1,2,0,friends,16,80,2,2,8,10,"Seat at a Friends table. If that suite is full, use General — not VIP / Head."
Relatives,56,3,0,0,0,2,4,0,bride-family,1,95,3,4,8,12,Seat with Bride's Family. Keep children at the same table as their family.
Other,49,1,0,0,0,2,1,0,general,1,95,1,2,8,10,Seat at a General table. Add chairs if the table is already at max_seats.
VIP,32,5,0,0,1,2,5,0,vip,16,90,5,5,6,12,Move this guest to a VIP / Head table. Do not seat VIP at General or Friends.
VIP,35,5,0,0,1,2,5,0,vip,16,90,5,5,6,12,Move this guest to a VIP / Head table. Do not seat VIP at General or Friends.
Groom's Family,35,4,0,0,0,1,4,0,groom-family,1,95,3,4,8,12,Seat with Groom's Family. Keep children at the same table as their family.
VIP,61,5,0,1,0,2,5,0,vip,16,90,5,5,6,12,Move this guest to a VIP / Head table. Do not seat VIP at General or Friends.
Groom's Colleagues,35,2,0,0,0,1,2,0,friends,16,80,2,2,8,10,"Seat at a Friends table. If that suite is full, use General — not VIP / Head."
Relatives,35,3,0,0,0,2,4,0,bride-family,1,95,3,4,8,12,Seat with Bride's Family. Keep children at the same table as their family.
Groom's Family,35,4,0,0,0,1,4,0,groom-family,1,95,3,4,8,12,Seat with Groom's Family. Keep children at the same table as their family.
Bride's Friends,42,2,0,0,0,0,3,0,friends,16,80,2,2,8,10,"Seat at a Friends table. If that suite is full, use General — not VIP / Head."
VIP,59,5,0,1,0,2,5,0,vip,16,90,5,5,6,12,Move this guest to a VIP / Head table. Do not seat VIP at General or Friends.
Neighbours,38,1,0,0,0,2,1,0,general,1,95,1,2,8,10,Seat at a General table. Add chairs if the table is already at max_seats.
Bride's Family,44,4,0,0,0,0,4,0,bride-family,1,95,3,4,8,12,Seat with Bride's Family. Keep children at the same table as their family.
Bride's Family,55,4,0,0,0,0,4,0,bride-family,1,95,3,4,8,12,Seat with Bride's Family. Keep children at the same table as their family.
Neighbours,28,1,0,0,0,2,1,0,general,1,95,1,2,8,10,Seat at a General table. Add chairs if the table is already at max_seats.
Groom's Friends,32,2,0,0,1,1,3,0,friends,16,80,2,2,8,10,"Seat at a Friends table. If that suite is full, use General — not VIP / Head."
Neighbours,41,1,0,0,0,2,1,0,general,1,95,1,2,8,10,Seat at a General table. Add chairs if the table is already at max_seats.
VIP,68,5,0,0,0,2,5,0,vip,16,90,5,5,6,12,Move this guest to a VIP / Head table. Do not seat VIP at General or Friends.
VIP,28,5,0,0,0,2,5,0,vip,16,90,5,5,6,12,Move this guest to a VIP / Head table. Do not seat VIP at General or Friends.
VIP,60,5,0,0,0,2,5,0,vip,16,90,5,5,6,12,Move this guest to a VIP / Head table. Do not seat VIP at General or Friends.
Bride's Family,21,4,0,0,0,0,4,0,bride-family,1,95,3,4,8,12,Seat with Bride's Family. Keep children at the same table as their family.
Bride's Colleagues,28,2,1,0,0,0,2,0,friends,16,80,2,2,8,10,"Seat at a Friends table. If that suite is full, use General — not VIP / Head."
Other,62,1,0,0,0,2,1,0,general,1,95,1,2,8,10,Seat at a General table. Add chairs if the table is already at max_seats.
Groom's Family,45,4,0,0,0,1,4,0,groom-family,1,95,3,4,8,12,Seat with Groom's Family. Keep children at the same table as their family.
Bride's Family,37,4,1,1,0,0,4,0,bride-family,1,95,3,4,8,12,Seat with Bride's Family. Keep children at the same table as their family.
Groom's Family,35,4,0,0,1,1,4,0,groom-family,1,95,3,4,8,12,Seat with Groom's Family. Keep children at the same table as their family.
Other,61,1,0,0,1,2,1,0,general,1,95,1,2,8,10,Seat at a General table. Add chairs if the table is already at max_seats.
Other,36,1,0,0,1,2,1,0,general,1,95,1,2,8,10,Seat at a General table. Add chairs if the table is already at max_seats.
Other,21,1,0,1,0,2,1,0,general,1,95,1,2,8,10,Seat at a General table. Add chairs if the table is already at max_seats.
Bride's Family,67,4,0,0,0,0,4,0,bride-family,1,95,3,4,8,12,Seat with Bride's Family. Keep children at the same table as their family.
Neighbours,37,1,0,0,0,2,1,0,general,1,95,1,2,8,10,Seat at a General table. Add chairs if the table is already at max_seats.
Bride's Family,72,4,0,0,0,0,4,0,bride-family,1,95,3,4,8,12,Seat with Bride's Family. Keep children at the same table as their family.
VIP,37,5,0,0,0,2,5,0,vip,16,90,5,5,6,12,Move this guest to a VIP / Head table. Do not seat VIP at General or Friends.
VIP,35,5,0,0,0,2,5,0,vip,16,90,5,5,6,12,Move this guest to a VIP / Head table. Do not seat VIP at General or Friends.
Neighbours,60,1,1,0,0,2,1,0,general,1,95,1,2,8,10,Seat at a General table. Add chairs if the table is already at max_seats.
VIP,35,5,0,0,0,2,5,0,vip,16,90,5,5,6,12,Move this guest to a VIP / Head table. Do not seat VIP at General or Friends.
Groom's Family,35,4,0,0,0,1,4,0,groom-family,1,95,3,4,8,12,Seat with Groom's Family. Keep children at the same table as their family.
Neighbours,18,1,0,0,0,2,1,0,general,1,95,1,2,8,10,Seat at a General table. Add chairs if the table is already at max_seats.
VIP,55,5,0,0,0,2,5,0,vip,16,90,5,5,6,12,Move this guest to a VIP / Head table. Do not seat VIP at General or Friends.
VIP,57,5,0,0,0,2,5,0,vip,16,90,5,5,6,12,Move this guest to a VIP / Head table. Do not seat VIP at General or Friends.
Relatives,43,3,0,0,0,2,4,0,bride-family,1,95,3,4,8,12,Seat with Bride's Family. Keep children at the same table as their family.
VIP,35,5,0,0,0,2,5,0,vip,16,90,5,5,6,12,Move this guest to a VIP / Head table. Do not seat VIP at General or Friends.
Other,11,1,0,0,0,2,1,0,general,1,95,1,2,8,10,Seat at a General table. Add chairs if the table is already at max_seats.
Groom's Colleagues,29,2,0,0,1,1,2,0,friends,16,80,2,2,8,10,"Seat at a Friends table. If that suite is full, use General — not VIP / Head."
Neighbours,10,1,0,0,0,2,1,1,general,1,95,1,2,8,10,Seat at a General table. Add chairs if the table is already at max_seats.
VIP,50,5,0,0,0,2,5,0,vip,16,90,5,5,6,12,Move this guest to a VIP / Head table. Do not seat VIP at General or Friends.
Bride's Friends,37,2,0,0,1,0,3,0,friends,16,80,2,2,8,10,"Seat at a Friends table. If that suite is full, use General — not VIP / Head."
VIP,40,5,0,0,1,2,5,0,vip,16,90,5,5,6,12,Move this guest to a VIP / Head table. Do not seat VIP at General or Friends.
Neighbours,38,1,0,0,0,2,1,0,general,1,95,1,2,8,10,Seat at a General table. Add chairs if the table is already at max_seats.
Other,17,1,0,0,0,2,1,0,general,1,95,1,2,8,10,Seat at a General table. Add chairs if the table is already at max_seats.
VIP,23,5,0,1,1,2,5,0,vip,16,90,5,5,6,12,Move this guest to a VIP / Head table. Do not seat VIP at General or Friends.
Groom's Family,52,4,0,0,0,1,4,0,groom-family,1,95,3,4,8,12,Seat with Groom's Family. Keep children at the same table as their family.
Bride's Friends,27,2,0,0,1,0,3,0,friends,16,80,2,2,8,10,"Seat at a Friends table. If that suite is full, use General — not VIP / Head."
Relatives,65,3,0,0,0,2,4,0,bride-family,1,95,3,4,8,12,Seat with Bride's Family. Keep children at the same table as their family.
Groom's Friends,25,2,0,0,0,1,3,0,friends,16,80,2,2,8,10,"Seat at a Friends table. If that suite is full, use General — not VIP / Head."
Other,59,1,0,0,0,2,1,0,general,1,95,1,2,8,10,Seat at a General table. Add chairs if the table is already at max_seats.
VIP,46,5,1,0,0,2,5,0,vip,16,90,5,5,6,12,Move this guest to a VIP / Head table. Do not seat VIP at General or Friends.
VIP,65,5,0,0,1,2,5,0,vip,16,90,5,5,6,12,Move this guest to a VIP / Head table. Do not seat VIP at General or Friends.
Relatives,29,3,1,0,0,2,4,0,groom-family,1,95,3,4,8,12,Seat with Groom's Family. Keep children at the same table as their family.
Groom's Family,18,4,0,0,0,1,4,0,groom-family,1,95,3,4,8,12,Seat with Groom's Family. Keep children at the same table as their family.
Groom's Friends,25,2,0,0,0,1,3,0,friends,16,80,2,2,8,10,"Seat at a Friends table. If that suite is full, use General — not VIP / Head."
VIP,39,5,0,0,0,2,5,0,vip,16,90,5,5,6,12,Move this guest to a VIP / Head table. Do not seat VIP at General or Friends.
Groom's Family,38,4,0,0,1,1,4,0,groom-family,1,95,3,4,8,12,Seat with Groom's Family. Keep children at the same table as their family.
Groom's Colleagues,49,2,0,0,1,1,2,0,friends,16,80,2,2,8,10,"Seat at a Friends table. If that suite is full, use General — not VIP / Head."
Bride's Family,54,4,0,0,0,0,4,0,bride-family,1,95,3,4,8,12,Seat with Bride's Family. Keep children at the same table as their family.
Other,35,1,0,0,0,2,1,0,general,1,95,1,2,8,10,Seat at a General table. Add chairs if the table is already at max_seats.
Other,8,1,0,0,0,2,1,0,general,1,95,1,2,8,10,Seat at a General table. Add chairs if the table is already at max_seats.
Groom's Family,56,4,0,0,0,1,4,0,groom-family,1,95,3,4,8,12,Seat with Groom's Family. Keep children at the same table as their family.
Groom's Family,71,4,1,0,1,1,4,0,groom-family,1,95,3,4,8,12,Seat with Groom's Family. Keep children at the same table as their family.
Bride's Family,44,4,0,0,0,0,4,0,bride-family,1,95,3,4,8,12,Seat with Bride's Family. Keep children at the same table as their family.
Groom's Colleagues,40,2,0,0,0,1,2,0,friends,16,80,2,2,8,10,"Seat at a Friends table. If that suite is full, use General — not VIP / Head."
Neighbours,63,1,0,0,1,2,1,0,general,1,95,1,2,8,10,Seat at a General table. Add chairs if the table is already at max_seats.
Bride's Friends,21,2,0,0,0,0,3,0,friends,16,80,2,2,8,10,"Seat at a Friends table. If that suite is full, use General — not VIP / Head."
Relatives,53,3,0,0,1,2,4,0,bride-family,1,95,3,4,8,12,Seat with Bride's Family. Keep children at the same table as their family.
Bride's Family,35,4,1,0,0,0,4,0,bride-family,1,95,3,4,8,12,Seat with Bride's Family. Keep children at the same table as their family.
VIP,53,5,0,0,0,2,5,0,vip,16,90,5,5,6,12,Move this guest to a VIP / Head table. Do not seat VIP at General or Friends.
VIP,63,5,0,0,0,2,5,0,vip,16,90,5,5,6,12,Move this guest to a VIP / Head table. Do not seat VIP at General or Friends.
Groom's Friends,28,2,0,0,0,1,3,0,friends,16,80,2,2,8,10,"Seat at a Friends table. If that suite is full, use General — not VIP / Head."
Neighbours,35,1,0,0,0,2,1,0,general,1,95,1,2,8,10,Seat at a General table. Add chairs if the table is already at max_seats.
VIP,45,5,0,0,0,2,5,0,vip,16,90,5,5,6,12,Move this guest to a VIP / Head table. Do not seat VIP at General or Friends.
Bride's Friends,26,2,0,0,0,0,3,0,friends,16,80,2,2,8,10,"Seat at a Friends table. If that suite is full, use General — not VIP / Head."
Other,35,1,0,0,0,2,1,0,general,1,95,1,2,8,10,Seat at a General table. Add chairs if the table is already at max_seats.
Bride's Family,40,4,0,0,1,0,4,0,bride-family,1,95,3,4,8,12,Seat with Bride's Family. Keep children at the same table as their family.
Neighbours,58,1,0,0,0,2,1,0,general,1,95,1,2,8,10,Seat at a General table. Add chairs if the table is already at max_seats.
Bride's Family,35,4,0,0,0,0,4,0,bride-family,1,95,3,4,8,12,Seat with Bride's Family. Keep children at the same table as their family.
Groom's Family,39,4,0,1,0,1,4,0,groom-family,1,95,3,4,8,12,Seat with Groom's Family. Keep children at the same table as their family.
VIP,67,5,0,0,1,2,5,0,vip,16,90,5,5,6,12,Move this guest to a VIP / Head table. Do not seat VIP at General or Friends.
Groom's Family,12,4,0,0,0,1,4,0,groom-family,1,95,3,4,8,12,Seat with Groom's Family. Keep children at the same table as their family.
Relatives,35,3,0,0,1,2,4,0,bride-family,1,95,3,4,8,12,Seat with Bride's Family. Keep children at the same table as their family.
Neighbours,43,1,0,0,1,2,1,0,general,1,95,1,2,8,10,Seat at a General table. Add chairs if the table is already at max_seats.
VIP,69,5,0,0,1,2,5,0,vip,16,90,5,5,6,12,Move this guest to a VIP / Head table. Do not seat VIP at General or Friends.
Relatives,40,3,0,0,0,2,4,0,groom-family,1,95,3,4,8,12,Seat with Groom's Family. Keep children at the same table as their family.
VIP,51,5,0,0,1,2,5,0,vip,16,90,5,5,6,12,Move this guest to a VIP / Head table. Do not seat VIP at General or Friends.
VIP,48,5,0,0,0,2,5,0,vip,16,90,5,5,6,12,Move this guest to a VIP / Head table. Do not seat VIP at General or Friends.
Relatives,42,3,0,0,1,2,4,0,groom-family,1,95,3,4,8,12,Seat with Groom's Family. Keep children at the same table as their family.
VIP,20,5,1,0,0,2,5,0,vip,16,90,5,5,6,12,Move this guest to a VIP / Head table. Do not seat VIP at General or Friends.
Groom's Colleagues,43,2,0,0,0,1,2,0,friends,16,80,2,2,8,10,"Seat at a Friends table. If that suite is full, use General — not VIP / Head."
Other,27,1,0,0,0,2,1,0,general,1,95,1,2,8,10,Seat at a General table. Add chairs if the table is already at max_seats.
Groom's Family,56,4,0,0,1,1,4,0,groom-family,1,95,3,4,8,12,Seat with Groom's Family. Keep children at the same table as their family.
Other,35,1,0,0,0,2,1,0,general,1,95,1,2,8,10,Seat at a General table. Add chairs if the table is already at max_seats.
Other,74,1,0,0,0,2,1,0,general,1,95,1,2,8,10,Seat at a General table. Add chairs if the table is already at max_seats.
Relatives,78,3,0,0,0,2,4,0,groom-family,1,95,3,4,8,12,Seat with Groom's Family. Keep children at the same table as their family.
Groom's Family,63,4,0,0,0,1,4,0,groom-family,1,95,3,4,8,12,Seat with Groom's Family. Keep children at the same table as their family.
Neighbours,38,1,0,1,0,2,1,0,general,1,95,1,2,8,10,Seat at a General table. Add chairs if the table is already at max_seats.
Bride's Colleagues,43,2,0,0,0,0,2,0,friends,16,80,2,2,8,10,"Seat at a Friends table. If that suite is full, use General — not VIP / Head."
VIP,51,5,0,0,0,2,5,0,vip,16,90,5,5,6,12,Move this guest to a VIP / Head table. Do not seat VIP at General or Friends.
VIP,18,5,0,0,0,2,5,0,vip,16,90,5,5,6,12,Move this guest to a VIP / Head table. Do not seat VIP at General or Friends.
Groom's Colleagues,37,2,0,0,1,1,2,0,friends,16,80,2,2,8,10,"Seat at a Friends table. If that suite is full, use General — not VIP / Head."
Relatives,37,3,0,0,0,2,4,0,bride-family,1,95,3,4,8,12,Seat with Bride's Family. Keep children at the same table as their family.
VIP,35,5,0,0,1,2,5,0,vip,16,90,5,5,6,12,Move this guest to a VIP / Head table. Do not seat VIP at General or Friends.
Bride's Family,35,4,0,0,0,0,4,0,bride-family,1,95,3,4,8,12,Seat with Bride's Family. Keep children at the same table as their family.
Groom's Friends,40,2,0,0,1,1,3,0,friends,16,80,2,2,8,10,"Seat at a Friends table. If that suite is full, use General — not VIP / Head."
VIP,49,5,0,0,0,2,5,0,vip,16,90,5,5,6,12,Move this guest to a VIP / Head table. Do not seat VIP at General or Friends.
Neighbours,40,1,0,0,0,2,1,0,general,1,95,1,2,8,10,Seat at a General table. Add chairs if the table is already at max_seats.
Other,35,1,0,0,0,2,1,0,general,1,95,1,2,8,10,Seat at a General table. Add chairs if the table is already at max_seats.
Groom's Colleagues,40,2,0,0,0,1,2,0,friends,16,80,2,2,8,10,"Seat at a Friends table. If that suite is full, use General — not VIP / Head."
Bride's Family,64,4,0,0,0,0,4,1,bride-family,1,95,3,4,8,12,Seat with Bride's Family. Keep children at the same table as their family.
Relatives,50,3,0,0,0,2,4,0,bride-family,1,95,3,4,8,12,Seat with Bride's Family. Keep children at the same table as their family.
Relatives,45,3,0,0,1,2,4,0,bride-family,1,95,3,4,8,12,Seat with Bride's Family. Keep children at the same table as their family.
Bride's Friends,31,2,0,0,0,0,3,0,friends,16,80,2,2,8,10,"Seat at a Friends table. If that suite is full, use General — not VIP / Head."
VIP,28,5,1,0,0,2,5,0,vip,16,90,5,5,6,12,Move this guest to a VIP / Head table. Do not seat VIP at General or Friends.
Bride's Colleagues,26,2,0,0,0,0,2,0,friends,16,80,2,2,8,10,"Seat at a Friends table. If that suite is full, use General — not VIP / Head."
Groom's Friends,39,2,0,0,0,1,3,0,friends,16,80,2,2,8,10,"Seat at a Friends table. If that suite is full, use General — not VIP / Head."
Groom's Family,45,4,0,0,1,1,4,0,groom-family,1,95,3,4,8,12,Seat with Groom's Family. Keep children at the same table as their family.
Relatives,40,3,0,0,0,2,4,0,groom-family,1,95,3,4,8,12,Seat with Groom's Family. Keep children at the same table as their family.
Bride's Family,71,4,0,0,0,0,4,0,bride-family,1,95,3,4,8,12,Seat with Bride's Family. Keep children at the same table as their family.
Bride's Family,27,4,0,0,0,0,4,0,bride-family,1,95,3,4,8,12,Seat with Bride's Family. Keep children at the same table as their family.
Bride's Friends,39,2,0,0,0,0,3,0,friends,16,80,2,2,8,10,"Seat at a Friends table. If that suite is full, use General — not VIP / Head."
Relatives,79,3,0,0,0,2,4,0,bride-family,1,95,3,4,8,12,Seat with Bride's Family. Keep children at the same table as their family.
VIP,72,5,1,0,0,2,5,0,vip,16,90,5,5,6,12,Move this guest to a VIP / Head table. Do not seat VIP at General or Friends.
Bride's Family,35,4,0,0,1,0,4,0,bride-family,1,95,3,4,8,12,Seat with Bride's Family. Keep children at the same table as their family.
Bride's Family,32,4,0,0,0,0,4,0,bride-family,1,95,3,4,8,12,Seat with Bride's Family. Keep children at the same table as their family.
Bride's Family,52,4,0,1,0,0,4,0,bride-family,1,95,3,4,8,12,Seat with Bride's Family. Keep children at the same table as their family.
Groom's Family,63,4,0,0,1,1,4,0,groom-family,1,95,3,4,8,12,Seat with Groom's Family. Keep children at the same table as their family.
Groom's Family,35,4,0,0,0,1,4,0,groom-family,1,95,3,4,8,12,Seat with Groom's Family. Keep children at the same table as their family.
Bride's Family,70,4,0,0,0,0,4,0,bride-family,1,95,3,4,8,12,Seat with Bride's Family. Keep children at the same table as their family.
Neighbours,50,1,0,0,0,2,1,0,general,1,95,1,2,8,10,Seat at a General table. Add chairs if the table is already at max_seats.
Other,53,1,0,0,0,2,1,0,general,1,95,1,2,8,10,Seat at a General table. Add chairs if the table is already at max_seats.
Neighbours,45,1,0,0,1,2,1,0,general,1,95,1,2,8,10,Seat at a General table. Add chairs if the table is already at max_seats.
Groom's Family,35,4,0,0,1,1,4,0,groom-family,1,95,3,4,8,12,Seat with Groom's Family. Keep children at the same table as their family.
Groom's Family,42,4,0,0,0,1,4,0,groom-family,1,95,3,4,8,12,Seat with Groom's Family. Keep children at the same table as their family.
Groom's Family,62,4,0,0,1,1,4,0,groom-family,1,95,3,4,8,12,Seat with Groom's Family. Keep children at the same table as their family.
VIP,27,5,0,0,0,2,5,0,vip,16,90,5,5,6,12,Move this guest to a VIP / Head table. Do not seat VIP at General or Friends.
Relatives,66,3,0,0,0,2,4,0,bride-family,1,95,3,4,8,12,Seat with Bride's Family. Keep children at the same table as their family.
Groom's Family,75,4,0,0,0,1,4,0,groom-family,1,95,3,4,8,12,Seat with Groom's Family. Keep children at the same table as their family.
Neighbours,30,1,0,0,0,2,1,0,general,1,95,1,2,8,10,Seat at a General table. Add chairs if the table is already at max_seats.
VIP,27,5,0,0,0,2,5,0,vip,16,90,5,5,6,12,Move this guest to a VIP / Head table. Do not seat VIP at General or Friends.
Bride's Family,71,4,0,0,0,0,4,0,bride-family,1,95,3,4,8,12,Seat with Bride's Family. Keep children at the same table as their family.
Bride's Family,59,4,0,0,0,0,4,0,bride-family,1,95,3,4,8,12,Seat with Bride's Family. Keep children at the same table as their family.
Relatives,35,3,0,0,1,2,4,0,bride-family,1,95,3,4,8,12,Seat with Bride's Family. Keep children at the same table as their family.
Groom's Family,35,4,0,0,0,1,4,0,groom-family,1,95,3,4,8,12,Seat with Groom's Family. Keep children at the same table as their family.
Groom's Family,18,4,0,0,0,1,4,0,groom-family,1,95,3,4,8,12,Seat with Groom's Family. Keep children at the same table as their family.
Bride's Family,73,4,0,0,0,0,4,0,bride-family,1,95,3,4,8,12,Seat with Bride's Family. Keep children at the same table as their family.
VIP,43,5,0,0,0,2,5,1,vip,16,90,5,5,6,12,Move this guest to a VIP / Head table. Do not seat VIP at General or Friends.
Relatives,85,3,0,0,1,2,4,0,bride-family,1,95,3,4,8,12,Seat with Bride's Family. Keep children at the same table as their family.
Neighbours,35,1,0,0,0,2,1,0,general,1,95,1,2,8,10,Seat at a General table. Add chairs if the table is already at max_seats.
Bride's Colleagues,40,2,0,0,0,0,2,0,friends,16,80,2,2,8,10,"Seat at a Friends table. If that suite is full, use General — not VIP / Head."
Neighbours,44,1,0,0,0,2,1,0,general,1,95,1,2,8,10,Seat at a General table. Add chairs if the table is already at max_seats.
Groom's Family,70,4,0,0,1,1,4,0,groom-family,1,95,3,4,8,12,Seat with Groom's Family. Keep children at the same table as their family.
Groom's Friends,35,2,0,0,0,1,3,0,friends,16,80,2,2,8,10,"Seat at a Friends table. If that suite is full, use General — not VIP / Head."
Groom's Colleagues,30,2,0,0,0,1,2,0,friends,16,80,2,2,8,10,"Seat at a Friends table. If that suite is full, use General — not VIP / Head."
Other,75,1,0,0,0,2,1,0,general,1,95,1,2,8,10,Seat at a General table. Add chairs if the table is already at max_seats.
Bride's Colleagues,70,2,0,0,0,0,2,0,friends,16,80,2,2,8,10,"Seat at a Friends table. If that suite is full, use General — not VIP / Head."
Groom's Family,35,4,0,0,0,1,4,0,groom-family,1,95,3,4,8,12,Seat with Groom's Family. Keep children at the same table as their family.
Groom's Family,51,4,0,0,0,1,4,0,groom-family,1,95,3,4,8,12,Seat with Groom's Family. Keep children at the same table as their family.
Other,33,1,0,0,0,2,1,0,general,1,95,1,2,8,10,Seat at a General table. Add chairs if the table is already at max_seats.
Relatives,70,3,0,0,1,2,4,0,groom-family,1,95,3,4,8,12,Seat with Groom's Family. Keep children at the same table as their family.
Groom's Family,59,4,0,0,0,1,4,0,groom-family,1,95,3,4,8,12,Seat with Groom's Family. Keep children at the same table as their family.
Bride's Colleagues,35,2,0,0,0,0,2,0,friends,16,80,2,2,8,10,"Seat at a Friends table. If that suite is full, use General — not VIP / Head."
Neighbours,41,1,0,0,1,2,1,0,general,1,95,1,2,8,10,Seat at a General table. Add chairs if the table is already at max_seats.
Groom's Family,46,4,0,0,1,1,4,0,groom-family,1,95,3,4,8,12,Seat with Groom's Family. Keep children at the same table as their family.
Bride's Friends,41,2,0,0,1,0,3,0,friends,16,80,2,2,8,10,"Seat at a Friends table. If that suite is full, use General — not VIP / Head."
Groom's Family,43,4,0,0,0,1,4,0,groom-family,1,95,3,4,8,12,Seat with Groom's Family. Keep children at the same table as their family.
Other,35,1,0,0,0,2,1,0,general,1,95,1,2,8,10,Seat at a General table. Add chairs if the table is already at max_seats.
Neighbours,38,1,0,0,0,2,1,0,general,1,95,1,2,8,10,Seat at a General table. Add chairs if the table is already at max_seats.
Relatives,68,3,0,0,0,2,4,0,groom-family,1,95,3,4,8,12,Seat with Groom's Family. Keep children at the same table as their family.
Bride's Family,35,4,0,0,0,0,4,0,bride-family,1,95,3,4,8,12,Seat with Bride's Family. Keep children at the same table as their family.
VIP,63,5,0,0,0,2,5,0,vip,16,90,5,5,6,12,Move this guest to a VIP / Head table. Do not seat VIP at General or Friends.
Relatives,31,3,0,0,0,2,4,0,groom-family,1,95,3,4,8,12,Seat with Groom's Family. Keep children at the same table as their family.
Relatives,35,3,0,0,0,2,4,0,bride-family,1,95,3,4,8,12,Seat with Bride's Family. Keep children at the same table as their family.
Groom's Colleagues,41,2,0,0,0,1,2,0,friends,16,80,2,2,8,10,"Seat at a Friends table. If that suite is full, use General — not VIP / Head."
Bride's Colleagues,44,2,0,0,1,0,2,0,friends,16,80,2,2,8,10,"Seat at a Friends table. If that suite is full, use General — not VIP / Head."
Relatives,38,3,0,0,0,2,4,0,bride-family,1,95,3,4,8,12,Seat with Bride's Family. Keep children at the same table as their family.
Neighbours,69,1,1,0,0,2,1,0,general,1,95,1,2,8,10,Seat at a General table. Add chairs if the table is already at max_seats.
Other,35,1,0,0,0,2,1,0,general,1,95,1,2,8,10,Seat at a General table. Add chairs if the table is already at max_seats.
VIP,40,5,0,0,1,2,5,0,vip,16,90,5,5,6,12,Move this guest to a VIP / Head table. Do not seat VIP at General or Friends.
VIP,58,5,0,0,1,2,5,0,vip,16,90,5,5,6,12,Move this guest to a VIP / Head table. Do not seat VIP at General or Friends.
Relatives,19,3,0,0,0,2,4,0,groom-family,1,95,3,4,8,12,Seat with Groom's Family. Keep children at the same table as their family.
Bride's Family,5,4,0,0,0,0,4,0,bride-family,1,95,3,4,8,12,Seat with Bride's Family. Keep children at the same table as their family.
Bride's Family,42,4,0,0,0,0,4,0,bride-family,1,95,3,4,8,12,Seat with Bride's Family. Keep children at the same table as their family.
Bride's Family,35,4,0,0,0,0,4,0,bride-family,1,95,3,4,8,12,Seat with Bride's Family. Keep children at the same table as their family.
Groom's Family,73,4,0,0,0,1,4,1,groom-family,1,95,3,4,8,12,Seat with Groom's Family. Keep children at the same table as their family.
Groom's Family,54,4,0,0,0,1,4,0,groom-family,1,95,3,4,8,12,Seat with Groom's Family. Keep children at the same table as their family.
Groom's Friends,30,2,0,0,0,1,3,0,friends,16,80,2,2,8,10,"Seat at a Friends table. If that suite is full, use General — not VIP / Head."
Relatives,40,3,0,0,1,2,4,0,groom-family,1,95,3,4,8,12,Seat with Groom's Family. Keep children at the same table as their family.
Relatives,56,3,0,0,0,2,4,0,bride-family,1,95,3,4,8,12,Seat with Bride's Family. Keep children at the same table as their family.
Neighbours,67,1,0,0,1,2,1,0,general,1,95,1,2,8,10,Seat at a General table. Add chairs if the table is already at max_seats.
VIP,40,5,0,0,0,2,5,0,vip,16,90,5,5,6,12,Move this guest to a VIP / Head table. Do not seat VIP at General or Friends.
VIP,45,5,0,0,0,2,5,0,vip,16,90,5,5,6,12,Move this guest to a VIP / Head table. Do not seat VIP at General or Friends.
Groom's Family,80,4,0,0,1,1,4,0,groom-family,1,95,3,4,8,12,Seat with Groom's Family. Keep children at the same table as their family.
Groom's Colleagues,35,2,0,0,0,1,2,0,friends,16,80,2,2,8,10,"Seat at a Friends table. If that suite is full, use General — not VIP / Head."
Relatives,59,3,0,0,1,2,4,0,groom-family,1,95,3,4,8,12,Seat with Groom's Family. Keep children at the same table as their family.
Bride's Family,71,4,1,0,1,0,4,0,bride-family,1,95,3,4,8,12,Seat with Bride's Family. Keep children at the same table as their family.
Bride's Family,35,4,0,0,0,0,4,0,bride-family,1,95,3,4,8,12,Seat with Bride's Family. Keep children at the same table as their family.
Other,35,1,0,0,0,2,1,0,general,1,95,1,2,8,10,Seat at a General table. Add chairs if the table is already at max_seats.
VIP,72,5,1,0,0,2,5,0,vip,16,90,5,5,6,12,Move this guest to a VIP / Head table. Do not seat VIP at General or Friends.
Groom's Colleagues,31,2,0,0,0,1,2,0,friends,16,80,2,2,8,10,"Seat at a Friends table. If that suite is full, use General — not VIP / Head."
Other,30,1,0,0,1,2,1,0,general,1,95,1,2,8,10,Seat at a General table. Add chairs if the table is already at max_seats.
Neighbours,18,1,0,0,1,2,1,0,general,1,95,1,2,8,10,Seat at a General table. Add chairs if the table is already at max_seats.
Neighbours,46,1,0,0,1,2,1,0,general,1,95,1,2,8,10,Seat at a General table. Add chairs if the table is already at max_seats.
Other,42,1,0,0,0,2,1,0,general,1,95,1,2,8,10,Seat at a General table. Add chairs if the table is already at max_seats.
Bride's Family,39,4,0,0,1,0,4,0,bride-family,1,95,3,4,8,12,Seat with Bride's Family. Keep children at the same table as their family.
VIP,44,5,0,0,1,2,5,0,vip,16,90,5,5,6,12,Move this guest to a VIP / Head table. Do not seat VIP at General or Friends.
Groom's Family,61,4,0,0,0,1,4,0,groom-family,1,95,3,4,8,12,Seat with Groom's Family. Keep children at the same table as their family.
Groom's Family,40,4,0,0,0,1,4,0,groom-family,1,95,3,4,8,12,Seat with Groom's Family. Keep children at the same table as their family.
VIP,43,5,0,0,1,2,5,0,vip,16,90,5,5,6,12,Move this guest to a VIP / Head table. Do not seat VIP at General or Friends.
Bride's Colleagues,28,2,0,0,0,0,2,0,friends,16,80,2,2,8,10,"Seat at a Friends table. If that suite is full, use General — not VIP / Head."
Other,35,1,0,0,0,2,1,0,general,1,95,1,2,8,10,Seat at a General table. Add chairs if the table is already at max_seats.
Bride's Family,74,4,0,0,1,0,4,0,bride-family,1,95,3,4,8,12,Seat with Bride's Family. Keep children at the same table as their family.
VIP,61,5,0,0,0,2,5,0,vip,16,90,5,5,6,12,Move this guest to a VIP / Head table. Do not seat VIP at General or Friends.
VIP,63,5,0,0,0,2,5,0,vip,16,90,5,5,6,12,Move this guest to a VIP / Head table. Do not seat VIP at General or Friends.
Relatives,56,3,0,0,1,2,4,0,groom-family,1,95,3,4,8,12,Seat with Groom's Family. Keep children at the same table as their family.
Bride's Family,35,4,0,0,0,0,4,0,bride-family,1,95,3,4,8,12,Seat with Bride's Family. Keep children at the same table as their family.
VIP,41,5,0,0,0,2,5,0,vip,16,90,5,5,6,12,Move this guest to a VIP / Head table. Do not seat VIP at General or Friends.
Neighbours,33,1,0,0,0,2,1,0,general,1,95,1,2,8,10,Seat at a General table. Add chairs if the table is already at max_seats.
Other,48,1,0,0,0,2,1,0,general,1,95,1,2,8,10,Seat at a General table. Add chairs if the table is already at max_seats.
Neighbours,39,1,0,0,0,2,1,0,general,1,95,1,2,8,10,Seat at a General table. Add chairs if the table is already at max_seats.
Relatives,53,3,0,0,0,2,4,0,groom-family,1,95,3,4,8,12,Seat with Groom's Family. Keep children at the same table as their family.
Bride's Colleagues,35,2,0,0,1,0,2,0,friends,16,80,2,2,8,10,"Seat at a Friends table. If that suite is full, use General — not VIP / Head."
Relatives,52,3,0,0,1,2,4,0,groom-family,1,95,3,4,8,12,Seat with Groom's Family. Keep children at the same table as their family.
Groom's Family,35,4,0,0,0,1,4,0,groom-family,1,95,3,4,8,12,Seat with Groom's Family. Keep children at the same table as their family.
VIP,53,5,0,0,0,2,5,0,vip,16,90,5,5,6,12,Move this guest to a VIP / Head table. Do not seat VIP at General or Friends.
Relatives,35,3,0,0,0,2,4,0,groom-family,1,95,3,4,8,12,Seat with Groom's Family. Keep children at the same table as their family.
Relatives,44,3,0,0,0,2,4,0,bride-family,1,95,3,4,8,12,Seat with Bride's Family. Keep children at the same table as their family.
Bride's Friends,29,2,0,0,0,0,3,0,friends,16,80,2,2,8,10,"Seat at a Friends table. If that suite is full, use General — not VIP / Head."
VIP,54,5,0,0,1,2,5,0,vip,16,90,5,5,6,12,Move this guest to a VIP / Head table. Do not seat VIP at General or Friends.
Neighbours,30,1,0,0,0,2,1,0,general,1,95,1,2,8,10,Seat at a General table. Add chairs if the table is already at max_seats.
Groom's Colleagues,30,2,0,1,0,1,2,0,friends,16,80,2,2,8,10,"Seat at a Friends table. If that suite is full, use General — not VIP / Head."
Relatives,45,3,1,1,0,2,4,0,groom-family,1,95,3,4,8,12,Seat with Groom's Family. Keep children at the same table as their family.
Groom's Colleagues,45,2,0,0,1,1,2,0,friends,16,80,2,2,8,10,"Seat at a Friends table. If that suite is full, use General — not VIP / Head."
Groom's Friends,35,2,0,0,1,1,3,0,friends,16,80,2,2,8,10,"Seat at a Friends table. If that suite is full, use General — not VIP / Head."
VIP,59,5,1,1,0,2,5,0,vip,16,90,5,5,6,12,Move this guest to a VIP / Head table. Do not seat VIP at General or Friends.
Neighbours,31,1,0,0,1,2,1,0,general,1,95,1,2,8,10,Seat at a General table. Add chairs if the table is already at max_seats.
Groom's Family,35,4,0,0,0,1,4,0,groom-family,1,95,3,4,8,12,Seat with Groom's Family. Keep children at the same table as their family.
VIP,66,5,0,0,1,2,5,0,vip,16,90,5,5,6,12,Move this guest to a VIP / Head table. Do not seat VIP at General or Friends.
Groom's Colleagues,40,2,0,0,0,1,2,0,friends,16,80,2,2,8,10,"Seat at a Friends table. If that suite is full, use General — not VIP / Head."
Relatives,66,3,0,0,0,2,4,0,groom-family,1,95,3,4,8,12,Seat with Groom's Family. Keep children at the same table as their family.
Neighbours,64,1,0,0,1,2,1,0,general,1,95,1,2,8,10,Seat at a General table. Add chairs if the table is already at max_seats.
Bride's Family,35,4,1,0,0,0,4,0,bride-family,1,95,3,4,8,12,Seat with Bride's Family. Keep children at the same table as their family.
Relatives,35,3,0,0,0,2,4,0,bride-family,1,95,3,4,8,12,Seat with Bride's Family. Keep children at the same table as their family.
Relatives,50,3,0,0,0,2,4,0,groom-family,1,95,3,4,8,12,Seat with Groom's Family. Keep children at the same table as their family.
VIP,44,5,0,0,0,2,5,0,vip,16,90,5,5,6,12,Move this guest to a VIP / Head table. Do not seat VIP at General or Friends.
Neighbours,79,1,0,0,1,2,1,0,general,1,95,1,2,8,10,Seat at a General table. Add chairs if the table is already at max_seats.
Bride's Friends,34,2,0,0,1,0,3,0,friends,16,80,2,2,8,10,"Seat at a Friends table. If that suite is full, use General — not VIP / Head."
Groom's Family,44,4,0,0,0,1,4,0,groom-family,1,95,3,4,8,12,Seat with Groom's Family. Keep children at the same table as their family.
Bride's Friends,25,2,0,0,0,0,3,0,friends,16,80,2,2,8,10,"Seat at a Friends table. If that suite is full, use General — not VIP / Head."
Groom's Family,36,4,0,0,0,1,4,0,groom-family,1,95,3,4,8,12,Seat with Groom's Family. Keep children at the same table as their family.
Relatives,8,3,0,0,0,2,4,0,groom-family,1,95,3,4,8,12,Seat with Groom's Family. Keep children at the same table as their family.
Bride's Family,49,4,0,0,0,0,4,0,bride-family,1,95,3,4,8,12,Seat with Bride's Family. Keep children at the same table as their family.
VIP,72,5,0,0,0,2,5,0,vip,16,90,5,5,6,12,Move this guest to a VIP / Head table. Do not seat VIP at General or Friends.
Bride's Family,51,4,0,0,0,0,4,0,bride-family,1,95,3,4,8,12,Seat with Bride's Family. Keep children at the same table as their family.
Relatives,40,3,0,0,1,2,4,0,groom-family,1,95,3,4,8,12,Seat with Groom's Family. Keep children at the same table as their family.
Relatives,16,3,0,0,0,2,4,0,groom-family,1,95,3,4,8,12,Seat with Groom's Family. Keep children at the same table as their family.
Bride's Family,43,4,0,0,0,0,4,0,bride-family,1,95,3,4,8,12,Seat with Bride's Family. Keep children at the same table as their family.
Bride's Family,72,4,0,1,0,0,4,0,bride-family,1,95,3,4,8,12,Seat with Bride's Family. Keep children at the same table as their family.
Bride's Family,45,4,0,0,0,0,4,0,bride-family,1,95,3,4,8,12,Seat with Bride's Family. Keep children at the same table as their family.
Bride's Colleagues,31,2,0,0,0,0,2,0,friends,16,80,2,2,8,10,"Seat at a Friends table. If that suite is full, use General — not VIP / Head."
VIP,35,5,0,0,0,2,5,0,vip,16,90,5,5,6,12,Move this guest to a VIP / Head table. Do not seat VIP at General or Friends.
Bride's Family,43,4,0,1,0,0,4,0,bride-family,1,95,3,4,8,12,Seat with Bride's Family. Keep children at the same table as their family.
Neighbours,12,1,0,0,0,2,1,0,general,1,95,1,2,8,10,Seat at a General table. Add chairs if the table is already at max_seats.
Groom's Family,37,4,0,0,0,1,4,0,groom-family,1,95,3,4,8,12,Seat with Groom's Family. Keep children at the same table as their family.
Relatives,42,3,0,0,0,2,4,0,groom-family,1,95,3,4,8,12,Seat with Groom's Family. Keep children at the same table as their family.
Neighbours,25,1,0,0,0,2,1,0,general,1,95,1,2,8,10,Seat at a General table. Add chairs if the table is already at max_seats.
Relatives,36,3,0,0,0,2,4,0,groom-family,1,95,3,4,8,12,Seat with Groom's Family. Keep children at the same table as their family.
Neighbours,35,1,0,0,1,2,1,0,general,1,95,1,2,8,10,Seat at a General table. Add chairs if the table is already at max_seats.
Bride's Family,3,4,0,0,0,0,4,0,bride-family,1,95,3,4,8,12,Seat with Bride's Family. Keep children at the same table as their family.
Relatives,10,3,0,0,1,2,4,0,groom-family,1,95,3,4,8,12,Seat with Groom's Family. Keep children at the same table as their family.
Relatives,26,3,0,0,0,2,4,0,groom-family,1,95,3,4,8,12,Seat with Groom's Family. Keep children at the same table as their family.
Groom's Friends,23,2,0,1,0,1,3,0,friends,16,80,2,2,8,10,"Seat at a Friends table. If that suite is full, use General — not VIP / Head."
VIP,55,5,0,1,0,2,5,0,vip,16,90,5,5,6,12,Move this guest to a VIP / Head table. Do not seat VIP at General or Friends.
Groom's Family,33,4,0,0,0,1,4,0,groom-family,1,95,3,4,8,12,Seat with Groom's Family. Keep children at the same table as their family.
Bride's Family,24,4,0,0,0,0,4,0,bride-family,1,95,3,4,8,12,Seat with Bride's Family. Keep children at the same table as their family.
Groom's Family,53,4,0,0,0,1,4,0,groom-family,1,95,3,4,8,12,Seat with Groom's Family. Keep children at the same table as their family.
Relatives,63,3,0,0,0,2,4,0,groom-family,1,95,3,4,8,12,Seat with Groom's Family. Keep children at the same table as their family.
Bride's Friends,22,2,0,0,0,0,3,0,friends,16,80,2,2,8,10,"Seat at a Friends table. If that suite is full, use General — not VIP / Head."
Bride's Colleagues,42,2,0,0,0,0,2,0,friends,16,80,2,2,8,10,"Seat at a Friends table. If that suite is full, use General — not VIP / Head."
Groom's Family,56,4,0,0,0,1,4,1,groom-family,1,95,3,4,8,12,Seat with Groom's Family. Keep children at the same table as their family.
Bride's Family,73,4,0,0,0,0,4,0,bride-family,1,95,3,4,8,12,Seat with Bride's Family. Keep children at the same table as their family.
Bride's Family,78,4,0,0,0,0,4,0,bride-family,1,95,3,4,8,12,Seat with Bride's Family. Keep children at the same table as their family.
Groom's Family,50,4,0,0,0,1,4,0,groom-family,1,95,3,4,8,12,Seat with Groom's Family. Keep children at the same table as their family.
Neighbours,66,1,0,0,0,2,1,0,general,1,95,1,2,8,10,Seat at a General table. Add chairs if the table is already at max_seats.
Relatives,35,3,0,0,0,2,4,0,bride-family,1,95,3,4,8,12,Seat with Bride's Family. Keep children at the same table as their family.
VIP,51,5,0,1,0,2,5,0,vip,16,90,5,5,6,12,Move this guest to a VIP / Head table. Do not seat VIP at General or Friends.
Other,31,1,0,0,0,2,1,0,general,1,95,1,2,8,10,Seat at a General table. Add chairs if the table is already at max_seats.
Relatives,35,3,0,0,0,2,4,0,bride-family,1,95,3,4,8,12,Seat with Bride's Family. Keep children at the same table as their family.
Bride's Family,74,4,0,0,0,0,4,0,bride-family,1,95,3,4,8,12,Seat with Bride's Family. Keep children at the same table as their family.
Other,35,1,0,0,0,2,1,0,general,1,95,1,2,8,10,Seat at a General table. Add chairs if the table is already at max_seats.
VIP,35,5,0,0,1,2,5,0,vip,16,90,5,5,6,12,Move this guest to a VIP / Head table. Do not seat VIP at General or Friends.
VIP,44,5,0,0,1,2,5,0,vip,16,90,5,5,6,12,Move this guest to a VIP / Head table. Do not seat VIP at General or Friends.
VIP,26,5,0,0,0,2,5,0,vip,16,90,5,5,6,12,Move this guest to a VIP / Head table. Do not seat VIP at General or Friends.
Other,24,1,0,0,0,2,1,0,general,1,95,1,2,8,10,Seat at a General table. Add chairs if the table is already at max_seats.
Neighbours,30,1,0,0,0,2,1,0,general,1,95,1,2,8,10,Seat at a General table. Add chairs if the table is already at max_seats.
VIP,26,5,0,0,1,2,5,0,vip,16,90,5,5,6,12,Move this guest to a VIP / Head table. Do not seat VIP at General or Friends.
Groom's Family,35,4,0,0,0,1,4,0,groom-family,1,95,3,4,8,12,Seat with Groom's Family. Keep children at the same table as their family.
Other,26,1,0,0,0,2,1,0,general,1,95,1,2,8,10,Seat at a General table. Add chairs if the table is already at max_seats.
Bride's Friends,24,2,0,0,0,0,3,0,friends,16,80,2,2,8,10,"Seat at a Friends table. If that suite is full, use General — not VIP / Head."
Relatives,74,3,0,0,0,2,4,0,bride-family,1,95,3,4,8,12,Seat with Bride's Family. Keep children at the same table as their family.
Groom's Family,60,4,0,0,0,1,4,0,groom-family,1,95,3,4,8,12,Seat with Groom's Family. Keep children at the same table as their family.
Bride's Friends,25,2,1,0,0,0,3,0,friends,16,80,2,2,8,10,"Seat at a Friends table. If that suite is full, use General — not VIP / Head."
Bride's Family,70,4,0,0,0,0,4,0,bride-family,1,95,3,4,8,12,Seat with Bride's Family. Keep children at the same table as their family.
Groom's Colleagues,36,2,0,0,0,1,2,0,friends,16,80,2,2,8,10,"Seat at a Friends table. If that suite is full, use General — not VIP / Head."
VIP,58,5,0,0,0,2,5,0,vip,16,90,5,5,6,12,Move this guest to a VIP / Head table. Do not seat VIP at General or Friends.
Other,67,1,0,0,0,2,1,0,general,1,95,1,2,8,10,Seat at a General table. Add chairs if the table is already at max_seats.
Neighbours,33,1,0,0,0,2,1,0,general,1,95,1,2,8,10,Seat at a General table. Add chairs if the table is already at max_seats.
Bride's Family,43,4,0,0,0,0,4,0,bride-family,1,95,3,4,8,12,Seat with Bride's Family. Keep children at the same table as their family.
Groom's Colleagues,25,2,0,0,0,1,2,0,friends,16,80,2,2,8,10,"Seat at a Friends table. If that suite is full, use General — not VIP / Head."
Groom's Family,20,4,0,0,0,1,4,0,groom-family,1,95,3,4,8,12,Seat with Groom's Family. Keep children at the same table as their family.
Groom's Friends,25,2,0,1,0,1,3,0,friends,16,80,2,2,8,10,"Seat at a Friends table. If that suite is full, use General — not VIP / Head."
Bride's Family,35,4,0,0,0,0,4,0,bride-family,1,95,3,4,8,12,Seat with Bride's Family. Keep children at the same table as their family.
Bride's Family,27,4,0,0,0,0,4,0,bride-family,1,95,3,4,8,12,Seat with Bride's Family. Keep children at the same table as their family.
VIP,47,5,0,0,0,2,5,0,vip,16,90,5,5,6,12,Move this guest to a VIP / Head table. Do not seat VIP at General or Friends.
Groom's Colleagues,37,2,0,0,0,1,2,0,friends,16,80,2,2,8,10,"Seat at a Friends table. If that suite is full, use General — not VIP / Head."
Bride's Friends,21,2,0,1,0,0,3,0,friends,16,80,2,2,8,10,"Seat at a Friends table. If that suite is full, use General — not VIP / Head."
Bride's Family,35,4,0,0,0,0,4,0,bride-family,1,95,3,4,8,12,Seat with Bride's Family. Keep children at the same table as their family.
Bride's Family,36,4,0,0,0,0,4,0,bride-family,1,95,3,4,8,12,Seat with Bride's Family. Keep children at the same table as their family.
VIP,43,5,0,0,0,2,5,0,vip,16,90,5,5,6,12,Move this guest to a VIP / Head table. Do not seat VIP at General or Friends.
VIP,46,5,0,0,0,2,5,0,vip,16,90,5,5,6,12,Move this guest to a VIP / Head table. Do not seat VIP at General or Friends.
Bride's Colleagues,35,2,0,0,0,0,2,0,friends,16,80,2,2,8,10,"Seat at a Friends table. If that suite is full, use General — not VIP / Head."
Neighbours,21,1,0,0,0,2,1,0,general,1,95,1,2,8,10,Seat at a General table. Add chairs if the table is already at max_seats.
VIP,45,5,0,1,0,2,5,0,vip,16,90,5,5,6,12,Move this guest to a VIP / Head table. Do not seat VIP at General or Friends.
Neighbours,41,1,0,1,0,2,1,0,general,1,95,1,2,8,10,Seat at a General table. Add chairs if the table is already at max_seats.
Relatives,43,3,0,0,0,2,4,0,bride-family,1,95,3,4,8,12,Seat with Bride's Family. Keep children at the same table as their family.
Bride's Colleagues,35,2,0,0,0,0,2,0,friends,16,80,2,2,8,10,"Seat at a Friends table. If that suite is full, use General — not VIP / Head."
VIP,43,5,0,0,0,2,5,0,vip,16,90,5,5,6,12,Move this guest to a VIP / Head table. Do not seat VIP at General or Friends.
VIP,46,5,1,0,0,2,5,0,vip,16,90,5,5,6,12,Move this guest to a VIP / Head table. Do not seat VIP at General or Friends.
Relatives,57,3,0,0,0,2,4,0,groom-family,1,95,3,4,8,12,Seat with Groom's Family. Keep children at the same table as their family.
Relatives,34,3,0,0,0,2,4,0,groom-family,1,95,3,4,8,12,Seat with Groom's Family. Keep children at the same table as their family.
Groom's Family,22,4,0,0,0,1,4,0,groom-family,1,95,3,4,8,12,Seat with Groom's Family. Keep children at the same table as their family.
Neighbours,39,1,1,0,0,2,1,0,general,1,95,1,2,8,10,Seat at a General table. Add chairs if the table is already at max_seats.
Other,35,1,0,0,1,2,1,0,general,1,95,1,2,8,10,Seat at a General table. Add chairs if the table is already at max_seats.
Neighbours,45,1,0,0,0,2,1,0,general,1,95,1,2,8,10,Seat at a General table. Add chairs if the table is already at max_seats.
Groom's Friends,23,2,0,0,0,1,3,0,friends,16,80,2,2,8,10,"Seat at a Friends table. If that suite is full, use General — not VIP / Head."
Other,59,1,0,0,0,2,1,0,general,1,95,1,2,8,10,Seat at a General table. Add chairs if the table is already at max_seats.
Bride's Colleagues,25,2,1,0,0,0,2,0,friends,16,80,2,2,8,10,"Seat at a Friends table. If that suite is full, use General — not VIP / Head."
Bride's Family,35,4,0,0,0,0,4,0,bride-family,1,95,3,4,8,12,Seat with Bride's Family. Keep children at the same table as their family.
Relatives,59,3,0,0,0,2,4,0,bride-family,1,95,3,4,8,12,Seat with Bride's Family. Keep children at the same table as their family.
VIP,26,5,0,0,0,2,5,0,vip,16,90,5,5,6,12,Move this guest to a VIP / Head table. Do not seat VIP at General or Friends.
Groom's Friends,32,2,0,0,0,1,3,0,friends,16,80,2,2,8,10,"Seat at a Friends table. If that suite is full, use General — not VIP / Head."
VIP,44,5,1,0,0,2,5,0,vip,16,90,5,5,6,12,Move this guest to a VIP / Head table. Do not seat VIP at General or Friends.
Relatives,34,3,0,0,1,2,4,0,bride-family,1,95,3,4,8,12,Seat with Bride's Family. Keep children at the same table as their family.
Relatives,35,3,0,0,0,2,4,0,groom-family,1,95,3,4,8,12,Seat with Groom's Family. Keep children at the same table as their family.
Relatives,57,3,0,1,0,2,4,0,groom-family,1,95,3,4,8,12,Seat with Groom's Family. Keep children at the same table as their family.
Other,35,1,0,0,0,2,1,0,general,1,95,1,2,8,10,Seat at a General table. Add chairs if the table is already at max_seats.
Bride's Colleagues,35,2,0,0,1,0,2,0,friends,16,80,2,2,8,10,"Seat at a Friends table. If that suite is full, use General — not VIP / Head."
Bride's Friends,34,2,0,0,1,0,3,0,friends,16,80,2,2,8,10,"Seat at a Friends table. If that suite is full, use General — not VIP / Head."
Other,51,1,0,0,1,2,1,0,general,1,95,1,2,8,10,Seat at a General table. Add chairs if the table is already at max_seats.
VIP,27,5,0,0,0,2,5,0,vip,16,90,5,5,6,12,Move this guest to a VIP / Head table. Do not seat VIP at General or Friends.
Neighbours,35,1,0,0,0,2,1,0,general,1,95,1,2,8,10,Seat at a General table. Add chairs if the table is already at max_seats.
Groom's Family,35,4,0,0,0,1,4,0,groom-family,1,95,3,4,8,12,Seat with Groom's Family. Keep children at the same table as their family.
Groom's Friends,26,2,0,0,0,1,3,0,friends,16,80,2,2,8,10,"Seat at a Friends table. If that suite is full, use General — not VIP / Head."
Relatives,52,3,0,1,0,2,4,0,bride-family,1,95,3,4,8,12,Seat with Bride's Family. Keep children at the same table as their family.
Groom's Family,54,4,0,0,0,1,4,0,groom-family,1,95,3,4,8,12,Seat with Groom's Family. Keep children at the same table as their family.
Neighbours,39,1,0,0,1,2,1,0,general,1,95,1,2,8,10,Seat at a General table. Add chairs if the table is already at max_seats.
Bride's Family,5,4,0,0,0,0,4,0,bride-family,1,95,3,4,8,12,Seat with Bride's Family. Keep children at the same table as their family.
Bride's Colleagues,30,2,0,0,0,0,2,0,friends,16,80,2,2,8,10,"Seat at a Friends table. If that suite is full, use General — not VIP / Head."
Groom's Family,62,4,0,0,0,1,4,0,groom-family,1,95,3,4,8,12,Seat with Groom's Family. Keep children at the same table as their family.
Groom's Family,53,4,0,0,0,1,4,0,groom-family,1,95,3,4,8,12,Seat with Groom's Family. Keep children at the same table as their family.
Other,46,1,0,0,0,2,1,0,general,1,95,1,2,8,10,Seat at a General table. Add chairs if the table is already at max_seats.
Relatives,5,3,1,0,1,2,4,0,bride-family,1,95,3,4,8,12,Seat with Bride's Family. Keep children at the same table as their family.
Groom's Friends,33,2,0,0,1,1,3,0,friends,16,80,2,2,8,10,"Seat at a Friends table. If that suite is full, use General — not VIP / Head."
VIP,48,5,0,0,0,2,5,0,vip,16,90,5,5,6,12,Move this guest to a VIP / Head table. Do not seat VIP at General or Friends.
Relatives,28,3,0,0,0,2,4,0,bride-family,1,95,3,4,8,12,Seat with Bride's Family. Keep children at the same table as their family.
Groom's Family,52,4,0,0,0,1,4,0,groom-family,1,95,3,4,8,12,Seat with Groom's Family. Keep children at the same table as their family.
Relatives,52,3,0,0,0,2,4,0,bride-family,1,95,3,4,8,12,Seat with Bride's Family. Keep children at the same table as their family.
Groom's Family,23,4,0,0,0,1,4,0,groom-family,1,95,3,4,8,12,Seat with Groom's Family. Keep children at the same table as their family.
Bride's Family,33,4,0,0,0,0,4,1,bride-family,1,95,3,4,8,12,Seat with Bride's Family. Keep children at the same table as their family.
VIP,72,5,0,0,0,2,5,0,vip,16,90,5,5,6,12,Move this guest to a VIP / Head table. Do not seat VIP at General or Friends.
Relatives,21,3,0,0,1,2,4,0,bride-family,1,95,3,4,8,12,Seat with Bride's Family. Keep children at the same table as their family.
Relatives,49,3,0,0,0,2,4,0,groom-family,1,95,3,4,8,12,Seat with Groom's Family. Keep children at the same table as their family.
Groom's Family,46,4,1,0,0,1,4,0,groom-family,1,95,3,4,8,12,Seat with Groom's Family. Keep children at the same table as their family.
Bride's Family,57,4,0,0,1,0,4,0,bride-family,1,95,3,4,8,12,Seat with Bride's Family. Keep children at the same table as their family.
Bride's Family,34,4,1,0,0,0,4,0,bride-family,1,95,3,4,8,12,Seat with Bride's Family. Keep children at the same table as their family.
Other,35,1,0,0,0,2,1,0,general,1,95,1,2,8,10,Seat at a General table. Add chairs if the table is already at max_seats.
Groom's Colleagues,48,2,0,0,0,1,2,0,friends,16,80,2,2,8,10,"Seat at a Friends table. If that suite is full, use General — not VIP / Head."
Groom's Family,60,4,0,0,1,1,4,0,groom-family,1,95,3,4,8,12,Seat with Groom's Family. Keep children at the same table as their family.
Bride's Colleagues,45,2,0,0,0,0,2,0,friends,16,80,2,2,8,10,"Seat at a Friends table. If that suite is full, use General — not VIP / Head."
Relatives,51,3,0,0,1,2,4,0,groom-family,1,95,3,4,8,12,Seat with Groom's Family. Keep children at the same table as their family.
Other,53,1,0,0,1,2,1,0,general,1,95,1,2,8,10,Seat at a General table. Add chairs if the table is already at max_seats.
VIP,64,5,0,0,1,2,5,0,vip,16,90,5,5,6,12,Move this guest to a VIP / Head table. Do not seat VIP at General or Friends.
Bride's Family,45,4,0,0,1,0,4,0,bride-family,1,95,3,4,8,12,Seat with Bride's Family. Keep children at the same table as their family.
Other,68,1,0,0,0,2,1,0,general,1,95,1,2,8,10,Seat at a General table. Add chairs if the table is already at max_seats.
Bride's Friends,35,2,0,0,0,0,3,0,friends,16,80,2,2,8,10,"Seat at a Friends table. If that suite is full, use General — not VIP / Head."
Relatives,43,3,0,0,0,2,4,0,groom-family,1,95,3,4,8,12,Seat with Groom's Family. Keep children at the same table as their family.
Bride's Friends,35,2,0,0,0,0,3,0,friends,16,80,2,2,8,10,"Seat at a Friends table. If that suite is full, use General — not VIP / Head."
Bride's Family,35,4,0,0,0,0,4,0,bride-family,1,95,3,4,8,12,Seat with Bride's Family. Keep children at the same table as their family.
VIP,43,5,0,0,0,2,5,0,vip,16,90,5,5,6,12,Move this guest to a VIP / Head table. Do not seat VIP at General or Friends.
Bride's Family,48,4,0,0,1,0,4,0,bride-family,1,95,3,4,8,12,Seat with Bride's Family. Keep children at the same table as their family.
Neighbours,35,1,0,0,0,2,1,0,general,1,95,1,2,8,10,Seat at a General table. Add chairs if the table is already at max_seats.
Neighbours,53,1,0,1,0,2,1,0,general,1,95,1,2,8,10,Seat at a General table. Add chairs if the table is already at max_seats.
Neighbours,35,1,0,0,0,2,1,0,general,1,95,1,2,8,10,Seat at a General table. Add chairs if the table is already at max_seats.
Relatives,37,3,0,1,0,2,4,0,bride-family,1,95,3,4,8,12,Seat with Bride's Family. Keep children at the same table as their family.
VIP,68,5,0,0,1,2,5,0,vip,16,90,5,5,6,12,Move this guest to a VIP / Head table. Do not seat VIP at General or Friends.
VIP,70,5,0,0,0,2,5,0,vip,16,90,5,5,6,12,Move this guest to a VIP / Head table. Do not seat VIP at General or Friends.
VIP,65,5,0,1,0,2,5,0,vip,16,90,5,5,6,12,Move this guest to a VIP / Head table. Do not seat VIP at General or Friends.
Bride's Family,11,4,0,1,0,0,4,0,bride-family,1,95,3,4,8,12,Seat with Bride's Family. Keep children at the same table as their family.
Bride's Family,35,4,1,0,0,0,4,0,bride-family,1,95,3,4,8,12,Seat with Bride's Family. Keep children at the same table as their family.
Relatives,33,3,0,0,0,2,4,0,bride-family,1,95,3,4,8,12,Seat with Bride's Family. Keep children at the same table as their family.
Groom's Family,61,4,0,1,0,1,4,0,groom-family,1,95,3,4,8,12,Seat with Groom's Family. Keep children at the same table as their family.
Groom's Family,29,4,0,0,0,1,4,0,groom-family,1,95,3,4,8,12,Seat with Groom's Family. Keep children at the same table as their family.
VIP,62,5,0,0,0,2,5,0,vip,16,90,5,5,6,12,Move this guest to a VIP / Head table. Do not seat VIP at General or Friends.
Bride's Colleagues,30,2,0,0,0,0,2,0,friends,16,80,2,2,8,10,"Seat at a Friends table. If that suite is full, use General — not VIP / Head."
Groom's Family,72,4,0,0,0,1,4,0,groom-family,1,95,3,4,8,12,Seat with Groom's Family. Keep children at the same table as their family.
Bride's Family,35,4,0,0,0,0,4,0,bride-family,1,95,3,4,8,12,Seat with Bride's Family. Keep children at the same table as their family.
Bride's Family,42,4,0,0,0,0,4,0,bride-family,1,95,3,4,8,12,Seat with Bride's Family. Keep children at the same table as their family.
Bride's Friends,35,2,1,0,0,0,3,0,friends,16,80,2,2,8,10,"Seat at a Friends table. If that suite is full, use General — not VIP / Head."
Groom's Family,66,4,0,0,0,1,4,0,groom-family,1,95,3,4,8,12,Seat with Groom's Family. Keep children at the same table as their family.
Relatives,24,3,0,0,0,2,4,0,bride-family,1,95,3,4,8,12,Seat with Bride's Family. Keep children at the same table as their family.
VIP,58,5,1,0,0,2,5,0,vip,16,90,5,5,6,12,Move this guest to a VIP / Head table. Do not seat VIP at General or Friends.
Bride's Family,35,4,0,0,0,0,4,0,bride-family,1,95,3,4,8,12,Seat with Bride's Family. Keep children at the same table as their family.
Groom's Friends,30,2,0,0,0,1,3,0,friends,16,80,2,2,8,10,"Seat at a Friends table. If that suite is full, use General — not VIP / Head."
Groom's Friends,27,2,0,0,0,1,3,0,friends,16,80,2,2,8,10,"Seat at a Friends table. If that suite is full, use General — not VIP / Head."
Relatives,35,3,0,0,1,2,4,0,bride-family,1,95,3,4,8,12,Seat with Bride's Family. Keep children at the same table as their family.
Groom's Family,32,4,0,0,0,1,4,0,groom-family,1,95,3,4,8,12,Seat with Groom's Family. Keep children at the same table as their family.
Relatives,38,3,0,0,1,2,4,0,groom-family,1,95,3,4,8,12,Seat with Groom's Family. Keep children at the same table as their family.
Bride's Friends,32,2,0,0,0,0,3,0,friends,16,80,2,2,8,10,"Seat at a Friends table. If that suite is full, use General — not VIP / Head."
Relatives,52,3,0,1,0,2,4,0,bride-family,1,95,3,4,8,12,Seat with Bride's Family. Keep children at the same table as their family.
VIP,75,5,0,0,1,2,5,0,vip,16,90,5,5,6,12,Move this guest to a VIP / Head table. Do not seat VIP at General or Friends.
VIP,57,5,0,0,0,2,5,0,vip,16,90,5,5,6,12,Move this guest to a VIP / Head table. Do not seat VIP at General or Friends.
Bride's Family,29,4,0,0,0,0,4,0,bride-family,1,95,3,4,8,12,Seat with Bride's Family. Keep children at the same table as their family.
VIP,48,5,1,0,0,2,5,0,vip,16,90,5,5,6,12,Move this guest to a VIP / Head table. Do not seat VIP at General or Friends.
Other,70,1,0,0,0,2,1,0,general,1,95,1,2,8,10,Seat at a General table. Add chairs if the table is already at max_seats.
Relatives,43,3,0,0,0,2,4,0,bride-family,1,95,3,4,8,12,Seat with Bride's Family. Keep children at the same table as their family.
Relatives,31,3,0,0,1,2,4,0,bride-family,1,95,3,4,8,12,Seat with Bride's Family. Keep children at the same table as their family.
Groom's Colleagues,44,2,0,0,0,1,2,0,friends,16,80,2,2,8,10,"Seat at a Friends table. If that suite is full, use General — not VIP / Head."
Groom's Friends,70,2,0,0,0,1,3,0,friends,16,80,2,2,8,10,"Seat at a Friends table. If that suite is full, use General — not VIP / Head."
Bride's Family,51,4,1,0,0,0,4,0,bride-family,1,95,3,4,8,12,Seat with Bride's Family. Keep children at the same table as their family.
Groom's Friends,42,2,0,0,0,1,3,0,friends,16,80,2,2,8,10,"Seat at a Friends table. If that suite is full, use General — not VIP / Head."
Other,35,1,0,0,0,2,1,0,general,1,95,1,2,8,10,Seat at a General table. Add chairs if the table is already at max_seats.
VIP,35,5,0,0,1,2,5,0,vip,16,90,5,5,6,12,Move this guest to a VIP / Head table. Do not seat VIP at General or Friends.
Bride's Family,40,4,0,1,0,0,4,0,bride-family,1,95,3,4,8,12,Seat with Bride's Family. Keep children at the same table as their family.
Groom's Family,31,4,0,0,0,1,4,0,groom-family,1,95,3,4,8,12,Seat with Groom's Family. Keep children at the same table as their family.
VIP,53,5,0,0,0,2,5,0,vip,16,90,5,5,6,12,Move this guest to a VIP / Head table. Do not seat VIP at General or Friends.
Bride's Colleagues,29,2,0,0,0,0,2,0,friends,16,80,2,2,8,10,"Seat at a Friends table. If that suite is full, use General — not VIP / Head."
Bride's Family,23,4,0,1,0,0,4,0,bride-family,1,95,3,4,8,12,Seat with Bride's Family. Keep children at the same table as their family.
Other,35,1,0,0,0,2,1,0,general,1,95,1,2,8,10,Seat at a General table. Add chairs if the table is already at max_seats.
Groom's Family,35,4,0,0,0,1,4,0,groom-family,1,95,3,4,8,12,Seat with Groom's Family. Keep children at the same table as their family.
Relatives,32,3,0,0,1,2,4,0,bride-family,1,95,3,4,8,12,Seat with Bride's Family. Keep children at the same table as their family.
Bride's Friends,35,2,0,0,0,0,3,0,friends,16,80,2,2,8,10,"Seat at a Friends table. If that suite is full, use General — not VIP / Head."
Groom's Friends,33,2,0,0,0,1,3,0,friends,16,80,2,2,8,10,"Seat at a Friends table. If that suite is full, use General — not VIP / Head."
Neighbours,45,1,0,0,0,2,1,0,general,1,95,1,2,8,10,Seat at a General table. Add chairs if the table is already at max_seats.
VIP,66,5,0,1,0,2,5,0,vip,16,90,5,5,6,12,Move this guest to a VIP / Head table. Do not seat VIP at General or Friends.
Other,63,1,0,0,0,2,1,0,general,1,95,1,2,8,10,Seat at a General table. Add chairs if the table is already at max_seats.
Neighbours,39,1,0,0,0,2,1,0,general,1,95,1,2,8,10,Seat at a General table. Add chairs if the table is already at max_seats.
Bride's Family,34,4,1,0,0,0,4,0,bride-family,1,95,3,4,8,12,Seat with Bride's Family. Keep children at the same table as their family.
VIP,52,5,0,0,1,2,5,0,vip,16,90,5,5,6,12,Move this guest to a VIP / Head table. Do not seat VIP at General or Friends.
Relatives,58,3,0,0,0,2,4,0,groom-family,1,95,3,4,8,12,Seat with Groom's Family. Keep children at the same table as their family.
Bride's Family,71,4,0,0,0,0,4,0,bride-family,1,95,3,4,8,12,Seat with Bride's Family. Keep children at the same table as their family.
Relatives,22,3,0,0,0,2,4,0,bride-family,1,95,3,4,8,12,Seat with Bride's Family. Keep children at the same table as their family.
Bride's Family,48,4,0,0,1,0,4,0,bride-family,1,95,3,4,8,12,Seat with Bride's Family. Keep children at the same table as their family.
VIP,47,5,1,0,0,2,5,0,vip,16,90,5,5,6,12,Move this guest to a VIP / Head table. Do not seat VIP at General or Friends.
VIP,73,5,0,0,0,2,5,0,vip,16,90,5,5,6,12,Move this guest to a VIP / Head table. Do not seat VIP at General or Friends.
Groom's Family,52,4,0,0,0,1,4,0,groom-family,1,95,3,4,8,12,Seat with Groom's Family. Keep children at the same table as their family.
Neighbours,35,1,0,0,0,2,1,0,general,1,95,1,2,8,10,Seat at a General table. Add chairs if the table is already at max_seats.
Other,35,1,0,0,0,2,1,0,general,1,95,1,2,8,10,Seat at a General table. Add chairs if the table is already at max_seats.
Groom's Family,19,4,0,0,0,1,4,0,groom-family,1,95,3,4,8,12,Seat with Groom's Family. Keep children at the same table as their family.
Other,40,1,0,0,1,2,1,0,general,1,95,1,2,8,10,Seat at a General table. Add chairs if the table is already at max_seats.
Relatives,54,3,1,0,0,2,4,0,groom-family,1,95,3,4,8,12,Seat with Groom's Family. Keep children at the same table as their family.
VIP,41,5,0,0,0,2,5,0,vip,16,90,5,5,6,12,Move this guest to a VIP / Head table. Do not seat VIP at General or Friends.
Other,59,1,0,0,0,2,1,1,general,1,95,1,2,8,10,Seat at a General table. Add chairs if the table is already at max_seats.
Bride's Family,55,4,0,0,0,0,4,0,bride-family,1,95,3,4,8,12,Seat with Bride's Family. Keep children at the same table as their family.
Bride's Family,70,4,0,0,0,0,4,0,bride-family,1,95,3,4,8,12,Seat with Bride's Family. Keep children at the same table as their family.
Other,37,1,0,0,1,2,1,0,general,1,95,1,2,8,10,Seat at a General table. Add chairs if the table is already at max_seats.
Neighbours,59,1,0,0,0,2,1,0,general,1,95,1,2,8,10,Seat at a General table. Add chairs if the table is already at max_seats.
Groom's Colleagues,28,2,0,0,0,1,2,0,friends,16,80,2,2,8,10,"Seat at a Friends table. If that suite is full, use General — not VIP / Head."
Bride's Family,44,4,0,0,0,0,4,0,bride-family,1,95,3,4,8,12,Seat with Bride's Family. Keep children at the same table as their family.
Relatives,69,3,0,0,1,2,4,0,bride-family,1,95,3,4,8,12,Seat with Bride's Family. Keep children at the same table as their family.
VIP,35,5,0,0,1,2,5,0,vip,16,90,5,5,6,12,Move this guest to a VIP / Head table. Do not seat VIP at General or Friends.
Neighbours,24,1,0,0,0,2,1,0,general,1,95,1,2,8,10,Seat at a General table. Add chairs if the table is already at max_seats.
Groom's Friends,27,2,0,0,0,1,3,0,friends,16,80,2,2,8,10,"Seat at a Friends table. If that suite is full, use General — not VIP / Head."
Other,23,1,0,0,0,2,1,0,general,1,95,1,2,8,10,Seat at a General table. Add chairs if the table is already at max_seats.
Neighbours,44,1,0,0,0,2,1,0,general,1,95,1,2,8,10,Seat at a General table. Add chairs if the table is already at max_seats.
Bride's Friends,22,2,0,0,0,0,3,0,friends,16,80,2,2,8,10,"Seat at a Friends table. If that suite is full, use General — not VIP / Head."
Relatives,22,3,0,0,0,2,4,0,groom-family,1,95,3,4,8,12,Seat with Groom's Family. Keep children at the same table as their family.
VIP,45,5,0,0,0,2,5,0,vip,16,90,5,5,6,12,Move this guest to a VIP / Head table. Do not seat VIP at General or Friends.
Bride's Family,10,4,0,0,0,0,4,0,bride-family,1,95,3,4,8,12,Seat with Bride's Family. Keep children at the same table as their family.
Other,19,1,0,0,1,2,1,0,general,1,95,1,2,8,10,Seat at a General table. Add chairs if the table is already at max_seats.
Bride's Family,69,4,0,0,0,0,4,0,bride-family,1,95,3,4,8,12,Seat with Bride's Family. Keep children at the same table as their family.
Neighbours,33,1,0,1,0,2,1,0,general,1,95,1,2,8,10,Seat at a General table. Add chairs if the table is already at max_seats.
Groom's Family,47,4,0,0,0,1,4,0,groom-family,1,95,3,4,8,12,Seat with Groom's Family. Keep children at the same table as their family.
Groom's Family,44,4,0,0,0,1,4,0,groom-family,1,95,3,4,8,12,Seat with Groom's Family. Keep children at the same table as their family.
Groom's Family,10,4,0,0,0,1,4,0,groom-family,1,95,3,4,8,12,Seat with Groom's Family. Keep children at the same table as their family.
Neighbours,44,1,0,0,0,2,1,0,general,1,95,1,2,8,10,Seat at a General table. Add chairs if the table is already at max_seats.
Groom's Colleagues,38,2,0,0,0,1,2,0,friends,16,80,2,2,8,10,"Seat at a Friends table. If that suite is full, use General — not VIP / Head."
Other,39,1,0,0,0,2,1,0,general,1,95,1,2,8,10,Seat at a General table. Add chairs if the table is already at max_seats.
Relatives,26,3,0,1,0,2,4,0,groom-family,1,95,3,4,8,12,Seat with Groom's Family. Keep children at the same table as their family.
Other,35,1,0,0,0,2,1,0,general,1,95,1,2,8,10,Seat at a General table. Add chairs if the table is already at max_seats.
Groom's Colleagues,53,2,0,0,0,1,2,0,friends,16,80,2,2,8,10,"Seat at a Friends table. If that suite is full, use General — not VIP / Head."
VIP,47,5,0,0,0,2,5,0,vip,16,90,5,5,6,12,Move this guest to a VIP / Head table. Do not seat VIP at General or Friends.
Groom's Friends,27,2,0,0,0,1,3,0,friends,16,80,2,2,8,10,"Seat at a Friends table. If that suite is full, use General — not VIP / Head."
Bride's Family,54,4,1,0,0,0,4,0,bride-family,1,95,3,4,8,12,Seat with Bride's Family. Keep children at the same table as their family.
Other,35,1,0,0,0,2,1,0,general,1,95,1,2,8,10,Seat at a General table. Add chairs if the table is already at max_seats.
Relatives,35,3,0,0,0,2,4,0,bride-family,1,95,3,4,8,12,Seat with Bride's Family. Keep children at the same table as their family.
Bride's Colleagues,35,2,0,0,1,0,2,0,friends,16,80,2,2,8,10,"Seat at a Friends table. If that suite is full, use General — not VIP / Head."
Groom's Colleagues,42,2,0,0,1,1,2,0,friends,16,80,2,2,8,10,"Seat at a Friends table. If that suite is full, use General — not VIP / Head."
Other,47,1,0,0,0,2,1,0,general,1,95,1,2,8,10,Seat at a General table. Add chairs if the table is already at max_seats.
VIP,38,5,0,0,0,2,5,0,vip,16,90,5,5,6,12,Move this guest to a VIP / Head table. Do not seat VIP at General or Friends.
Other,35,1,0,0,0,2,1,0,general,1,95,1,2,8,10,Seat at a General table. Add chairs if the table is already at max_seats.
VIP,35,5,0,0,0,2,5,0,vip,16,90,5,5,6,12,Move this guest to a VIP / Head table. Do not seat VIP at General or Friends.
VIP,40,5,0,0,0,2,5,0,vip,16,90,5,5,6,12,Move this guest to a VIP / Head table. Do not seat VIP at General or Friends.
Groom's Family,8,4,0,0,1,1,4,0,groom-family,1,95,3,4,8,12,Seat with Groom's Family. Keep children at the same table as their family.
Groom's Family,75,4,0,0,0,1,4,0,groom-family,1,95,3,4,8,12,Seat with Groom's Family. Keep children at the same table as their family.
Bride's Colleagues,35,2,0,0,1,0,2,0,friends,16,80,2,2,8,10,"Seat at a Friends table. If that suite is full, use General — not VIP / Head."
Bride's Family,11,4,0,0,0,0,4,0,bride-family,1,95,3,4,8,12,Seat with Bride's Family. Keep children at the same table as their family.
Bride's Family,18,4,0,0,0,0,4,0,bride-family,1,95,3,4,8,12,Seat with Bride's Family. Keep children at the same table as their family.
Bride's Colleagues,24,2,0,0,1,0,2,0,friends,16,80,2,2,8,10,"Seat at a Friends table. If that suite is full, use General — not VIP / Head."
Neighbours,27,1,1,0,0,2,1,0,general,1,95,1,2,8,10,Seat at a General table. Add chairs if the table is already at max_seats.
Other,35,1,0,0,1,2,1,0,general,1,95,1,2,8,10,Seat at a General table. Add chairs if the table is already at max_seats.
VIP,52,5,0,0,0,2,5,0,vip,16,90,5,5,6,12,Move this guest to a VIP / Head table. Do not seat VIP at General or Friends.
Groom's Family,35,4,0,0,0,1,4,0,groom-family,1,95,3,4,8,12,Seat with Groom's Family. Keep children at the same table as their family.
Neighbours,36,1,0,0,0,2,1,0,general,1,95,1,2,8,10,Seat at a General table. Add chairs if the table is already at max_seats.
Bride's Colleagues,36,2,0,0,0,0,2,0,friends,16,80,2,2,8,10,"Seat at a Friends table. If that suite is full, use General — not VIP / Head."
Other,19,1,0,0,1,2,1,0,general,1,95,1,2,8,10,Seat at a General table. Add chairs if the table is already at max_seats.
Other,35,1,0,0,0,2,1,0,general,1,95,1,2,8,10,Seat at a General table. Add chairs if the table is already at max_seats.
VIP,74,5,0,0,0,2,5,0,vip,16,90,5,5,6,12,Move this guest to a VIP / Head table. Do not seat VIP at General or Friends.
Relatives,35,3,0,0,0,2,4,0,groom-family,1,95,3,4,8,12,Seat with Groom's Family. Keep children at the same table as their family.
Neighbours,52,1,0,0,0,2,1,0,general,1,95,1,2,8,10,Seat at a General table. Add chairs if the table is already at max_seats.
Bride's Family,35,4,0,0,0,0,4,0,bride-family,1,95,3,4,8,12,Seat with Bride's Family. Keep children at the same table as their family.
Other,35,1,0,0,0,2,1,0,general,1,95,1,2,8,10,Seat at a General table. Add chairs if the table is already at max_seats.
Bride's Family,52,4,1,0,0,0,4,0,bride-family,1,95,3,4,8,12,Seat with Bride's Family. Keep children at the same table as their family.
Neighbours,60,1,0,0,0,2,1,0,general,1,95,1,2,8,10,Seat at a General table. Add chairs if the table is already at max_seats.
Groom's Friends,37,2,0,0,0,1,3,0,friends,16,80,2,2,8,10,"Seat at a Friends table. If that suite is full, use General — not VIP / Head."
VIP,35,5,0,0,1,2,5,0,vip,16,90,5,5,6,12,Move this guest to a VIP / Head table. Do not seat VIP at General or Friends.
Bride's Friends,35,2,0,0,0,0,3,0,friends,16,80,2,2,8,10,"Seat at a Friends table. If that suite is full, use General — not VIP / Head."
Groom's Family,8,4,1,0,0,1,4,0,groom-family,1,95,3,4,8,12,Seat with Groom's Family. Keep children at the same table as their family.
Neighbours,30,1,0,0,0,2,1,0,general,1,95,1,2,8,10,Seat at a General table. Add chairs if the table is already at max_seats.
Groom's Colleagues,33,2,0,0,0,1,2,0,friends,16,80,2,2,8,10,"Seat at a Friends table. If that suite is full, use General — not VIP / Head."
Groom's Colleagues,45,2,0,0,0,1,2,0,friends,16,80,2,2,8,10,"Seat at a Friends table. If that suite is full, use General — not VIP / Head."
Bride's Family,47,4,0,0,0,0,4,0,bride-family,1,95,3,4,8,12,Seat with Bride's Family. Keep children at the same table as their family.
Other,66,1,1,0,0,2,1,0,general,1,95,1,2,8,10,Seat at a General table. Add chairs if the table is already at max_seats.
Groom's Colleagues,35,2,0,0,0,1,2,0,friends,16,80,2,2,8,10,"Seat at a Friends table. If that suite is full, use General — not VIP / Head."
VIP,28,5,0,0,0,2,5,0,vip,16,90,5,5,6,12,Move this guest to a VIP / Head table. Do not seat VIP at General or Friends.
Groom's Friends,21,2,0,0,0,1,3,0,friends,16,80,2,2,8,10,"Seat at a Friends table. If that suite is full, use General — not VIP / Head."
Bride's Friends,27,2,0,0,0,0,3,0,friends,16,80,2,2,8,10,"Seat at a Friends table. If that suite is full, use General — not VIP / Head."
VIP,54,5,0,0,0,2,5,0,vip,16,90,5,5,6,12,Move this guest to a VIP / Head table. Do not seat VIP at General or Friends.
Groom's Friends,31,2,0,0,0,1,3,0,friends,16,80,2,2,8,10,"Seat at a Friends table. If that suite is full, use General — not VIP / Head."
Bride's Colleagues,34,2,0,0,0,0,2,0,friends,16,80,2,2,8,10,"Seat at a Friends table. If that suite is full, use General — not VIP / Head."
Relatives,35,3,0,0,0,2,4,0,groom-family,1,95,3,4,8,12,Seat with Groom's Family. Keep children at the same table as their family.
Neighbours,70,1,0,0,0,2,1,0,general,1,95,1,2,8,10,Seat at a General table. Add chairs if the table is already at max_seats.
Bride's Family,28,4,0,0,0,0,4,0,bride-family,1,95,3,4,8,12,Seat with Bride's Family. Keep children at the same table as their family.
Groom's Colleagues,39,2,0,0,0,1,2,0,friends,16,80,2,2,8,10,"Seat at a Friends table. If that suite is full, use General — not VIP / Head."
VIP,60,5,0,0,0,2,5,0,vip,16,90,5,5,6,12,Move this guest to a VIP / Head table. Do not seat VIP at General or Friends.
Groom's Family,55,4,0,0,0,1,4,0,groom-family,1,95,3,4,8,12,Seat with Groom's Family. Keep children at the same table as their family.
Bride's Family,55,4,0,0,0,0,4,0,bride-family,1,95,3,4,8,12,Seat with Bride's Family. Keep children at the same table as their family.
Other,61,1,0,0,0,2,1,0,general,1,95,1,2,8,10,Seat at a General table. Add chairs if the table is already at max_seats.
Bride's Friends,26,2,0,0,0,0,3,0,friends,16,80,2,2,8,10,"Seat at a Friends table. If that suite is full, use General — not VIP / Head."
VIP,56,5,1,0,0,2,5,0,vip,16,90,5,5,6,12,Move this guest to a VIP / Head table. Do not seat VIP at General or Friends.
VIP,62,5,1,0,0,2,5,0,vip,16,90,5,5,6,12,Move this guest to a VIP / Head table. Do not seat VIP at General or Friends.
Bride's Family,50,4,1,0,0,0,4,0,bride-family,1,95,3,4,8,12,Seat with Bride's Family. Keep children at the same table as their family.
VIP,20,5,0,0,0,2,5,0,vip,16,90,5,5,6,12,Move this guest to a VIP / Head table. Do not seat VIP at General or Friends.
VIP,41,5,0,0,1,2,5,0,vip,16,90,5,5,6,12,Move this guest to a VIP / Head table. Do not seat VIP at General or Friends.
VIP,45,5,0,0,0,2,5,0,vip,16,90,5,5,6,12,Move this guest to a VIP / Head table. Do not seat VIP at General or Friends.
Bride's Family,35,4,0,0,0,0,4,0,bride-family,1,95,3,4,8,12,Seat with Bride's Family. Keep children at the same table as their family.
Other,31,1,0,0,1,2,1,0,general,1,95,1,2,8,10,Seat at a General table. Add chairs if the table is already at max_seats.
Groom's Family,4,4,0,1,0,1,4,0,groom-family,1,95,3,4,8,12,Seat with Groom's Family. Keep children at the same table as their family.
Bride's Friends,35,2,0,0,1,0,3,0,friends,16,80,2,2,8,10,"Seat at a Friends table. If that suite is full, use General — not VIP / Head."
Bride's Colleagues,36,2,0,0,1,0,2,0,friends,16,80,2,2,8,10,"Seat at a Friends table. If that suite is full, use General — not VIP / Head."
Bride's Colleagues,49,2,0,0,0,0,2,0,friends,16,80,2,2,8,10,"Seat at a Friends table. If that suite is full, use General — not VIP / Head."
Other,35,1,0,0,0,2,1,0,general,1,95,1,2,8,10,Seat at a General table. Add chairs if the table is already at max_seats.
Groom's Family,34,4,0,0,0,1,4,0,groom-family,1,95,3,4,8,12,Seat with Groom's Family. Keep children at the same table as their family.
Bride's Friends,38,2,0,0,0,0,3,0,friends,16,80,2,2,8,10,"Seat at a Friends table. If that suite is full, use General — not VIP / Head."
Groom's Friends,30,2,0,0,0,1,3,0,friends,16,80,2,2,8,10,"Seat at a Friends table. If that suite is full, use General — not VIP / Head."
Bride's Family,35,4,0,0,0,0,4,0,bride-family,1,95,3,4,8,12,Seat with Bride's Family. Keep children at the same table as their family.
Groom's Friends,26,2,0,0,1,1,3,0,friends,16,80,2,2,8,10,"Seat at a Friends table. If that suite is full, use General — not VIP / Head."
Neighbours,36,1,0,0,0,2,1,0,general,1,95,1,2,8,10,Seat at a General table. Add chairs if the table is already at max_seats.
Relatives,65,3,0,0,0,2,4,0,bride-family,1,95,3,4,8,12,Seat with Bride's Family. Keep children at the same table as their family.
VIP,40,5,0,1,0,2,5,0,vip,16,90,5,5,6,12,Move this guest to a VIP / Head table. Do not seat VIP at General or Friends.
Other,41,1,0,0,0,2,1,0,general,1,95,1,2,8,10,Seat at a General table. Add chairs if the table is already at max_seats.
Bride's Family,22,4,0,0,1,0,4,0,bride-family,1,95,3,4,8,12,Seat with Bride's Family. Keep children at the same table as their family.
Bride's Friends,28,2,0,0,0,0,3,0,friends,16,80,2,2,8,10,"Seat at a Friends table. If that suite is full, use General — not VIP / Head."
Relatives,61,3,0,0,0,2,4,0,groom-family,1,95,3,4,8,12,Seat with Groom's Family. Keep children at the same table as their family.
Other,35,1,0,0,0,2,1,0,general,1,95,1,2,8,10,Seat at a General table. Add chairs if the table is already at max_seats.
Groom's Friends,35,2,0,1,0,1,3,0,friends,16,80,2,2,8,10,"Seat at a Friends table. If that suite is full, use General — not VIP / Head."
Bride's Friends,35,2,0,0,0,0,3,0,friends,16,80,2,2,8,10,"Seat at a Friends table. If that suite is full, use General — not VIP / Head."
Groom's Family,66,4,0,0,0,1,4,0,groom-family,1,95,3,4,8,12,Seat with Groom's Family. Keep children at the same table as their family.
Neighbours,35,1,0,0,0,2,1,0,general,1,95,1,2,8,10,Seat at a General table. Add chairs if the table is already at max_seats.
Bride's Colleagues,53,2,0,0,0,0,2,0,friends,16,80,2,2,8,10,"Seat at a Friends table. If that suite is full, use General — not VIP / Head."
Groom's Friends,33,2,0,1,0,1,3,0,friends,16,80,2,2,8,10,"Seat at a Friends table. If that suite is full, use General — not VIP / Head."
Relatives,27,3,0,0,0,2,4,0,bride-family,1,95,3,4,8,12,Seat with Bride's Family. Keep children at the same table as their family.
Bride's Family,32,4,0,0,0,0,4,0,bride-family,1,95,3,4,8,12,Seat with Bride's Family. Keep children at the same table as their family.
Relatives,53,3,0,0,1,2,4,0,groom-family,1,95,3,4,8,12,Seat with Groom's Family. Keep children at the same table as their family.
VIP,47,5,0,0,0,2,5,0,vip,16,90,5,5,6,12,Move this guest to a VIP / Head table. Do not seat VIP at General or Friends.
Bride's Family,73,4,0,0,1,0,4,0,bride-family,1,95,3,4,8,12,Seat with Bride's Family. Keep children at the same table as their family.
Relatives,55,3,0,0,1,2,4,0,groom-family,1,95,3,4,8,12,Seat with Groom's Family. Keep children at the same table as their family.
Groom's Family,38,4,0,0,0,1,4,1,groom-family,1,95,3,4,8,12,Seat with Groom's Family. Keep children at the same table as their family.
Bride's Family,59,4,1,0,0,0,4,0,bride-family,1,95,3,4,8,12,Seat with Bride's Family. Keep children at the same table as their family.
Groom's Family,39,4,0,0,0,1,4,0,groom-family,1,95,3,4,8,12,Seat with Groom's Family. Keep children at the same table as their family.
Bride's Friends,28,2,0,0,0,0,3,0,friends,16,80,2,2,8,10,"Seat at a Friends table. If that suite is full, use General — not VIP / Head."
Relatives,69,3,1,0,0,2,4,0,bride-family,1,95,3,4,8,12,Seat with Bride's Family. Keep children at the same table as their family.
Groom's Family,16,4,0,0,0,1,4,0,groom-family,1,95,3,4,8,12,Seat with Groom's Family. Keep children at the same table as their family.
Groom's Family,58,4,0,0,0,1,4,0,groom-family,1,95,3,4,8,12,Seat with Groom's Family. Keep children at the same table as their family.
Relatives,63,3,0,0,0,2,4,0,groom-family,1,95,3,4,8,12,Seat with Groom's Family. Keep children at the same table as their family.
Neighbours,57,1,0,0,0,2,1,0,general,1,95,1,2,8,10,Seat at a General table. Add chairs if the table is already at max_seats.
Groom's Family,45,4,0,0,1,1,4,0,groom-family,1,95,3,4,8,12,Seat with Groom's Family. Keep children at the same table as their family.
Neighbours,56,1,0,1,0,2,1,0,general,1,95,1,2,8,10,Seat at a General table. Add chairs if the table is already at max_seats.
Bride's Colleagues,35,2,0,0,1,0,2,0,friends,16,80,2,2,8,10,"Seat at a Friends table. If that suite is full, use General — not VIP / Head."
Bride's Friends,26,2,0,0,0,0,3,0,friends,16,80,2,2,8,10,"Seat at a Friends table. If that suite is full, use General — not VIP / Head."
Groom's Family,35,4,0,0,0,1,4,0,groom-family,1,95,3,4,8,12,Seat with Groom's Family. Keep children at the same table as their family.
Other,35,1,0,0,0,2,1,0,general,1,95,1,2,8,10,Seat at a General table. Add chairs if the table is already at max_seats.
Neighbours,65,1,0,0,0,2,1,0,general,1,95,1,2,8,10,Seat at a General table. Add chairs if the table is already at max_seats.
Groom's Friends,24,2,0,0,1,1,3,0,friends,16,80,2,2,8,10,"Seat at a Friends table. If that suite is full, use General — not VIP / Head."
Relatives,15,3,0,0,0,2,4,0,groom-family,1,95,3,4,8,12,Seat with Groom's Family. Keep children at the same table as their family.
Bride's Family,69,4,0,0,0,0,4,0,bride-family,1,95,3,4,8,12,Seat with Bride's Family. Keep children at the same table as their family.
Groom's Friends,33,2,0,0,0,1,3,0,friends,16,80,2,2,8,10,"Seat at a Friends table. If that suite is full, use General — not VIP / Head."
Bride's Friends,22,2,0,0,0,0,3,0,friends,16,80,2,2,8,10,"Seat at a Friends table. If that suite is full, use General — not VIP / Head."
Groom's Colleagues,28,2,0,0,0,1,2,0,friends,16,80,2,2,8,10,"Seat at a Friends table. If that suite is full, use General — not VIP / Head."
Groom's Family,19,4,0,0,1,1,4,0,groom-family,1,95,3,4,8,12,Seat with Groom's Family. Keep children at the same table as their family.
Groom's Family,28,4,0,0,0,1,4,0,groom-family,1,95,3,4,8,12,Seat with Groom's Family. Keep children at the same table as their family.
Bride's Family,26,4,0,0,0,0,4,0,bride-family,1,95,3,4,8,12,Seat with Bride's Family. Keep children at the same table as their family.
Bride's Colleagues,29,2,0,0,0,0,2,0,friends,16,80,2,2,8,10,"Seat at a Friends table. If that suite is full, use General — not VIP / Head."
Other,35,1,0,0,0,2,1,0,general,1,95,1,2,8,10,Seat at a General table. Add chairs if the table is already at max_seats.
Groom's Friends,19,2,0,0,0,1,3,0,friends,16,80,2,2,8,10,"Seat at a Friends table. If that suite is full, use General — not VIP / Head."
Bride's Colleagues,35,2,0,0,0,0,2,0,friends,16,80,2,2,8,10,"Seat at a Friends table. If that suite is full, use General — not VIP / Head."
VIP,54,5,1,0,0,2,5,0,vip,16,90,5,5,6,12,Move this guest to a VIP / Head table. Do not seat VIP at General or Friends.
Groom's Family,53,4,0,1,0,1,4,0,groom-family,1,95,3,4,8,12,Seat with Groom's Family. Keep children at the same table as their family.
Bride's Family,49,4,0,0,0,0,4,0,bride-family,1,95,3,4,8,12,Seat with Bride's Family. Keep children at the same table as their family.
Bride's Family,35,4,0,1,0,0,4,0,bride-family,1,95,3,4,8,12,Seat with Bride's Family. Keep children at the same table as their family.
Groom's Family,10,4,0,0,0,1,4,0,groom-family,1,95,3,4,8,12,Seat with Groom's Family. Keep children at the same table as their family.
Bride's Colleagues,35,2,0,0,0,0,2,0,friends,16,80,2,2,8,10,"Seat at a Friends table. If that suite is full, use General — not VIP / Head."
Groom's Family,76,4,0,0,0,1,4,0,groom-family,1,95,3,4,8,12,Seat with Groom's Family. Keep children at the same table as their family.
VIP,44,5,0,0,0,2,5,0,vip,16,90,5,5,6,12,Move this guest to a VIP / Head table. Do not seat VIP at General or Friends.
VIP,22,5,0,0,0,2,5,0,vip,16,90,5,5,6,12,Move this guest to a VIP / Head table. Do not seat VIP at General or Friends.
Relatives,35,3,0,0,0,2,4,0,bride-family,1,95,3,4,8,12,Seat with Bride's Family. Keep children at the same table as their family.
VIP,58,5,0,0,0,2,5,0,vip,16,90,5,5,6,12,Move this guest to a VIP / Head table. Do not seat VIP at General or Friends.
Other,35,1,0,0,1,2,1,0,general,1,95,1,2,8,10,Seat at a General table. Add chairs if the table is already at max_seats.
Relatives,23,3,0,0,0,2,4,0,groom-family,1,95,3,4,8,12,Seat with Groom's Family. Keep children at the same table as their family.
Relatives,9,3,0,0,0,2,4,0,groom-family,1,95,3,4,8,12,Seat with Groom's Family. Keep children at the same table as their family.
Bride's Family,26,4,0,0,0,0,4,0,bride-family,1,95,3,4,8,12,Seat with Bride's Family. Keep children at the same table as their family.
Groom's Colleagues,30,2,0,0,0,1,2,0,friends,16,80,2,2,8,10,"Seat at a Friends table. If that suite is full, use General — not VIP / Head."
Groom's Colleagues,34,2,0,0,0,1,2,0,friends,16,80,2,2,8,10,"Seat at a Friends table. If that suite is full, use General — not VIP / Head."
Neighbours,41,1,0,0,0,2,1,0,general,1,95,1,2,8,10,Seat at a General table. Add chairs if the table is already at max_seats.
Bride's Family,39,4,0,0,0,0,4,0,bride-family,1,95,3,4,8,12,Seat with Bride's Family. Keep children at the same table as their family.
Groom's Colleagues,30,2,0,0,0,1,2,0,friends,16,80,2,2,8,10,"Seat at a Friends table. If that suite is full, use General — not VIP / Head."
Bride's Family,47,4,0,0,0,0,4,0,bride-family,1,95,3,4,8,12,Seat with Bride's Family. Keep children at the same table as their family.
Relatives,34,3,0,0,0,2,4,0,bride-family,1,95,3,4,8,12,Seat with Bride's Family. Keep children at the same table as their family.
Bride's Friends,32,2,0,0,0,0,3,0,friends,16,80,2,2,8,10,"Seat at a Friends table. If that suite is full, use General — not VIP / Head."
VIP,42,5,0,0,0,2,5,0,vip,16,90,5,5,6,12,Move this guest to a VIP / Head table. Do not seat VIP at General or Friends.
Other,64,1,0,0,0,2,1,0,general,1,95,1,2,8,10,Seat at a General table. Add chairs if the table is already at max_seats.
Neighbours,53,1,0,0,0,2,1,0,general,1,95,1,2,8,10,Seat at a General table. Add chairs if the table is already at max_seats.
Neighbours,47,1,0,0,0,2,1,0,general,1,95,1,2,8,10,Seat at a General table. Add chairs if the table is already at max_seats.
Groom's Friends,33,2,0,0,0,1,3,0,friends,16,80,2,2,8,10,"Seat at a Friends table. If that suite is full, use General — not VIP / Head."
VIP,18,5,0,0,0,2,5,1,vip,16,90,5,5,6,12,Move this guest to a VIP / Head table. Do not seat VIP at General or Friends.
Neighbours,69,1,0,0,0,2,1,0,general,1,95,1,2,8,10,Seat at a General table. Add chairs if the table is already at max_seats.
VIP,33,5,0,1,0,2,5,1,vip,16,90,5,5,6,12,Move this guest to a VIP / Head table. Do not seat VIP at General or Friends.
Bride's Colleagues,28,2,0,0,0,0,2,0,friends,16,80,2,2,8,10,"Seat at a Friends table. If that suite is full, use General — not VIP / Head."
VIP,48,5,1,0,0,2,5,1,vip,16,90,5,5,6,12,Move this guest to a VIP / Head table. Do not seat VIP at General or Friends.
Bride's Colleagues,30,2,0,0,0,0,2,0,friends,16,80,2,2,8,10,"Seat at a Friends table. If that suite is full, use General — not VIP / Head."
Groom's Family,54,4,0,0,0,1,4,0,groom-family,1,95,3,4,8,12,Seat with Groom's Family. Keep children at the same table as their family.
Relatives,5,3,1,0,0,2,4,0,groom-family,1,95,3,4,8,12,Seat with Groom's Family. Keep children at the same table as their family.
Neighbours,73,1,0,0,1,2,1,0,general,1,95,1,2,8,10,Seat at a General table. Add chairs if the table is already at max_seats.
Relatives,44,3,0,0,0,2,4,0,groom-family,1,95,3,4,8,12,Seat with Groom's Family. Keep children at the same table as their family.
Relatives,35,3,0,0,0,2,4,0,groom-family,1,95,3,4,8,12,Seat with Groom's Family. Keep children at the same table as their family.
VIP,51,5,0,0,0,2,5,0,vip,16,90,5,5,6,12,Move this guest to a VIP / Head table. Do not seat VIP at General or Friends.
Neighbours,15,1,0,0,1,2,1,0,general,1,95,1,2,8,10,Seat at a General table. Add chairs if the table is already at max_seats.
Groom's Family,40,4,0,0,0,1,4,0,groom-family,1,95,3,4,8,12,Seat with Groom's Family. Keep children at the same table as their family.
VIP,38,5,0,0,0,2,5,0,vip,16,90,5,5,6,12,Move this guest to a VIP / Head table. Do not seat VIP at General or Friends.
VIP,20,5,0,0,0,2,5,0,vip,16,90,5,5,6,12,Move this guest to a VIP / Head table. Do not seat VIP at General or Friends.
Neighbours,53,1,1,0,0,2,1,0,general,1,95,1,2,8,10,Seat at a General table. Add chairs if the table is already at max_seats.
Relatives,13,3,0,0,1,2,4,0,bride-family,1,95,3,4,8,12,Seat with Bride's Family. Keep children at the same table as their family.
Neighbours,12,1,0,0,0,2,1,0,general,1,95,1,2,8,10,Seat at a General table. Add chairs if the table is already at max_seats.
Bride's Family,23,4,0,0,1,0,4,0,bride-family,1,95,3,4,8,12,Seat with Bride's Family. Keep children at the same table as their family.
Groom's Family,74,4,0,0,0,1,4,0,groom-family,1,95,3,4,8,12,Seat with Groom's Family. Keep children at the same table as their family.
Bride's Family,35,4,0,0,1,0,4,0,bride-family,1,95,3,4,8,12,Seat with Bride's Family. Keep children at the same table as their family.
VIP,65,5,0,0,1,2,5,1,vip,16,90,5,5,6,12,Move this guest to a VIP / Head table. Do not seat VIP at General or Friends.
Neighbours,57,1,0,0,0,2,1,0,general,1,95,1,2,8,10,Seat at a General table. Add chairs if the table is already at max_seats.
Groom's Family,15,4,0,0,0,1,4,0,groom-family,1,95,3,4,8,12,Seat with Groom's Family. Keep children at the same table as their family.
Relatives,42,3,0,0,0,2,4,0,groom-family,1,95,3,4,8,12,Seat with Groom's Family. Keep children at the same table as their family.
VIP,36,5,1,0,0,2,5,0,vip,16,90,5,5,6,12,Move this guest to a VIP / Head table. Do not seat VIP at General or Friends.
Bride's Family,35,4,0,0,0,0,4,0,bride-family,1,95,3,4,8,12,Seat with Bride's Family. Keep children at the same table as their family.
Neighbours,21,1,0,0,1,2,1,0,general,1,95,1,2,8,10,Seat at a General table. Add chairs if the table is already at max_seats.
Bride's Family,12,4,0,0,0,0,4,0,bride-family,1,95,3,4,8,12,Seat with Bride's Family. Keep children at the same table as their family.
Bride's Friends,31,2,0,0,0,0,3,0,friends,16,80,2,2,8,10,"Seat at a Friends table. If that suite is full, use General — not VIP / Head."
VIP,56,5,0,0,0,2,5,0,vip,16,90,5,5,6,12,Move this guest to a VIP / Head table. Do not seat VIP at General or Friends.
VIP,49,5,0,0,0,2,5,0,vip,16,90,5,5,6,12,Move this guest to a VIP / Head table. Do not seat VIP at General or Friends.
Groom's Colleagues,41,2,0,0,0,1,2,0,friends,16,80,2,2,8,10,"Seat at a Friends table. If that suite is full, use General — not VIP / Head."
Relatives,56,3,0,0,0,2,4,0,bride-family,1,95,3,4,8,12,Seat with Bride's Family. Keep children at the same table as their family.
Bride's Colleagues,35,2,0,0,0,0,2,0,friends,16,80,2,2,8,10,"Seat at a Friends table. If that suite is full, use General — not VIP / Head."
Groom's Family,24,4,0,0,0,1,4,0,groom-family,1,95,3,4,8,12,Seat with Groom's Family. Keep children at the same table as their family.
Relatives,42,3,0,0,1,2,4,0,groom-family,1,95,3,4,8,12,Seat with Groom's Family. Keep children at the same table as their family.
Groom's Friends,35,2,0,0,0,1,3,0,friends,16,80,2,2,8,10,"Seat at a Friends table. If that suite is full, use General — not VIP / Head."
Groom's Friends,27,2,0,0,0,1,3,0,friends,16,80,2,2,8,10,"Seat at a Friends table. If that suite is full, use General — not VIP / Head."
Neighbours,73,1,0,0,1,2,1,0,general,1,95,1,2,8,10,Seat at a General table. Add chairs if the table is already at max_seats.
VIP,44,5,0,0,0,2,5,0,vip,16,90,5,5,6,12,Move this guest to a VIP / Head table. Do not seat VIP at General or Friends.
Relatives,53,3,0,0,0,2,4,0,bride-family,1,95,3,4,8,12,Seat with Bride's Family. Keep children at the same table as their family.
Groom's Family,23,4,0,0,0,1,4,0,groom-family,1,95,3,4,8,12,Seat with Groom's Family. Keep children at the same table as their family.
Groom's Family,38,4,0,0,0,1,4,0,groom-family,1,95,3,4,8,12,Seat with Groom's Family. Keep children at the same table as their family.
Neighbours,52,1,0,0,0,2,1,0,general,1,95,1,2,8,10,Seat at a General table. Add chairs if the table is already at max_seats.
Groom's Family,35,4,0,0,0,1,4,0,groom-family,1,95,3,4,8,12,Seat with Groom's Family. Keep children at the same table as their family.
Neighbours,49,1,0,0,0,2,1,0,general,1,95,1,2,8,10,Seat at a General table. Add chairs if the table is already at max_seats.
VIP,35,5,0,0,0,2,5,0,vip,16,90,5,5,6,12,Move this guest to a VIP / Head table. Do not seat VIP at General or Friends.
Other,53,1,0,0,0,2,1,0,general,1,95,1,2,8,10,Seat at a General table. Add chairs if the table is already at max_seats.
Neighbours,35,1,0,0,0,2,1,0,general,1,95,1,2,8,10,Seat at a General table. Add chairs if the table is already at max_seats.
Bride's Family,56,4,0,0,1,0,4,0,bride-family,1,95,3,4,8,12,Seat with Bride's Family. Keep children at the same table as their family.
Other,35,1,0,0,0,2,1,0,general,1,95,1,2,8,10,Seat at a General table. Add chairs if the table is already at max_seats.
Groom's Family,54,4,0,0,0,1,4,0,groom-family,1,95,3,4,8,12,Seat with Groom's Family. Keep children at the same table as their family.
Other,28,1,0,0,0,2,1,0,general,1,95,1,2,8,10,Seat at a General table. Add chairs if the table is already at max_seats.
Other,32,1,0,0,0,2,1,0,general,1,95,1,2,8,10,Seat at a General table. Add chairs if the table is already at max_seats.
Relatives,35,3,0,0,1,2,4,0,bride-family,1,95,3,4,8,12,Seat with Bride's Family. Keep children at the same table as their family.
Bride's Colleagues,44,2,0,0,0,0,2,0,friends,16,80,2,2,8,10,"Seat at a Friends table. If that suite is full, use General — not VIP / Head."
Relatives,11,3,0,0,1,2,4,0,groom-family,1,95,3,4,8,12,Seat with Groom's Family. Keep children at the same table as their family.
Bride's Friends,35,2,1,0,0,0,3,0,friends,16,80,2,2,8,10,"Seat at a Friends table. If that suite is full, use General — not VIP / Head."
Bride's Family,30,4,0,0,0,0,4,0,bride-family,1,95,3,4,8,12,Seat with Bride's Family. Keep children at the same table as their family.
VIP,44,5,0,0,1,2,5,0,vip,16,90,5,5,6,12,Move this guest to a VIP / Head table. Do not seat VIP at General or Friends.
Bride's Colleagues,35,2,0,0,0,0,2,0,friends,16,80,2,2,8,10,"Seat at a Friends table. If that suite is full, use General — not VIP / Head."
Bride's Family,11,4,0,1,0,0,4,0,bride-family,1,95,3,4,8,12,Seat with Bride's Family. Keep children at the same table as their family.
Other,26,1,0,0,0,2,1,0,general,1,95,1,2,8,10,Seat at a General table. Add chairs if the table is already at max_seats.
Relatives,50,3,0,0,1,2,4,0,groom-family,1,95,3,4,8,12,Seat with Groom's Family. Keep children at the same table as their family.
VIP,51,5,0,0,0,2,5,0,vip,16,90,5,5,6,12,Move this guest to a VIP / Head table. Do not seat VIP at General or Friends.
Bride's Family,38,4,0,0,1,0,4,0,bride-family,1,95,3,4,8,12,Seat with Bride's Family. Keep children at the same table as their family.
Neighbours,30,1,0,0,0,2,1,0,general,1,95,1,2,8,10,Seat at a General table. Add chairs if the table is already at max_seats.
VIP,54,5,0,0,0,2,5,0,vip,16,90,5,5,6,12,Move this guest to a VIP / Head table. Do not seat VIP at General or Friends.
VIP,18,5,0,0,0,2,5,0,vip,16,90,5,5,6,12,Move this guest to a VIP / Head table. Do not seat VIP at General or Friends.
Groom's Family,15,4,0,0,1,1,4,0,groom-family,1,95,3,4,8,12,Seat with Groom's Family. Keep children at the same table as their family.
Other,41,1,0,0,0,2,1,0,general,1,95,1,2,8,10,Seat at a General table. Add chairs if the table is already at max_seats.
Bride's Family,49,4,0,0,0,0,4,1,bride-family,1,95,3,4,8,12,Seat with Bride's Family. Keep children at the same table as their family.
Groom's Family,20,4,0,0,0,1,4,0,groom-family,1,95,3,4,8,12,Seat with Groom's Family. Keep children at the same table as their family.
Neighbours,35,1,0,0,0,2,1,0,general,1,95,1,2,8,10,Seat at a General table. Add chairs if the table is already at max_seats.
Bride's Friends,24,2,0,0,0,0,3,0,friends,16,80,2,2,8,10,"Seat at a Friends table. If that suite is full, use General — not VIP / Head."
Neighbours,35,1,1,0,0,2,1,0,general,1,95,1,2,8,10,Seat at a General table. Add chairs if the table is already at max_seats.
Bride's Family,34,4,0,0,0,0,4,0,bride-family,1,95,3,4,8,12,Seat with Bride's Family. Keep children at the same table as their family.
Bride's Colleagues,29,2,0,0,0,0,2,0,friends,16,80,2,2,8,10,"Seat at a Friends table. If that suite is full, use General — not VIP / Head."
VIP,60,5,0,0,0,2,5,0,vip,16,90,5,5,6,12,Move this guest to a VIP / Head table. Do not seat VIP at General or Friends.
Neighbours,52,1,0,0,0,2,1,0,general,1,95,1,2,8,10,Seat at a General table. Add chairs if the table is already at max_seats.
Relatives,77,3,0,0,0,2,4,0,groom-family,1,95,3,4,8,12,Seat with Groom's Family. Keep children at the same table as their family.
VIP,28,5,0,0,0,2,5,1,vip,16,90,5,5,6,12,Move this guest to a VIP / Head table. Do not seat VIP at General or Friends.
Groom's Family,54,4,0,0,1,1,4,0,groom-family,1,95,3,4,8,12,Seat with Groom's Family. Keep children at the same table as their family.
VIP,56,5,0,0,0,2,5,0,vip,16,90,5,5,6,12,Move this guest to a VIP / Head table. Do not seat VIP at General or Friends.
Other,58,1,0,0,0,2,1,0,general,1,95,1,2,8,10,Seat at a General table. Add chairs if the table is already at max_seats.
Bride's Friends,35,2,0,0,1,0,3,0,friends,16,80,2,2,8,10,"Seat at a Friends table. If that suite is full, use General — not VIP / Head."
Groom's Family,52,4,0,0,0,1,4,0,groom-family,1,95,3,4,8,12,Seat with Groom's Family. Keep children at the same table as their family.
Relatives,55,3,0,0,1,2,4,0,groom-family,1,95,3,4,8,12,Seat with Groom's Family. Keep children at the same table as their family.
Relatives,44,3,0,0,0,2,4,0,groom-family,1,95,3,4,8,12,Seat with Groom's Family. Keep children at the same table as their family.
Relatives,35,3,0,0,0,2,4,0,bride-family,1,95,3,4,8,12,Seat with Bride's Family. Keep children at the same table as their family.
